Aaron Neville,Please Come Home for Christmas,Aaron Neville's Soulful Christmas,Holiday,2:53
Aaron Neville,Tell It Like It Is,Good Vibrations 2 Disc One,Blues,2:40
Aaron Neville,Our Father Who Art In Heaven,Live at 2009 New Orleans Jazz & Heritage Festival,R&B/Soul,2:00
Aaron Neville,I Saw The Light,Live at 2009 New Orleans Jazz & Heritage Festival,R&B/Soul,6:06
Aaron Neville,When The Saints Go Marching In,Live at 2009 New Orleans Jazz & Heritage Festival,R&B/Soul,6:37
Aaron Neville,Everybody Plays the Fool,Warm Your Heart,Rock,4:26
ABBA,I've Been Waiting for You,ABBA (Bonus Track Version),Pop,3:41
ABBA,Dancing Queen,ABBA Gold: Greatest Hits,Pop,3:52
ABBA,"Knowing Me, Knowing You",ABBA Gold: Greatest Hits,Pop,4:02
ABBA,Take a Chance On Me,ABBA Gold: Greatest Hits,Pop,4:05
ABBA,Mamma Mia,ABBA Gold: Greatest Hits,Pop,3:32
ABBA,Fernando,ABBA Gold: Greatest Hits,Pop,4:13
ABBA,"Andante, Andante",ABBA Gold: Greatest Hits (40th Anniversary Edition),Pop,4:40
ABBA,He Is Your Brother,The Essential Collection,Pop,3:19
Abe Lyman & His Californians,If You Knew Susie,"Popular Hits 1922-1929 (Jazz Age Chronicles, Vol. 13)",Jazz,3:05
AC/DC,You Shook Me All Night Long,Back In Black,Hard Rock,3:30
AC/DC,For Those About to Rock (We Salute You),For Those About to Rock (We Salute You),Hard Rock,5:44
AC/DC,Highway to Hell,Highway to Hell,Hard Rock,3:28
"Academy of St Martin in the Fields, Jack Brymer & Sir Neville Marriner",Mozart: Concerto for Clarinet and Orchestra in a (K. 622),Out of Africa ((Soundtrack from the Motion Picture)),Soundtrack,2:50
Acappella,He Leadeth Me,He Leadeth Me,Christian,3:54
Acker Bilk,Stranger On the Shore,Forever Classics,Easy Listening,3:09
Adele,Rolling in the Deep,21,Pop,3:48
Adele,Set Fire to the Rain,21,Pop,4:03
Adele,Hello,25,Pop,4:56
Adele,When We Were Young,25,Pop,4:51
Aerosmith,Rag Doll,Big Ones,Hard Rock,4:25
Aerosmith,Dude (Looks Like a Lady),Big Ones,Rock,4:25
Aerosmith,Dream On,The Essential Aerosmith,Hard Rock,4:25
Aerosmith,Same Old Song and Dance,The Essential Aerosmith,Hard Rock,3:53
Aerosmith,Walk This Way,The Essential Aerosmith,Hard Rock,3:40
Aerosmith,Sweet Emotion,The Essential Aerosmith,Hard Rock,4:34
Aerosmith,Back in the Saddle,The Essential Aerosmith,Hard Rock,4:40
Aerosmith,Pink,Nine Lives,Hard Rock,3:55
Aerosmith,Toys in the Attic,Toys in the Attic,Hard Rock,3:07
Agustín Lara,Mujer,Mujer,Baladas y Boleros,3:05
Agustín Lara,Veracruz,The Originals: Agustín Lara Sings His Songs,Baladas y Boleros,2:51
Ahmad Jamal Trio,"But Not For Me (Live at The Pershing, Chicago, 1958)",Ahmad Jamal At The Pershing: But Not for Me,Jazz,3:33
Ahmad Jamal Trio,"Moonlight In Vermont (Live at The Pershing, Chicago, 1958)",Ahmad Jamal At The Pershing: But Not for Me,Jazz,3:10
Ahmad Jamal Trio,Dolphin Dance,The Awakening,Jazz,5:09
Air Supply,Lonely Is the Night,Platinum & Gold Collection: Air Supply,Pop,4:08
Air Supply,Lost in Love,Ultimate Air Supply,Pop,3:51
Air Supply,All out of Love,Ultimate Air Supply,Pop,4:01
Air Supply,Every Woman in the World,Ultimate Air Supply,Pop,3:28
Air Supply,Here I Am (Just When I Thought I Was over You),Ultimate Air Supply,Pop,3:46
Air Supply,Even the Nights Are Better,Ultimate Air Supply,Pop,3:55
Air Supply,Making Love out of Nothing at All,Ultimate Air Supply,Pop,5:40
Al Bowlly,I Love You Truly,The Al Bowlly Story,Pop,2:48
Al Bowlly,The Very Thought of You,25 Classic Songs,Vocal,3:29
Al Green,The Lord Will Make a Way,The Best of the Gospel Sessions,Christian,2:56
Al Green,Jingle Bells,Feels Like Christmas,Holiday,1:58
Al Green,Silent Night,Feels Like Christmas,Holiday,3:19
Al Green,Tired of Being Alone,Greatest Hits,R&B/Soul,2:43
Al Green,Love and Happiness,Greatest Hits,R&B/Soul,5:04
Al Green,Let's Stay Together,Greatest Hits,R&B/Soul,3:18
Al Green,Precious Lord,Precious Lord,Gospel,3:13
Al Green,What a Friend We Have In Jesus,Precious Lord,Gospel,4:16
Al Green,The Old Rugged Cross,Precious Lord,Gospel,3:28
Al Hirt,Java,Al Hirt: All Time Greatest Hits,Jazz,1:56
Al Hirt,Cotton Candy,Al Hirt: All Time Greatest Hits,Jazz,2:14
Al Jarreau,Mornin',Jarreau,Jazz,4:18
Al Jarreau,Moonlighting (Theme),The Very Best of Al Jarreau: An Excellent Adventure,Jazz,3:04
Al Jarreau,We're In This Love Together,The Very Best of Al Jarreau: An Excellent Adventure,Jazz,3:47
Al Martino,Daddy's Little Girl (Remastered 91),Capitol Collectors Series,Spoken Word,2:33
Al Martino,Spanish Eyes,Vocal Masters: Spanish Eyes - EP,Vocal,4:03
Al Stewart,Year of the Cat,Year of the Cat,Pop,6:43
Alabama,Because He Lives,Angels Among Us: Hymns & Gospel Favorites,Country,5:36
Alabama,"Dancin', Shaggin' On the Boulevard",Dancin' On The Boulevard,Country,4:44
Alabama,Angels Among Us,Livin' Lovin' Rockin' Rollin': The 25th Anniversary Collection,Christmas: Country,4:08
Alabama,Born Country,Ultimate Alabama: 20 #1 Hits,Country,3:18
Alabama,Feels So Right,Ultimate Alabama: 20 #1 Hits,Country,3:38
Alabama,Mountain Music,Ultimate Alabama: 20 #1 Hits,Country,3:39
Alabama,Song of the South,Ultimate Alabama: 20 #1 Hits,Country,3:11
Alabama,Tennessee River,Ultimate Alabama: 20 #1 Hits,Country,3:03
Alan Jackson,Chattahoochee,Alan Jackson: 16 Biggest Hits,Country,3:57
Alan Jackson,Gone Country,Alan Jackson: The Greatest Hits Collection,Country,4:20
Alan Jackson,Livin' On Love,Alan Jackson: The Greatest Hits Collection,Country,3:48
Alan Jackson,Mercury Blues,Alan Jackson: The Greatest Hits Collection,Country,3:39
Alan Jackson,It's Five O'Clock Somewhere (with Jimmy Buffett),"Greatest Hits, Vol. 2",Country,3:50
Alan Jackson,Remember When,"Greatest Hits, Vol. 2",Country,4:31
Alan Jackson,Here In the Real World,Here In the Real World,Country,3:37
Alan Jackson,Away In a Manger,Let It Be Christmas,Holiday,2:48
Alan Jackson,Blessed Assurance,Precious Memories,Country,1:56
Alan Jackson,I Love To Tell the Story,Precious Memories,Country,2:53
Alan Jackson,When We All Get To Heaven,Precious Memories,Country,1:44
Alan Jackson,'Tis So Sweet To Trust In Jesus,Precious Memories,Country,1:53
Alan Jackson,In the Garden,Precious Memories,Country,2:55
Alan Jackson,What a Friend We Have In Jesus,Precious Memories,Country,2:16
Alan Jackson,Leaning On the Everlasting Arms,Precious Memories,Country,1:34
Alan Jackson,The Old Rugged Cross,Precious Memories,Country,3:06
Alan Jackson,Amazing Grace,Precious Memories Collection,Country Gospel,4:04
Alan Jackson,He Lives,Precious Memories Collection,Country Gospel,3:02
Alan Jackson,Just As I Am,Precious Memories Collection,Country Gospel,4:17
Alan Jackson,Love Lifted Me,Precious Memories Collection,Country Gospel,2:39
Alan Jackson,O How I Love Jesus,Precious Memories Collection,Country Gospel,2:24
Alan Jackson,Only Trust Him,Precious Memories Collection,Country Gospel,2:41
Alan Jackson,There Is Power In the Blood,Precious Memories Collection,Country Gospel,2:39
Alan Jackson,Precious Memories,Precious Memories Collection,Country Gospel,4:22
Alan Jackson,Sweet Hour of Prayer,Precious Memories Collection,Country Gospel,3:17
Alan Jackson,When the Roll Is Called Up Yonder,Precious Memories Collection,Country Gospel,2:21
Alan Jackson,Wherever He Leads I'll Go,Precious Memories Collection,Country Gospel,4:07
Alan Jackson,It's All About Him,Precious Memories Collection,Country Gospel,5:19
Alan Jackson,That's the Way,Precious Memories Collection,Country Gospel,3:59
Alan Jackson,Blessed Assurance,Precious Memories Collection,Country Gospel,1:56
Alan Jackson,Softly and Tenderly,Precious Memories Collection,Country Gospel,3:18
Alan Jackson,I Love to Tell the Story,Precious Memories Collection,Country Gospel,2:53
Alan Jackson,When We All Get to Heaven,Precious Memories Collection,Country Gospel,1:44
Alan Jackson,'Tis So Sweet to Trust In Jesus,Precious Memories Collection,Country Gospel,1:53
Alan Jackson,In the Garden,Precious Memories Collection,Country Gospel,2:55
Alan Jackson,Are You Washed In the Blood,Precious Memories Collection,Country Gospel,1:16
Alan Jackson,I'll Fly Away,Precious Memories Collection,Country Gospel,2:13
Alan Jackson,What a Friend We Have In Jesus,Precious Memories Collection,Country Gospel,2:16
Alan Jackson,Standing On the Promises,Precious Memories Collection,Country Gospel,1:35
Alan Jackson,Turn Your Eyes Upon Jesus,Precious Memories Collection,Country Gospel,3:48
Alan Jackson,Leaning On the Everlasting Arms,Precious Memories Collection,Country Gospel,1:34
Alan Jackson,The Old Rugged Cross,Precious Memories Collection,Country Gospel,3:06
Alan Jackson,How Great Thou Art,Precious Memories Collection,Country Gospel,3:33
Alan Jackson,I Want to Stroll Over Heaven with You,Precious Memories Collection,Country Gospel,3:07
Alan Jackson,Margaritaville (feat. Jimmy Buffett),Under the Influence,Country,4:15
Alan Price,Jarrow Song,Between Today and Yesterday,Blues,5:45
"Alastair Ross, The Choir of King's College, Cambridge, Deborah Norman, Sir Stephen Cleobury, Academy of Ancient Music, Sarah Fox & Michael Chance","Gloria in D Major, RV 589: I. Gloria in excelsis Deo","Vivaldi: Gloria, RV 589 - Dixit Dominus, RV 594 & Magnificat, RV 610",Classical,2:27
Albertina Walker,Lord Keep Me Day By Day,Best of Albertina Walker,Christian,3:58
Albertina Walker,I Can Go to God In Prayer,Best of Albertina Walker,Christian,4:35
Albertina Walker,I'm Still Here,Best of Albertina Walker,Christian,4:39
Albertina Walker,I Wish I Knew How It Feels to be Free,Golden Gospel Classics,Christian,3:34
Albertina Walker,If I Perish,My Time Is Not Over,Christian,3:22
Albertina Walker,Please Be Patient With Me (Live),"Please Be Patient With Me (Recorded ""Live"" in Chicago, Ill.)",Christian,9:10
Albertina Walker,I've Got a Feeling (Live),"Please Be Patient With Me (Recorded ""Live"" in Chicago, Ill.)",Christian,5:00
Albertina Walker & The Caravans,I Know Who Holds Tomorrow,Freedom,Christian,4:43
Albertina Walker & The Caravans,Angels Watching Over Me/Old Time Religion,The Gospel Tradition - Classic Field Recordings,Gospel,9:21
Alberto Beltrán & La Sonora Matancera,El Negrito del Batey,"Live, Vol. 3",Música tropical,3:39
"Alessandro Pitrelli, Bonifacio Bianchi, Claudio Scimone & I Solisti Veneti","Concerto in G Major for 2 Mandolins, RV 532: I. Allegro",40 Most Beautiful Orchestral Classics,Classical,4:29
Alex Bradford,Too Close to Heaven,The World Of... Gospel,Christian,3:04
Alexander Lazarev & The Bolshoi Symphony Orchestra,"Vocalise, Op. 34",40 Most Beautiful Orchestral Classics,Classical,6:34
Alexander Lazarev & The Bolshoi Symphony Orchestra,Swan Lake: Act II - Scene [Swan Theme Excerpt],40 Most Beautiful Orchestral Classics,Classical,2:57
Alexander Lazarev & The Bolshoi Symphony Orchestra,"The Nutcracker Suite, Op. 71a : VIII. Flower Waltz",40 Most Beautiful Orchestral Classics,Classical,7:01
Alexander Lazarev & The Bolshoi Symphony Orchestra,"The Nutcracker, Op. 71: Act I - March",40 Most Beautiful Orchestral Classics,Classical,2:51
"Alexander Lazarev, Boris Shlepakov, Sergei Girshenko, The Bolshoi Symphony Orchestra & Vladimir Ferapontov",Spartacus Suite No. 2: I. Adagio of Spartacus & Phrygia,40 Most Beautiful Orchestral Classics,Classical,2:44
Alexander Rudin,"Cello Suite No. 1 in G Major, BWV 1007: I. Prélude",50 of the Best: J.S. Bach,Classical,2:37
Alexander Rudin,"Cello Suite No. 1 in G Major, BWV 1007: VII. Gigue",50 of the Best: J.S. Bach,Classical,1:40
"Alexander Schreiner, Richard P. Condie, Frank Asper & The Tabernacle Choir at Temple Square",A Mighty Fortress Is Our God,Rock of Ages: 30 Favorite Hymns,Christian,1:45
"Alexander Schreiner, Richard P. Condie, Frank Asper & The Tabernacle Choir at Temple Square","O God, Our Help In Ages Past",Rock of Ages: 30 Favorite Hymns,Christian,2:00
"Alexander Schreiner, Richard P. Condie, Frank Asper & The Tabernacle Choir at Temple Square",All Creatures of Our God and King,Rock of Ages: 30 Favorite Hymns,Christian,2:22
"Alexander Schreiner, Richard P. Condie, The Tabernacle Choir at Temple Square & The Philadelphia Brass Ensemble & Percussion",Abide With Me,Rock of Ages: 30 Favorite Hymns,Christian,3:53
"Alexander Schreiner, Richard P. Condie, The Tabernacle Choir at Temple Square & The Philadelphia Brass Ensemble & Percussion",I Need Thee Every Hour,Rock of Ages: 30 Favorite Hymns,Christian,5:12
"Alexander Schreiner, Richard P. Condie, The Tabernacle Choir at Temple Square & The Philadelphia Brass Ensemble & Percussion","Nearer, My God, to Thee",Rock of Ages: 30 Favorite Hymns,Christian,3:07
"Alexander Schreiner, Richard P. Condie, The Tabernacle Choir at Temple Square & The Philadelphia Brass Ensemble & Percussion",Rock of Ages,Rock of Ages: 30 Favorite Hymns,Christian,3:35
"Alexei Sultanov, London Symphony Orchestra & Maxim Shostakovich","Piano Concerto No. 2 in C Minor, Op. 18: II Adagio sostenuto [Excerpt]",40 Most Beautiful Orchestral Classics,Classical,6:40
"Alexei Sultanov, London Symphony Orchestra & Maxim Shostakovich",Piano Concerto No.1 in B-Flat Minor Op. 23: II Andantino semplice,40 Most Beautiful Orchestral Classics,Classical,6:34
Alicia Bridges,I Love the Nightlife (Disco 'Round),I Love the Nightlife,Pop,3:08
Alicia Keys,Brand New Me,Girl On Fire,R&B/Soul,3:54
Alicia Morton,Maybe (Annie),Annie (Original Soundtrack),Soundtrack,2:48
Alison Krauss,Down to the River to Pray,"O Brother, Where Art Thou? (Music From the Motion Picture) [Deluxe Edition]",Country,2:57
Alison Krauss & The Cox Family,I'd Rather Have Jesus,I Know Who Holds Tomorrow,Country,3:17
Alison Krauss & Union Station,Find My Way Back to My Heart,So Long So Wrong,Country,3:34
Alison Krauss & Union Station,When You Say Nothing At All,A Tribute Album,Country,4:21
Alison Krauss & Yo-Yo Ma,Simple Gifts,Classic Yo-Yo,Classical,2:34
All Star Sports Music Crew,Take Me Out to the Ball Game (Vocal Version),Baseball's Greatest Hits: Take Me Out to the Ball Game & Other Sports Classics,Pop,1:22
The Allman Brothers Band,Ramblin' Man,A Decade of Hits 1969-1979,Rock,4:50
The Allman Brothers Band,Midnight Rider,A Decade of Hits 1969-1979,Rock,3:00
The Allman Brothers Band,Melissa,A Decade of Hits 1969-1979,Rock,3:57
The Allman Brothers Band,Whipping Post,A Decade of Hits 1969-1979,Rock,5:20
The Allman Brothers Band,Jessica,Gold: The Allman Brothers Band,Rock,7:29
The Allman Brothers Band,Blue Sky (Live),Play All Night: Live at the Beacon Theatre 1992,Southern Rock,7:34
Alma Cogan,Dreamboat,The Best of the EMI Years,Pop,1:47
America,A Horse With No Name,America,Rock,4:12
America,Ventura Highway,America's Greatest Hits: History,Rock,3:32
America,Sister Golden Hair,America's Greatest Hits: History,Rock,3:17
Amy Grant,"Baby, Baby",Greatest Hits,Christian,3:57
Amy Grant,That's What Love Is For,Greatest Hits,Christian,4:16
Amy Grant,Thy Word,Greatest Hits,Christian,3:18
Amy Grant,El-Shaddai,Greatest Hits,Christian,4:07
Amy Grant,Every Heartbeat,Heart in Motion,Christian,3:34
Amy Grant,Joy to the World / For Unto Us a Child Is Born,Home for Christmas,Holiday,2:33
Amy Grant,The Night Before Christmas,Home for Christmas,Holiday,3:53
Amy Grant,Medley: It Is Well With My Soul / The River's Gonna Keep On Rolling,Legacy... Hymns & Faith,Christian,4:55
Andraé Crouch,My Tribute,The Definitive Greatest Hits,Christian,3:39
Andraé Crouch,Soon and Very Soon,The Definitive Greatest Hits,Christian,3:42
Andraé Crouch,Take Me Back,The Definitive Greatest Hits,Christian,4:17
Andraé Crouch,Bless His Holy Name,The Definitive Greatest Hits,Christian,3:04
Andraé Crouch,My Tribute (To God Be the Glory),House of Gospel Anthology - The 70's,Christian,3:36
Andraé Crouch,Let the Church Say Amen,The Journey,Christian,7:48
Andraé Crouch,The Blood Will Never Lose Its Power,New Beginnings Gospel Series: Andrae Crouch,Christian,2:46
Andraé Crouch,Through It All,Soon and Very Soon,Christian,3:26
Andraé Crouch & The Disciples,I Surrender All (Live),Classic Gold: Live In London,Christian,4:20
"Andraé Crouch, Bernie K., Clifton Davis, Commissioned, Daryl Coley, Patti Austin, Sandra Crouch & Vanessa Bell Armstrong",Hallelujah,Handel's Messiah: A Soulful Celebration,Holiday,5:54
André Rieu,"You'll Never Walk Alone (feat. Mirusia Louwerse, Carla Maffioletti, Carmen Monarcha & the Platin Tenors)",My Music - My World - The Very Best Of,Pop,5:04
André Toussaint,Yellow Bird,Calypso Legends Vol. 1,Calypso,3:11
Andrea Bocelli,Senza fine,Andrea Bocelli: The Complete Pop Albums,Pop,3:17
Andrea Bocelli,Ama Credi E Vai,Andrea Bocelli: The Complete Pop Albums,Pop,4:39
Andrea Bocelli,Bésame Mucho,The Best of Andrea Bocelli: Vivere,Classical Crossover,4:04
Andrea Bocelli,Because We Believe,The Best of Andrea Bocelli: Vivere,Classical Crossover,4:40
Andrea Bocelli,Con Te Partiro,Bocelli,Pop,4:10
Andrea Bocelli,"The Music of the Night (From ""The Phantom of the Opera"")",Cinema,Classical Crossover,3:57
Andrea Bocelli,Per amore,Romanza,Pop,4:42
Andrea Bocelli,Caruso,Romanza,Pop,5:17
Andrea Bocelli,The Prayer (feat. Céline Dion),Sogno,Pop,4:27
Andrea Bocelli & Chris Botti,When I Fall In Love,Passione (Deluxe Edition),Pop,4:41
"Andrea Bocelli, Alan Gilbert & New York Philharmonic","Ave Maria, D. 839 (Live at Central Park, New York - 2011)",Concerto: One Night in Central Park,Classical,4:45
"Andrea Bocelli, Alan Gilbert & New York Philharmonic","Amazing Grace (Live at Central Park, New York - 2011)",Concerto: One Night in Central Park,Classical,4:20
Andrea McArdle,Tomorrow,Annie (Original Broadway Cast Recording),Soundtrack,2:06
"Andrea McArdle & The Orphans from the Original Motion Picture Soundtrack of ""Annie""",It's the Hard-Knock Life,Annie (Original Broadway Cast Recording),Soundtrack,2:20
Andrés Segovia,Bouree,The Art of Guitar,Classical,1:28
Andrés Segovia,Courante,The Art of Guitar,Classical,2:40
"Andrew Lloyd Webber & ""Cats"" 1983 Broadway Cast",The Overture,Cats (Original Broadway Cast Recording),Musicals,2:50
"Andrew Lloyd Webber & ""Cats"" 1983 Broadway Cast",Prologue: Jellicle Songs For Jellicle Cats,Cats (Original Broadway Cast Recording),Musicals,5:17
"Andrew Lloyd Webber & ""Cats"" 1983 Broadway Cast",The Naming of Cats,Cats (Original Broadway Cast Recording),Musicals,3:02
"Andrew Lloyd Webber & ""Cats"" 1983 Broadway Cast",The Invitation To the Jellicle Ball,Cats (Original Broadway Cast Recording),Musicals,2:10
"Andrew Lloyd Webber & ""Cats"" 1983 Broadway Cast",The Old Gumbie Cat,Cats (Original Broadway Cast Recording),Musicals,3:49
"Andrew Lloyd Webber & ""Cats"" 1983 Broadway Cast",The Rum Tum Tugger,Cats (Original Broadway Cast Recording),Musicals,3:42
"Andrew Lloyd Webber & ""Cats"" 1983 Broadway Cast","Grizabella, The Glamour Cat",Cats (Original Broadway Cast Recording),Musicals,3:06
"Andrew Lloyd Webber & ""Cats"" 1983 Broadway Cast",Bustopher Jones,Cats (Original Broadway Cast Recording),Musicals,3:08
"Andrew Lloyd Webber & ""Cats"" 1983 Broadway Cast",Mungojerrie and Rumpelteazer,Cats (Original Broadway Cast Recording),Musicals,4:28
"Andrew Lloyd Webber & ""Cats"" 1983 Broadway Cast",Old Deuteronomy,Cats (Original Broadway Cast Recording),Musicals,4:03
"Andrew Lloyd Webber & ""Cats"" 1983 Broadway Cast",The Jellicle Ball,Cats (Original Broadway Cast Recording),Musicals,9:34
"Andrew Lloyd Webber & ""Cats"" 1983 Broadway Cast","Grizabella, The Glamour Cat / Memory (Medley)",Cats (Original Broadway Cast Recording),Musicals,4:22
"Andrew Lloyd Webber & ""Cats"" 1983 Broadway Cast",The Moments of Happiness,Cats (Original Broadway Cast Recording),Musicals,3:12
"Andrew Lloyd Webber & ""Cats"" 1983 Broadway Cast",Gus: The Theatre Cat,Cats (Original Broadway Cast Recording),Musicals,6:32
"Andrew Lloyd Webber & ""Cats"" 1983 Broadway Cast",Growltiger's Last Stand Including the Ballad of Billy McCaw,Cats (Original Broadway Cast Recording),Musicals,11:41
"Andrew Lloyd Webber & ""Cats"" 1983 Broadway Cast",Skimbleshanks: The Railway Cat,Cats (Original Broadway Cast Recording),Musicals,4:52
"Andrew Lloyd Webber & ""Cats"" 1983 Broadway Cast",Macavity: The Mystery Cat,Cats (Original Broadway Cast Recording),Musicals,8:23
"Andrew Lloyd Webber & ""Cats"" 1983 Broadway Cast",Mr. Mistoffelees,Cats (Original Broadway Cast Recording),Musicals,4:25
"Andrew Lloyd Webber & ""Cats"" 1983 Broadway Cast",Memory,Cats (Original Broadway Cast Recording),Musicals,5:21
"Andrew Lloyd Webber & ""Cats"" 1983 Broadway Cast",The Journey To the Heaviside Layer,Cats (Original Broadway Cast Recording),Musicals,2:44
"Andrew Lloyd Webber & ""Cats"" 1983 Broadway Cast",The Ad-Dressing of Cats,Cats (Original Broadway Cast Recording),Musicals,4:22
Andrew Lloyd Webber & Original Evita Cast,Don't Cry For Me Argentina,Evita,Musicals,5:51
"Andrew Lloyd Webber, ‘Jesus Christ Superstar’ 1996 London Cast & Zubin Varla",Superstar,Jesus Christ Superstar (Remastered 2005),Musicals,3:58
The Andrews Sisters,Rum & Coca-Cola,Capitol Collectors Series: The Andrews Sisters,Vocal,3:04
The Andrews Sisters,Straighten Up & Fly Right,The Great American Songbook,Pop,2:26
The Andrews Sisters,Alexander's Ragtime Band,Their Greatest Hits and Finest Performances,Pop,3:00
The Andrews Sisters,Oh! Johnny Oh!,Timeless Songs from WWI Years 1914-1918 Volume 2,Opera,2:48
The Andrews Sisters,(I'll Be With You In) Apple Blossom Time,The Ultimate Andrews Sisters,Pop,2:59
The Andrews Sisters,Boogie Woogie Bugle Boy,50th Anniversary Collection,Vocal,2:47
The Andrews Sisters,Beer Barrel Polka (Roll Out the Barrel) [1939 Single],50th Anniversary Collection,Vocal,2:54
The Andrews Sisters,Don't Sit Under the Apple Tree (With Anyone Else But Me) [1942 Single],50th Anniversary Collection,Pop,2:59
Andy Grammer,Wish You Pain,Naive,Pop,3:48
Andy Grammer,"Don't Give Up On Me (From ""Five Feet Apart"")",Naive,Pop,3:16
Andy Griffith,The Old Rugged Cross / Near the Cross,I Love to Tell the Story,Christian,3:35
Andy Griffith,Sweet Hour of Prayer / What a Friend We Have in ....,I Love to Tell the Story,Christian,4:27
Andy Griffith,How Great Thou Art,I Love to Tell the Story,Christian,4:42
Andy Griffith,I Love to Tell the Story,I Love to Tell the Story,Christian,2:54
Andy Griffith,Softly and Tenderly / I Surrender All / Pass Me Not,I Love to Tell the Story,Christian,5:21
Andy Griffith,The Crawdad Song,"What It Is, Is Andy Griffith: Andy's Greatest Comedy Monologues & Old-Timey Songs",Pop,2:43
Andy Williams,The First Noël,The Andy Williams Christmas Album,Christmas: Classic,3:09
Andy Williams,Born Free,Andy Williams' Greatest Hits,Vocal Pop,2:24
Andy Williams,Days of Wine and Roses,Andy Williams' Greatest Hits,Vocal Pop,2:45
Andy Williams,Charade,Andy Williams' Greatest Hits,Vocal Pop,2:31
Andy Williams,Can't Get Used to Losing You (Single Version),Andy Williams' Greatest Hits,Vocal Pop,2:22
Andy Williams,O Little Town of Bethlehem,The Classic Christmas Album,Christmas: Classic,2:28
Andy Williams,The More I See You,"Love, Andy",Pop,2:23
Andy Williams,Love Is a Many-Splendored Thing,Moon River & Other Great Movie Themes,Vocal,2:51
Andy Williams,A Summer Place,Moon River & Other Great Movie Themes,Vocal,2:35
Andy Williams,Moon River,Moon River & Other Great Movie Themes,Vocal,2:43
Andy Williams,"The Shadow of Your Smile (Love Theme from ""The Sandpiper"")",The Shadow of Your Smile,Pop,3:02
Andy Williams,The Hawaiian Wedding Song (Ke Kali Nei Au),"To You Sweetheart, Aloha",Vocal,2:28
Andy Williams,Red Roses for a Blue Lady,16 Most Requested Songs: Andy Williams,Vocal Pop,2:25
Andy Williams,The Impossible Dream,16 Most Requested Songs: Andy Williams,Vocal Pop,2:36
Ángel Viloria y Su Conjunto Típico Cibaeño,A lo Oscuro,"Carribean Merengues (1950 - 1960), Vol. 1",Latin,3:00
Ángel Viloria y Su Conjunto Típico Cibaeño,Compadre Pedro Juan,Merengues,Música tropical,2:44
The Animals,House of the Rising Sun,The Animals (Bonus Track),Pop,4:31
The Animals,We Gotta Get Out of This Place (US Single Version),Retrospective,British Invasion,3:14
Anita Baker,Sweet Love,The Best of Anita Baker,R&B/Soul,4:22
Anita Baker,Caught Up In the Rapture (Single Version),The Best of Anita Baker,R&B/Soul,4:09
Anita Baker,You Bring Me Joy,The Best of Anita Baker,R&B/Soul,4:25
Anita Baker,No One In the World,The Best of Anita Baker,R&B/Soul,4:07
"Anita Pashley, Men, Nick Pound & Ron Raines",Dulcinea,Man of la Mancha (Original 2000 London Cast) [First Complete Recording],Soundtrack,3:06
"Anna Lee, Portia Nelson, Marni Nixon & Evadne Baker",Morning Hymn / Alleluia,The Sound of Music (Original Motion Picture Soundtrack),Musicals,2:02
Anne Murray,You Needed Me,Anne Murray - The Best...So Far,Country,3:42
Anne Murray,I Just Fall In Love Again,Anne Murray - The Best...So Far,Country,2:50
Anne Murray,Could I Have This Dance,Anne Murray - The Best...So Far,Country,3:16
Anne Murray,Away In a Manger,What a Wonderful Christmas,Holiday,3:01
Annette Funicello,O dio mio,Italiannette,Vocal,2:51
Annie Lennox,Little Bird,Diva,Rock,4:52
Annie Wenz,Arirang - Traditional Korean,Winds of the World,New Age,5:12
Anonymous 4,Responsory: Favus distillans,"Hildegard von Bingen: 11,000 Virgins - Chants for the Feast of St. Ursula",Classical,6:53
Antônio Carlos Jobim,Meditation,Jazz 'Round Midnight,Jazz,3:17
Antônio Carlos Jobim,Amor em Paz (Once I Loved),Quiet Now: Nights of Quiet Stars,Bossa Nova,3:35
Antônio Carlos Jobim,Wave,Wave,Jazz,2:55
The Archies,"Sugar, Sugar","Sugar, Sugar - Single",Pop,2:50
Aretha Franklin,"Organ Introduction (On Our Way) [Live at New Temple Missionary Baptist Church, Los Angeles, January 13, 1972]",Amazing Grace: The Complete Recordings (Live),R&B/Soul,1:35
Aretha Franklin,"Opening Remarks By Reverend James Cleveland (Live at New Temple Missionary Baptist Church, Los Angeles, January 13, 1972)",Amazing Grace: The Complete Recordings (Live),R&B/Soul,1:37
Aretha Franklin,"On Our Way (Live at New Temple Missionary Baptist Church, Los Angeles, January 13, 1972)",Amazing Grace: The Complete Recordings (Live),R&B/Soul,1:59
Aretha Franklin,"Aretha's Introduction (Live at New Temple Missionary Baptist Church, Los Angeles, January 13, 1972)",Amazing Grace: The Complete Recordings (Live),R&B/Soul,2:15
Aretha Franklin,"Wholy Holy (Live at New Temple Missionary Baptist Church, Los Angeles, January 13, 1972)",Amazing Grace: The Complete Recordings (Live),R&B/Soul,6:55
Aretha Franklin,"You'll Never Walk Alone (Live at New Temple Missionary Baptist Church, Los Angeles, January 13, 1972)",Amazing Grace: The Complete Recordings (Live),R&B/Soul,8:27
Aretha Franklin,"What a Friend We Have In Jesus (Live at New Temple Missionary Baptist Church, Los Angeles, January 13, 1972)",Amazing Grace: The Complete Recordings (Live),R&B/Soul,5:56
Aretha Franklin,"Precious Memories (Live at New Temple Missionary Baptist Church, Los Angeles, January 13, 1972)",Amazing Grace: The Complete Recordings (Live),R&B/Soul,9:03
Aretha Franklin,"How I Got Over (Live at New Temple Missionary Baptist Church, Los Angeles, January 13, 1972)",Amazing Grace: The Complete Recordings (Live),R&B/Soul,5:30
Aretha Franklin,"Precious Lord, Take My Hand/You've Got a Friend (Live at New Temple Missionary Baptist Church, Los Angeles, January 13, 1972)",Amazing Grace: The Complete Recordings (Live),R&B/Soul,8:37
Aretha Franklin,"Climbing Higher Mountains (Live at New Temple Missionary Baptist Church, Los Angeles, January 13, 1972)",Amazing Grace: The Complete Recordings (Live),R&B/Soul,3:01
Aretha Franklin,"Amazing Grace (Live at New Temple Missionary Baptist Church, Los Angeles, January 13, 1972)",Amazing Grace: The Complete Recordings (Live),R&B/Soul,16:11
Aretha Franklin,"My Sweet Lord (Instrumental Version, Live at New Temple Missionary Baptist Church, Los Angeles, January 13, 1972]",Amazing Grace: The Complete Recordings (Live),R&B/Soul,2:02
Aretha Franklin,"Give Yourself to Jesus (Live at New Temple Missionary Baptist Church, Los Angeles, January 13, 1972)",Amazing Grace: The Complete Recordings (Live),R&B/Soul,5:19
Aretha Franklin,"Organ Introduction (On Our Way) / Opening Remarks By Ken Lupper & Rev. James Cleveland [Live at New Temple Missionary Baptist Church, Los Angeles, January 14, 1972]",Amazing Grace: The Complete Recordings (Live),R&B/Soul,2:32
Aretha Franklin,"On Our Way (Live at New Temple Missionary Baptist Church, Los Angeles, January 14, 1972)",Amazing Grace: The Complete Recordings (Live),R&B/Soul,3:01
Aretha Franklin,"Aretha's Introduction (Live at New Temple Missionary Baptist Church, Los Angeles, January 14, 1972)",Amazing Grace: The Complete Recordings (Live),R&B/Soul,3:00
Aretha Franklin,"What a Friend We Have In Jesus (Live at New Temple Missionary Baptist Church, Los Angeles, January 14, 1972)",Amazing Grace: The Complete Recordings (Live),R&B/Soul,6:19
Aretha Franklin,"Wholy Holy (Live at New Temple Missionary Baptist Church, Los Angeles, January 14, 1972)",Amazing Grace: The Complete Recordings (Live),R&B/Soul,5:46
Aretha Franklin,"Climbing Higher Mountains (Live at New Temple Missionary Baptist Church, Los Angeles, January 14, 1972)",Amazing Grace: The Complete Recordings (Live),R&B/Soul,5:26
Aretha Franklin,"God Will Take Care of You (Live at New Temple Missionary Baptist Church, Los Angeles, January 14, 1972)",Amazing Grace: The Complete Recordings (Live),R&B/Soul,9:00
Aretha Franklin,"Mary, Don't You Weep (Live at New Temple Missionary Baptist Church, Los Angeles, January 14, 1972)",Amazing Grace: The Complete Recordings (Live),R&B/Soul,8:21
Aretha Franklin,"Never Grow Old (Live at New Temple Missionary Baptist Church, Los Angeles, January 14, 1972)",Amazing Grace: The Complete Recordings (Live),R&B/Soul,15:27
Aretha Franklin,"Remarks By Reverend C.L. Franklin (Live at New Temple Missionary Baptist Church, Los Angeles, January 14, 1972)",Amazing Grace: The Complete Recordings (Live),R&B/Soul,7:52
Aretha Franklin,"Precious Memories (Live at New Temple Missionary Baptist Church, Los Angeles, January 14, 1972)",Amazing Grace: The Complete Recordings (Live),R&B/Soul,7:50
Aretha Franklin,"My Sweet Lord (Instrumental Version, Live at New Temple Missionary Baptist Church, Los Angeles, January 14, 1972)",Amazing Grace: The Complete Recordings (Live),R&B/Soul,0:39
Aretha Franklin,You Send Me,Aretha Now,R&B/Soul,2:28
Aretha Franklin,You Send Me,Soul Queen,Rock,2:27
Aretha Franklin,Freeway of Love,Who's Zoomin' Who?,R&B/Soul,5:52
Aretha Franklin,I Never Loved a Man (The Way I Love You),30 Greatest Hits,R&B/Soul,2:46
Aretha Franklin,Respect,30 Greatest Hits,R&B/Soul,2:28
Aretha Franklin,Dr. Feelgood (Love Is Serious Business),30 Greatest Hits,R&B/Soul,3:22
Aretha Franklin,(You Make Me Feel Like) A Natural Woman,30 Greatest Hits,R&B/Soul,2:44
Aretha Franklin,Chain of Fools,30 Greatest Hits,R&B/Soul,2:48
Aretha Franklin,Think,30 Greatest Hits,R&B/Soul,2:20
Aretha Franklin,I Say a Little Prayer,30 Greatest Hits,R&B/Soul,3:37
Aretha Franklin,Bridge Over Troubled Water,30 Greatest Hits,R&B/Soul,5:30
Arlo Guthrie,The City of New Orleans,Hobo's Lullaby (Remastered 2004),Folk,4:35
Armando Manzanero,Adoro,Armando Manzanero: 20 Éxitos Originales,Latin,2:24
Armando Manzanero,Cuando Estoy Contigo,Armando Manzanero: 20 Éxitos Originales,Latin,2:24
Armik,Isla de Sol,Guitar Greats: The Best of New Flamenco,New Age,5:01
Armin Jordan & Orchestre de la Suisse Romande,"Suite No. 2 Op. 64c, ""Romeo and Juliet"": I. Montagues and Capulets",40 Most Beautiful Orchestral Classics,Classical,5:03
Armin Jordan & Orchestre de la Suisse Romande,Boléro [Excerpt],40 Most Beautiful Orchestral Classics,Classical,5:09
Arrow,Hot Hot Hot (Original 7),Hot Hot Hot (Universal Dance Mix),Dance,3:38
Art Blakey & The Jazz Messengers,Come Rain or Come Shine,Moanin' (Remastered),Jazz,5:45
Art Mooney,I'm Looking Over a Four Leaf Clover,I'm Looking Over a Four Leaf Clover (Remastered) - Single,Vocal,2:23
Art Tatum,Song of the Vagabonds,Tea for Two,Jazz,3:03
Art Tatum,Tenderly,20th Century Piano Genius,Jazz,4:06
Art Tatum,Someone to Watch over Me (1950 Studio),20th Century Piano Genius,Jazz,4:01
Arthur Conley,Sweet Soul Music,Rhino Hi-Five: Arthur Conley - EP,R&B/Soul,2:21
Arthur Fiedler & Boston Pops Orchestra,Guys and Dolls Medley,Broadway's Greatest Hits,Soundtrack,8:31
Arthur Fiedler & Boston Pops Orchestra,Strike Up the Band,Gershwin: Greatest Hits,Classical,2:49
Arthur Fiedler & Boston Pops Orchestra,Hungarian Rhapsody No 2,"Liszt: Piano Concertos Nos. 1 & 2, Hungarian Rhapsody No.2",Classical,9:42
Arthur Fiedler & Boston Pops Orchestra,William Tell Overture,The Only Classical Album You'll Ever Need!,Classical,3:04
"Arthur Fiedler, Earl Wild, Pasquale Cardillo & Boston Pops Orchestra",Rhapsody in Blue,Classical Music for People Who Hate Classical Music,Classical,5:48
Arthur Prysock,When Love Is New,All My Life,Doo Wop,7:14
Arthur Prysock,Between Hello and Goodbye,Athur Prysock Does It Again! (Remastered),Adult Contemporary,6:30
Arthur Prysock,Just a Closer Walk With Thee,Precious Memories (Original King Recording),Christian,3:10
Arthur Prysock,I Worry About You,Too Late Baby,Doo Wop,2:13
Arthur Prysock & Count Basie,I Could Write a Book,Arthur Prysock/Count Basie,Jazz,3:44
Arthur Rubinstein,"Nocturnes, Op. 9: No. 2 in E-Flat Major",Chopin: Nocturnes,Classical,4:30
Arthur Rubinstein,"Rhapsody, Op. 79: No. 1 In B Minor","Rubinstein Collection, Vol. 21: Brahms: Sonata No. 3 In F Minor, Capriccio, Intermezzo & Rhapsodies",Classical,8:01
Artie Shaw and His Orchestra,Moonglow,Artie Shaw - Greatest Hits,Jazz,3:27
Artie Shaw and His Orchestra,Begin the Beguine,Begin the Beguine,Jazz,3:16
Artie Shaw and His Orchestra,Oh! Lady Be Good (Remasterd - 1999),The Essential Artie Shaw,Jazz,3:08
Artie Shaw and His Orchestra & Artie Shaw,Frenesi,The Essential Artie Shaw,Jazz,3:03
Artie Shaw and His Orchestra & Artie Shaw,Star Dust (Remastered - 2000),The Essential Artie Shaw,Jazz,3:30
The Artistics,I'm Gonna Miss You,Brunswick Top 40 R&B Singles 1966-1975,R&B/Soul,2:40
Asia,Heat of the Moment,Asia,Rock,3:48
Asmahan,"Ya Habibi Taala (Mon amour, viens vite)",Le cœur a ses raisons (1935-1944),Worldwide,5:34
The Association,Never My Love,The Association: Greatest Hits,Rock,3:11
The Association,Cherish,The Association: Greatest Hits,Rock,3:26
The Association,Windy,The Association: Greatest Hits,Rock,2:56
Astrud Gilberto,"The Shadow of Your Smile (Love Theme from ""The Sandpiper"")",The Shadow of Your Smile,Latin Jazz,2:32
Astrud Gilberto,Fly Me to the Moon,20th Century Masters - The Millennium Collection: The Best of Astrud Gilberto,Vocal Jazz,2:19
Astrud Gilberto & Walter Wanderley Trio,So Nice (Summer Samba),Gold,Vocal Jazz,2:41
Atlanta Rhythm Section,So Into You,20th Century Masters - The Millennium Collection: The Best of Atlanta Rhythm Section,Pop,4:24
Atlanta Rhythm Section,Champagne Jam,20th Century Masters - The Millennium Collection: The Best of Atlanta Rhythm Section,Pop,4:34
Atlanta Rhythm Section,Imaginary Lover,20th Century Masters - The Millennium Collection: The Best of Atlanta Rhythm Section,Pop,5:08
"Atlanta Symphony Orchestra, Atlanta Symphony Orchestra Chorus, Dawn Upshaw, Marietta Simpson, Penelope Shaw & Robert Shaw","Gloria in D, R. 589: XII. Cum Sancto Spiritu",Vivaldi: Gloria - Bach: Magnificat,Classical,2:57
Attila Falvay & Onix Chamber Orchestra,"Violin Concerto in E Major, BWV 1042: III. Allegro assai",50 of the Best: J.S. Bach,Classical,2:50
Aubrey Haynie,Mc Hattie's Waltz,The Bluegrass Fiddle Album,Country,3:21
Aubrey Haynie,Bluegrass In the Backwoods,The Bluegrass Fiddle Album,Country,3:22
Ava Gardner,Can't Help Lovin' Dat Man,Show Boat (1951 Original Motion Picture Soundtrack),Soundtrack,3:24
Average White Band,Pick Up the Pieces,AWB,R&B/Soul,4:00
Average White Band,Cut the Cake (Single Edit),Cut the Cake,R&B/Soul,4:06
Avery Saltzman & Ron Raines,Man of la Mancha,Man of la Mancha (Original 2000 London Cast) [First Complete Recording],Soundtrack,4:04
The Avett Brothers,I and Love and You,I and Love and You,Rock,5:01
The Avett Brothers,Head Full of Doubt / Road Full of Promise,I and Love and You,Rock,4:48
The B-52's,Rock Lobster,Time Capsule,Pop,4:54
The B-52's,Love Shack,Time Capsule,Pop,5:21
B.B. King,Three O'Clock Blues,The Best of B.B. King,Blues,3:48
B.B. King,The Thrill Is Gone,Gold,Blues,5:24
B.B. King,Caldonia,Let the Good Times Roll: the Music of Louis Jordan,Blues,2:18
B.B. King,Every Day I Have the Blues (Live In Cook County Jail/1970),Live In Cook County Jail,Blues,1:43
B.B. King,Sweet Sixteen (Live In Cook County Jail/1970),Live In Cook County Jail,Blues,4:21
B.B. King,Ain't Nobody Home (Single Version),20th Century Masters - The Millennium Collection: Best of B.B. King,Blues,3:17
B.J. Thomas,Hooked on a Feeling,The Very Best of B.J. Thomas,Vocal,2:44
B.J. Thomas,Raindrops Keep Fallin' On My Head,20 Greatest Hits,Pop,3:01
Babe Wagner,Doghouse Polka,16 Most Requested Songs: Polkas,Easy Listening,2:35
Backstreet Boys,As Long as You Love Me,Backstreet Boys,Pop,3:34
Bad Company,Feel Like Makin' Love,10 from 6,Rock,5:12
Bad English,When I See You Smile,Bad English,Rock,4:17
Ballroom Orchestra & Singers,Todo Todo Todo ( Chachacha / 31 Bpm ),The Best Cha Cha Cha Collection of Dancelife,Música tropical,2:20
The Band,Up On Cripple Creek,The Band (Expanded Edition),Rock,4:35
The Band,The Weight,Greatest Hits (Remastered),Rock,4:35
The Band,I Shall Be Released,Greatest Hits (Remastered),Rock,3:12
The Band,The Night They Drove Old Dixie Down,Greatest Hits (Remastered),Rock,3:32
The Band,The Shape I'm In,Greatest Hits (Remastered),Rock,4:01
The Band,It Makes No Difference,Northern Lights-Southern Cross (Expanded Edition),Rock,6:35
Band of Oz,Shaggin',The Early Years,Blues,3:21
Band of Oz,Southern Belles,The Early Years,Blues,3:14
Band of Oz,Shama Lama Ding Dong,Let It Roll,Blues,4:12
Band of Oz,Over the Rainbow (Original Release),One More Step,Blues,2:49
The Band of the Scots Guards,Highland Cathedral,The Complete Scottish Bagpipe Collection,Europe,3:09
The Bangles,Walk Like an Egyptian,Greatest Hits,Rock,3:23
Barbara Cook,Goodnight My Someone,The Music Man (Original Broadway Cast),Musicals,2:45
Barbara Lynn,You'll Lose a Good Thing,You'll Lose a Good Thing,R&B/Soul,2:24
Barbara Mandrell,Sleeping Single in a Double Bed (Single Version),20th Century Masters - The Millennium Collection: The Best of Barbara Mandrell,Country,2:21
Barbara Mandrell,(If Loving You Is Wrong) I Don't Want to Be Right (Single Version),20th Century Masters - The Millennium Collection: The Best of Barbara Mandrell,Country,3:07
Barbara Mandrell,I Was Country When Country Wasn't Cool (Duet with George Jones) [Live],20th Century Masters - The Millennium Collection: The Best of Barbara Mandrell,Country,3:40
Barbershop Classic Quartet,Carolina In the Morning,Barbershop Classic Quartet,Vocal,1:22
The Barbershop Singers,Let Me Call You Sweetheart,Barbershop Favorites,Vocal,1:09
Barbra Streisand,Happy Days Are Here Again,The Barbra Streisand Album,Pop,3:04
Barbra Streisand,People,Barbra Streisand's Greatest Hits,Pop,3:40
Barbra Streisand,You Don't Bring Me Flowers (feat. Neil Diamond),Duets,Pop,3:24
Barbra Streisand,No More Tears (Enough Is Enough) [feat. Donna Summer],Duets,Pop,4:43
Barbra Streisand,The Way We Were,The Essential Barbra Streisand,Vocal,3:30
Barbra Streisand,Woman In Love,The Essential Barbra Streisand,Vocal,3:51
Barbra Streisand,Send In the Clowns,The Essential Barbra Streisand,Vocal,4:42
Barbra Streisand,Somewhere,The Essential Barbra Streisand,Vocal,4:56
Barbra Streisand,I'm the Greatest Star,Funny Girl (Original Soundtrack Recording),Soundtrack,4:06
Barbra Streisand,Don't Rain On My Parade,Funny Girl (Original Soundtrack Recording),Soundtrack,2:45
Barbra Streisand,Funny Girl,Funny Girl (Original Soundtrack Recording),Soundtrack,2:43
Barbra Streisand,Guilty (Duet With Barry Gibb),Guilty,Pop,4:27
Barbra Streisand,What Kind of Fool (Duet With Barry Gibb),Guilty,Pop,4:07
Barbra Streisand,Memory,Memories,Pop,3:55
Barbra Streisand,"Evergreen (Love Theme from ""A Star Is Born"")",A Star Is Born,Pop,3:05
Barbra Streisand,Papa Can You Hear Me?,Yentl,Vocal,3:31
Barbra Streisand,A Piece of Sky,Yentl,Vocal,4:20
Barenaked Ladies,One Week,All Their Greatest Hits: Disc One 1991-2001,Rock,2:50
Barenaked Ladies,God Rest Ye Merry Gentlemen / We Three Kings (feat. Sarah McLachlan),Barenaked for the Holidays,Holiday,3:26
Barenaked Ladies,Big Bang Theory Theme,Big Bang Theory Theme - Single,Soundtrack,1:45
Barrett Strong,Money and Me (Single),20th Century Masters - The Millennium Collection: The Best of Barrett Strong,R&B/Soul,2:36
Barry Manilow,Copacabana (Remastered),The Complete Collection...And Then Some,Pop,4:05
Barry Manilow,Mandy,Ultimate Manilow,Easy Listening,3:18
Barry Manilow,I Write the Songs,Ultimate Manilow,Easy Listening,3:50
Barry Mann,Who Put the Bomp (Digitally Remastered),Who Put the Bomp - Single,Vocal,2:47
Barry White,I'm Gonna Love You Just a Little More Baby (Single Version),All-Time Greatest Hits,Pop,4:02
Barry White,"Never, Never Gonna Give Ya Up (Long Version)",All-Time Greatest Hits,Pop,4:10
Barry White,"You're the First, The Last, My Everything",All-Time Greatest Hits,R&B/Soul,3:29
Barry White,Let the Music Play (Single Version),All-Time Greatest Hits,R&B/Soul,3:35
Barry White,Oh What a Night For Dancing (Edit),All-Time Greatest Hits,R&B/Soul,3:19
Barry White,"Can't Get Enough of Your Love, Babe",Barry White's Greatest Hits,R&B/Soul,4:30
Barry White,Sho' You Right,Number Ones,R&B/Soul,3:59
Barry Wordsworth & Capella Istropolitana,"Symphony No. 103 in E-Flat Major, Hob. I:103, ""Drumroll"": IV. Allegro con spirito",50 of the Best: Haydn,Classical,5:52
Barry Wordsworth & Capella Istropolitana,"Symphony No. 45 in F-Sharp Minor, Hob. I:45, ""Farewell"": I. Allegro assai",50 of the Best: Haydn,Classical,5:46
Barry Wordsworth & Capella Istropolitana,"Symphony No. 45 in F-Sharp Minor, Hob. I:45, ""Farewell"": II. Adagio",50 of the Best: Haydn,Classical,7:39
Barry Wordsworth & Capella Istropolitana,"Symphony No. 45 in F-Sharp Minor, Hob. I:45, ""Farewell"": III. Menuetto: Allegretto",50 of the Best: Haydn,Classical,3:52
Barry Wordsworth & Capella Istropolitana,"Symphony No. 45 in F-Sharp Minor, Hob. I:45, ""Farewell"": IV. Finale: Presto - Adagio",50 of the Best: Haydn,Classical,8:06
Barry Wordsworth & Capella Istropolitana,"Symphony No. 104 in D Major, Hob. I:104, ""London"": I. Adagio - Allegro",50 of the Best: Haydn,Classical,8:22
Barry Wordsworth & Capella Istropolitana,"Symphony No. 104 in D Major, Hob. I:104, ""London"": II. Andante",50 of the Best: Haydn,Classical,9:29
Barry Wordsworth & Capella Istropolitana,"Symphony No. 104 in D Major, Hob. I:104, ""London"": III. Menuet - Trio",50 of the Best: Haydn,Classical,5:26
Barry Wordsworth & Capella Istropolitana,"Symphony No. 104 in D Major, Hob. I:104, ""London"": IV. Finale: Spiritoso",50 of the Best: Haydn,Classical,6:50
Barrymoore Chamber Orchestra,Pachelbel's Canon in D,Bride's Guide to Classical Wedding Music,Classical,7:03
Bastille,Pompeii,Bad Blood (Bonus Track Version),Alternative,3:34
Bavarian Oktoberfest Orchestra and Chorus,Happy-Hour Polka (Die Feierabendpolka),The World's a Stage - Music of Oktoberfest,German Folk,2:53
"Bayreuth Festival Orchestra, Wolfgang Sawallisch & Bayreuth Festival Choir","Tannhäuser: Overture, Act I: ""Naht euch dem Strande"" (Venusberg Music)",Wagner: Tannhäuser,Classical,19:30
BBC Concert Orchestra,Overture,Man of la Mancha (Original 2000 London Cast) [First Complete Recording],Soundtrack,4:39
The Beach Boys,California Girls,Greatest Hits,Rock,2:48
The Beach Boys,Wouldn't It Be Nice,Greatest Hits,Rock,2:34
The Beach Boys,Surfin' U.S.A.,Greatest Hits,Rock,2:30
The Beach Boys,Don't Worry Baby,Greatest Hits,Rock,2:50
The Beach Boys,I Get Around,Greatest Hits,Rock,2:13
The Beach Boys,"Help Me, Rhonda",Greatest Hits,Rock,2:49
The Beach Boys,God Only Knows,Greatest Hits,Rock,2:56
The Beach Boys,Good Vibrations,Greatest Hits,Pop,3:37
The Beach Boys,Do You Wanna Dance? (Stereo Mix),Made In California (1962–2012),Rock,2:22
The Beach Boys,Surfin' Safari (Mono),The Very Best of The Beach Boys: Sounds of Summer,Pop,2:09
The Beach Boys,"Fun, Fun, Fun",The Very Best of The Beach Boys: Sounds of Summer,Pop,2:21
The Beach Boys,Surfer Girl,The Very Best of The Beach Boys: Sounds of Summer,Pop,2:28
The Beach Boys,Little Deuce Coupe,The Very Best of The Beach Boys: Sounds of Summer,Pop,1:40
The Beach Boys,In My Room,The Very Best of The Beach Boys: Sounds of Summer,Pop,2:14
The Beach Boys,Sloop John B,The Very Best of The Beach Boys: Sounds of Summer,Pop,3:01
The Beach Boys,Barbara Ann (Single Version),The Very Best of The Beach Boys: Sounds of Summer,Pop,2:08
Beastie Boys,No Sleep Till Brooklyn,Licensed to Ill,Hip-Hop/Rap,4:07
The Beatles,Come Together,Abbey Road (Remastered),Rock,4:19
The Beatles,Something,Abbey Road (Remastered),Rock,3:02
The Beatles,Here Comes the Sun,Abbey Road (Remastered),Rock,3:06
The Beatles,"Ob-La-Di, Ob-La-Da",The Beatles (The White Album),Rock,3:09
The Beatles,Blackbird,The Beatles (The White Album),Rock,2:18
The Beatles,Birthday,The Beatles (The White Album),Rock,2:42
The Beatles,I Want to Hold Your Hand,The Beatles 1962-1966 (The Red Album),Rock,2:27
The Beatles,Yesterday,The Beatles 1962-1966 (The Red Album),Rock,2:04
The Beatles,All You Need Is Love,The Beatles 1967-1970 (The Blue Album),Rock,3:49
The Beatles,"Hello, Goodbye",The Beatles 1967-1970 (The Blue Album),Rock,3:30
The Beatles,Hey Jude,The Beatles 1967-1970 (The Blue Album),Rock,7:11
The Beatles,Revolution,The Beatles 1967-1970 (The Blue Album),Rock,3:23
The Beatles,Don't Let Me Down,The Beatles 1967-1970 (The Blue Album),Rock,3:36
The Beatles,Octopus's Garden,The Beatles 1967-1970 (The Blue Album),Rock,2:52
The Beatles,I'll Follow the Sun,Beatles For Sale,Rock,1:49
The Beatles,Let It Be,Let It Be,Rock,4:03
The Beatles,Two of Us,Let It Be... Naked,Rock,3:21
The Beatles,I Saw Her Standing There,Please Please Me,Rock,2:53
The Beatles,Love Me Do,Please Please Me,Rock,2:22
The Beatles,Twist and Shout,Please Please Me,Rock,2:33
The Beatles,Norwegian Wood (This Bird Has Flown),Rubber Soul,Rock,2:05
The Beatles,Michelle,Rubber Soul,Rock,2:42
The Beatles,In My Life,Rubber Soul,Rock,2:26
The Beatles,Sgt. Pepper's Lonely Hearts Club Band,Sgt. Pepper's Lonely Hearts Club Band,Rock,2:02
The Beatles,With a Little Help From My Friends,Sgt. Pepper's Lonely Hearts Club Band,Rock,2:44
The Beatles,Lucy In the Sky with Diamonds,Sgt. Pepper's Lonely Hearts Club Band,Rock,3:28
The Beatles,When I'm Sixty-Four,Sgt. Pepper's Lonely Hearts Club Band,Rock,2:38
The Beatles,Sgt. Pepper's Lonely Hearts Club Band (Reprise),Sgt. Pepper's Lonely Hearts Club Band,Rock,1:19
The Beatles,She Loves You,1,Rock,2:21
The Beatles,Can't Buy Me Love,1,Rock,2:11
The Beatles,A Hard Day's Night,1,Rock,2:33
The Beatles,Yellow Submarine,1,Rock,2:39
The Beatles,Penny Lane,1,Rock,3:01
The Beatles,The Long and Winding Road,1,Rock,3:39
Beau Williams,It Is Well With My Soul,The Very Best of Beau Williams,Christian,4:31
BeBe Winans & Dionne Warwick,I'm Going Up (feat. BeBe Winans),Why We Sing,Gospel,3:35
Bee Gees,"Night Fever (From ""Saturday Night Fever"" Soundtrack)",Greatest,Pop,3:32
Bee Gees,Tragedy,Greatest,Pop,5:04
Bee Gees,Stayin' Alive,Greatest,Pop,4:45
Bee Gees,How Deep Is Your Love,Greatest,Pop,4:05
Bee Gees,"More Than A Woman (From ""Saturday Night Fever"" Soundtrack)",Greatest,Pop,3:17
Bee Gees,(Our Love) Don't Throw It All Away,Love Songs,Pop,4:05
Bee Gees,Jive Talkin',Saturday Night Fever (The Original Movie Soundtrack),Pop,3:43
Bee Gees,You Should Be Dancing,Saturday Night Fever (The Original Movie Soundtrack),Disco,4:14
Bee Gees,Too Much Heaven,The Ultimate Bee Gees,Pop,4:56
Bee Gees,Massachusetts,The Ultimate Bee Gees,Pop,2:21
Bee Gees,I Started a Joke,The Ultimate Bee Gees,Pop,3:09
Bellamy Brothers,Let Your Love Flow,Best of Bellamy Brothers,Country,3:17
Ben E. King,Save the Last Dance For Me,Doo-Wop,R&B/Soul,2:28
Ben E. King,Stand By Me,Rhino Hi-Five: Ben E. King - EP,R&B/Soul,2:55
Ben Vereen,Magic to Do,Pippin (1972 Original Broadway Cast Recording),Soundtrack,4:09
Benedetti & Svoboda,Salamanco,Guitar Greats 2: The Best of New Flamenco,Contemporary Latin,4:47
Benny Goodman,Stompin' at the Savoy,B.G. in Hi-Fi,Jazz,3:16
Benny Goodman,Don't Be That Way,The Essential Benny Goodman,Jazz,3:22
Benny Goodman,Goody Goody (1987 Remastered),The Essential Benny Goodman,Jazz,2:30
Benny Goodman,Moonglow (Previously Unissued),The Essential Benny Goodman,Jazz,3:11
Benny Goodman and His Orchestra,Blue Skies,The Birth of Swing (1935-1936),Jazz,3:36
Benny Goodman and His Orchestra,Let's Dance,The Essential Benny Goodman,Jazz,2:33
Benny Goodman and His Orchestra,"Sing, Sing, Sing",The Essential Benny Goodman,Jazz,8:40
Benny Goodman and His Orchestra & Benny Goodman,Goodbye,"Sing, Sing, Sing (Remastered)",Jazz,3:25
Benny Goodman Orchestra,After You're Gone,Dancing With Ballroom Stars,Big Band,3:02
Benny Goodman Sextet & Charlie Christian,Flying Home,First Master of the Electric Guitar (Remastered),Jazz,3:55
Benny Hinn,Holy Spirit Thou Art Welcome,Healing,Christian,3:59
Benny Hinn,I Am the God That Healeth Thee,Healing,Christian,5:20
Benny Moré,"Yiri, Yiri, Bom",Benny More - Creaciones Inolvídables Con el Barbaro del Ritmo,Música tropical,2:15
Benny Moré,Cómo Fué,Canciones de Amor,Música tropical,2:57
Benny Moré,Obsesión,Cuba. Cubaneando.,Música tropical,3:05
Benny Moré,Bonito y Sabroso (Con Orchestra Rafael de Paz),Cuban Originals: Beny Moré,Música tropical,2:54
Benny Moré,La Múcura,Legends of Cuban Music: Benny Moré (Con Pérez Prado) [Recorded Between 1948-1950] [with Pérez Prado],Música tropical,3:13
Berlin,"Take My Breath Away (Love Theme from ""Top Gun"")",Top Gun (Original Motion Picture Soundtrack) [Special Expanded Edition],Soundtrack,4:16
Bernard Haitink & London Symphony Orchestra,"Symphony No. 4 in E minor, Op. 98: III. Allegro giocoso",Brahms: Symphony No. 4,Classical,6:17
Bette Midler,Do You Want to Dance?,The Divine Miss M,Vocal,2:43
Bette Midler,Friends,The Divine Miss M,Vocal,2:55
Bette Midler,Boogie Woogie Bugle Boy,The Divine Miss M,Vocal,2:26
Bette Midler,From a Distance,Experience the Divine - Greatest Hits (Deluxe Version),Vocal,4:35
Bette Midler,Wind Beneath My Wings,Experience the Divine - Greatest Hits (Deluxe Version),Vocal,4:54
Bette Midler,The Rose,The Rose (The Original Soundtrack Recording),Soundtrack,3:41
Bettie Mae Fikes,This Little Light of Mine,Voices of the Civil Rights Movement: Black American Freedom Songs 1960-1966,Christian,4:18
Betty Everett,The Shoop Shoop Song (It's In His Kiss),The Shoop Shoop Song (Deluxe Version),R&B/Soul,2:16
Betty Johnson,Little Blue Man,"Betty's Hits, Vol. 1",Pop,2:44
Betty Wright,Tonight Is the Night,The Essentials: Betty Wright,R&B/Soul,8:19
Betty Wright,"No Pain, (No Gain)",Mother Wit,R&B/Soul,5:13
Beyoncé,Irreplaceable,B'Day (Deluxe Edition),Pop,3:48
Beyoncé,Crazy in Love (feat. Jay-Z),Dangerously in Love,Pop,3:56
Beyoncé,Love On Top,4 (Expanded Edition),Pop,4:28
Big Band Sounds,Jersey Bounce (Benny Goodman Version),Swing Era 1941-1942,Jazz,2:59
The Big Bopper,Chantilly Lace,The Best of Big Bopper,Rock,2:24
Big Brother & The Holding Company & Janis Joplin,Piece of My Heart,Janis Joplin's Greatest Hits,Rock,4:13
Big Daddy Weave,Redeemed,Love Come to Life,Christian,4:36
Big Joe Turner,"Shake, Rattle and Roll",Greatest Hits,R&B/Soul,3:00
Bill & Gloria Gaither,Alleluia,Alleluia: Songs of Worship,Christian,2:08
Bill & Gloria Gaither,Blessed Assurance,"Bill & Gloria Gaither and Their Homecoming Friends, Vol. 1",Christian,5:00
Bill & Gloria Gaither,Blessed Assurance,Bill & Gloria Gaither Present: Homecoming Christmas,Christmas,3:43
Bill & Gloria Gaither,Leaning On the Everlasting Arms (feat. Guy Penrod),Bill Gaither's Best of Homecoming 2013,Gospel,3:11
Bill & Gloria Gaither,Just a Closer Walk With Thee (feat. Lynda Randle),Bill Gaither's Best of Homecoming 2013,Gospel,3:57
Bill & Gloria Gaither,Because He Lives (feat. The Booth Brothers),Bill Gaither's Best of Homecoming 2013,Gospel,3:41
Bill & Gloria Gaither,Church In the Wildwood,Church In the Wildwood,Christian,2:28
Bill & Gloria Gaither,When the Roll Is Called Up Yonder,Church In the Wildwood,Christian,3:34
Bill & Gloria Gaither,Sweet Sweet Spirit,Sweet Sweet Spirit,Christian,3:40
Bill Anderson,Still (Re-Recorded In Stereo),Greatest Songs - Bill Anderson,Country,2:52
Bill Conti,"Gonna Fly Now (Theme From ""Rocky"")",Rocky (Original Motion Picture Score),Soundtrack,2:48
Bill Evans Trio,Waltz for Debby (Take 1),"The Complete Village Vanguard Recordings, 1961 (Live) [Remastered]",Jazz,6:46
Bill Gaither,Because He Lives,Songs That Changed the Church - Hymns,Christian,3:40
The Bill Gaither Trio,He Touched Me,He Touched Me,Christian,3:17
The Bill Gaither Trio,There's Something About That Name,The King Is Coming,Christian,4:28
Bill Haley and His Comets,Rock Around the Clock,20th Century Masters - The Millennium Collection: The Best of Bill Haley & His Comets,Rock,2:12
Bill Haley and His Comets,"Shake, Rattle and Roll",20th Century Masters - The Millennium Collection: The Best of Bill Haley & His Comets,Rock,2:32
Bill Haley and His Comets,"See You Later, Alligator",20th Century Masters - The Millennium Collection: The Best of Bill Haley & His Comets,Rock,2:44
Bill Medley & Jennifer Warnes,(I've Had) The Time of My Life,Dirty Dancing (Original Motion Picture Soundtrack),Soundtrack,4:50
Bill Monroe and His Bluegrass Boys,Kentucky Waltz,Anthology,Country,3:16
Bill Monroe and His Bluegrass Boys,Blue Moon of Kentucky,The Very Best of Bill Monroe and His Blue Grass Boys (Reissue),Country,2:08
Bill Withers,Lean On Me,The Best Of Bill Withers: Lean On Me,R&B/Soul,4:18
Bill Withers,Lovely Day,The Best Of Bill Withers: Lean On Me,R&B/Soul,4:15
Bill Withers,Ain't No Sunshine,Just As I Am,R&B/Soul,2:06
Billie Holiday,Good Morning Heartache,Billie Holiday's Greatest Hits,Jazz,3:06
Billie Holiday,I'll Be Seeing You,The Complete Commodore Recordings,Jazz,3:33
Billie Holiday & Teddy Wilson and His Orchestra,What a Little Moonlight Can Do (78rpm Version),The Essential Billie Holiday,Jazz,2:56
Billie Holiday and Her Orchestra,The Very Thought of You (78rpm Version),The Essential Billie Holiday,Jazz,2:45
Billie Holiday and Her Orchestra,God Bless the Child (78rpm Version),The Essential Billie Holiday,Jazz,2:54
Billie Holiday and Her Orchestra & Eddie Heywood and His Orchestra,All of Me,The Essential Billie Holiday,Jazz,3:50
Billo's Caracas Boys,Se Va el Caimán,Los Años de Oro: La Orquesta de Siempre,Música tropical,4:17
Billy Dean,Only Here for a Little While,Billy Dean: Greatest Hits,Country,3:35
Billy Dean,Somewhere In My Broken Heart,Billy Dean: Greatest Hits,Country,3:21
Billy Dean,If There Hadn't Been You,Billy Dean: Greatest Hits,Country,3:20
Billy Idol,Mony Mony,Greatest Hits,Rock,5:01
Billy Joel,Piano Man,The Essential Billy Joel,Rock,5:39
Billy Joel,She's Always a Woman,The Essential Billy Joel,Pop,3:22
Billy Joel,Just the Way You Are,The Essential Billy Joel,Pop,4:51
Billy Joel,It's Still Rock and Roll to Me,The Essential Billy Joel,Rock,2:58
Billy Joel,Uptown Girl,The Essential Billy Joel,Pop,3:18
Billy Joel,We Didn't Start the Fire,The Essential Billy Joel,Rock,4:51
Billy Joel,An Innocent Man,An Innocent Man,Rock,5:19
Billy Joel,The Longest Time,An Innocent Man,Rock,3:43
Billy Joel,Keeping the Faith,An Innocent Man,Rock,4:39
Billy Joel,Scenes from an Italian Restaurant,The Stranger,Rock,7:36
Billy Joel,52nd Street,52nd Street,Pop,2:31
Billy Ocean,"Get Outta My Dreams, Get Into My Car",The Very Best of Billy Ocean,Pop,4:44
Billy Ocean,Caribbean Queen (No More Love On the Run),The Very Best of Billy Ocean,Pop,4:04
Billy Ray Cyrus,Achy Breaky Heart,20th Century Masters - The Millennium Collection: The Best of Billy Ray Cyrus,Country,3:25
Billy Stewart,I Do Love You (Single),20th Century Masters - The Millennium Collection: The Best of Billy Stewart,R&B/Soul,3:01
Billy Stewart,Sitting in the Park (Single),20th Century Masters - The Millennium Collection: The Best of Billy Stewart,R&B/Soul,3:20
Billy Stewart,Cross My Heart (Single),20th Century Masters - The Millennium Collection: The Best of Billy Stewart,R&B/Soul,3:04
Billy Strayhorn & Duke Ellington and His Famous Orchestra,Chelsea Bridge,Never No Lament: The Blanton-Webster Band (Remastered),Jazz,2:54
Billy Vera & The Beaters,At This Moment,Hopeless Romantic: The Best of Billy Vera & the Beaters,Pop,4:21
Billy Ward & The Dominoes,Sixty Minute Man,"Billy Ward & The Dominoes: 14 Greatest Hits, Vol. 1",R&B/Soul,2:29
Bing Crosby,"On the Atchison, Topeka and the Santa Fe (feat. John Scott Trotter and His Orchestra) [Single Version]",Bing Sings the Johnny Mercer Songbook,Pop,3:12
Bing Crosby,Let a Smile Be Your Umbrella,Bing With a Beat,Jazz,2:51
Bing Crosby,Dream a Little Dream of Me,Bing With a Beat,Jazz,2:42
Bing Crosby,Too-Ra-Loo-Ra-Loo-Ral (That's an Irish Lullaby) [1944 Version],Bing's Gold Records - The Original Decca Recordings,Pop,3:01
Bing Crosby,You Are My Sunshine (Single Version),A Centennial Anthology of His Decca Recordings,Pop,2:33
Bing Crosby,Have Yourself a Merry Little Christmas,Christmas Classics (Remastered),Holiday,2:51
Bing Crosby,Winter Wonderland,Christmas Classics (Remastered),Holiday,2:24
Bing Crosby,Let It Snow! Let It Snow! Let It Snow!,Christmas Classics (Remastered),Holiday,2:05
Bing Crosby,Hark! The Herald Angels Sing / It Came Upon a Midnight Clear,Christmas Classics (Remastered),Holiday,3:06
Bing Crosby,I Wish You a Merry Christmas,Christmas Classics (Remastered),Holiday,1:55
Bing Crosby,You Must Have Been a Beautiful Baby,The Definitive Collection: Bing Crosby,Pop,2:55
Bing Crosby,Please,The Essential Bing Crosby - The Columbia Years,Vocal,3:05
Bing Crosby,White Christmas (1942 Holiday Inn Version),Gold: Bing Crosby,Vocal,2:59
Bing Crosby,Twelve Days of Christmas (feat. Vic Schoen and His Orchestra) [Single Version],A Merry Christmas with Bing Crosby & The Andrews Sisters (Remastered),Holiday,3:23
Bing Crosby,"Sunday, Monday and Always",Music History - Best Sellers,Jazz,2:39
Bing Crosby,Out of Nowhere,"Top 100 Classics - The Very Best of the 1930's, Vol. 2",Jazz,3:11
Bing Crosby,MacNamara's Band,Top O' the Morning: His Irish Collection,Vocal,2:43
Bing Crosby,Danny Boy,Top O' the Morning: His Irish Collection,Vocal,3:15
Bing Crosby,I'll Be Home for Christmas,White Christmas,Holiday,2:55
Bing Crosby,Jingle Bells (feat. The Andrews Sisters),White Christmas,Holiday,2:35
Bing Crosby,Swinging On a Star,20th Century Masters - The Millennium Collection: The Best of Bing Crosby,Vocal,2:32
Bing Crosby,Pennies from Heaven,20th Century Masters - The Millennium Collection: The Best of Bing Crosby,Vocal,3:15
Bing Crosby,Ac-Cent-Tchu-Ate the Positive (feat. Vic Schoen and His Orchestra & The Andrews Sisters) [Single Version],20th Century Masters - The Millennium Collection: The Best of The Andrew Sisters,Pop,2:43
Bing Crosby & The Andrews Sisters,Pistol Packin' Mama,Bing: His Legendary Years 1931-1957 (Box Set),Vocal Pop,3:03
Bing Crosby & The Andrews Sisters,Mele Kalikimaka (Single Version),A Merry Christmas with Bing Crosby & The Andrews Sisters (Remastered),Holiday,2:54
Bing Crosby & Buddy Bregman,Nice Work If You Can Get It,Bing Sings Whilst Bregman Swings,Vocal,2:34
Bing Crosby & Jimmy Dorsey and His Orchestra,I'm an Old Cowhand (From the Rio Grande),Bing: His Legendary Years 1931-1957 (Box Set),Vocal Pop,2:41
Bing Crosby & John Scott Trotter and His Orchestra,Moonlight Becomes You,Bing: His Legendary Years 1931-1957 (Box Set),Vocal Pop,3:13
Bing Crosby & John Scott Trotter and His Orchestra,"I'll Take You Home Again, Kathleen",Top O' the Morning: His Irish Collection,Vocal,2:53
Bing Crosby & The Mills Brothers,Dinah,"Top 100 Classics - The Very Best of the 1930's, Vol. 2",Jazz,2:51
Bing Crosby & The Andrews Sisters,Don't Fence Me In,20th Century Masters - The Millennium Collection: The Best of Bing Crosby,Vocal,3:06
Bing Crosby & The Les Paul Trio,"It's Been a Long, Long Time",20th Century Masters - The Millennium Collection: The Best of Bing Crosby,Vocal,2:59
Bix Beiderbecke,Singin' the Blues,"Bix Beiderbecke, Vol. I - Singin' the Blues",Jazz,3:00
Bix Beiderbecke & Hoagy Carmichael and His Orchestra,Barnacle Bill the Sailor,The Indispensable Bix Beiderbecke (1924-1930),Jazz,2:49
Black Eyed Peas,I Gotta Feeling,THE E.N.D. (THE ENERGY NEVER DIES),Pop,4:49
The Blackwood Brothers,Give The World A Smile,Southern Gospel Heritage Series,Christian,1:46
The Blackwood Brothers Quartet,What a Day That Will Be,"Classics, Vol. 1",Southern Gospel,3:36
Blake Shelton,Boys 'Round Here (feat. Pistol Annies & Friends),Based On a True Story... (Deluxe Version),Country,4:50
Blake Shelton,Granddaddy's Gun,Based On a True Story... (Deluxe Version),Country,3:36
Blake Shelton,Ol' Red,Blake Shelton,Country,3:43
Blake Shelton,God's Country,God's Country - Single,Country,3:25
Blake Shelton,Hell Right (feat. Trace Adkins),Hell Right (feat. Trace Adkins) - Single,Country,3:27
Blake Shelton,Honey Bee,Red River Blue (Bonus Tracks Edition),Country,3:30
The Blind Boys of Alabama,I Shall Not Be Moved (Audiotree Live Version) [Audiotree Live Version],The Blind Boys of Alabama on Audiotree Live - EP,R&B/Soul,4:16
The Blind Boys of Alabama,Go Tell It on the Mountain,Go Tell It on the Mountain,R&B/Soul,3:58
The Blind Boys of Alabama,Higher Ground,Higher Ground,R&B/Soul,6:14
"The Blind Boys of Alabama, Phil Cook, Reggie Pace, Mike Lewis & JT Bates",Take Me To the Water,I'll Find a Way,Christian,3:21
Blondie,Call Me (2002 Remaster),Greatest Hits,Rock,3:32
Blondie,One Way Or Another (2001 Remaster),Greatest Hits,Rock,3:33
"Blood, Sweat & Tears",You've Made Me So Very Happy,Greatest Hits,Rock,3:29
The Blow Monkeys,You Don't Own Me,Dirty Dancing (Original Motion Picture Soundtrack),Soundtrack,3:01
The Blue Jays,So Long Lovers Island,Green Book (Original Motion Picture Soundtrack),Soundtrack,2:22
The Blue Jays,You're Gonna Cry,Lover's Island / You're Gonna Cry,R&B/Soul,2:42
The Blue Note 7,Little B's Poem,Mosaic: A Celebration of Blue Note Records,Jazz,6:25
The Blue Note 7,Idle Moments,Mosaic: A Celebration of Blue Note Records,Jazz,6:35
Blue Ridge Quartet,Wings of a Dove,Wings of a Dove,Christian,2:27
Bo Diddley,I'm a Man,His Best,Rock,3:02
Bo Diddley,Bo Diddley (Single Version),20th Century Masters: The Millennium Collection: Best of Bo Diddley,Blues,2:47
Bo Diddley,Who Do You Love (Single Version),20th Century Masters: The Millennium Collection: Best of Bo Diddley,Rock,2:31
Bob & Lucille,Eeny Meeny Miney Moe,"Rock and Roll Dance Party, Vol. 2",Pop,2:12
Bob Carlisle,Butterfly Kisses,"Sweet Dreams and Starry Nights, Vol. 1",Rock,5:40
The Bob Crewe Generation,Music To Watch Girls By (Mono 45 Mix),The Best of the Bob Crewe Generation: Music To Watch Girls By,Pop,2:51
Bob Crosby & The Bob Cats,Dear Hearts and Gentle People,The Complete Standard Transcriptions: Bob Crosby and the Bobcats,Jazz,2:13
Bob Dylan,Visions of Johanna,Blonde On Blonde,Rock,7:34
Bob Dylan,Tangled Up In Blue,Blood On the Tracks,Singer/Songwriter,5:41
Bob Dylan,Simple Twist of Fate,Blood On the Tracks,Singer/Songwriter,4:18
Bob Dylan,Shelter from the Storm,Blood On the Tracks,Singer/Songwriter,5:01
Bob Dylan,Blowin' In the Wind,Bob Dylan's Greatest Hits,Rock,2:47
Bob Dylan,The Times They Are A-Changin',Bob Dylan's Greatest Hits,Rock,3:14
Bob Dylan,"It Ain't Me, Babe",Bob Dylan's Greatest Hits,Rock,3:34
Bob Dylan,Like a Rolling Stone,Bob Dylan's Greatest Hits,Rock,6:08
Bob Dylan,Mr. Tambourine Man,Bob Dylan's Greatest Hits,Rock,5:27
Bob Dylan,Knockin' On Heaven's Door,"Bob Dylan's Greatest Hits, Vol. 3",Rock,2:30
Bob Dylan,She Belongs to Me,Bringing It All Back Home,Folk-Rock,2:49
Bob Dylan,Hurricane,Desire,Rock,8:33
Bob Dylan,Girl from the North Country,The Freewheelin' Bob Dylan,Contemporary Folk,3:23
Bob Dylan,A Hard Rain's A-Gonna Fall,The Freewheelin' Bob Dylan,Contemporary Folk,6:53
Bob Dylan,I'll Be Your Baby Tonight,John Wesley Harding,Rock,2:38
Bob Dylan,Summer Days,Love and Theft,Pop,4:54
Bob Dylan,Main Title Theme (Billy),Pat Garrett & Billy the Kid (Remastered) [Soundtrack from the Motion Picture],Soundtrack,6:02
Bob Dylan,Forever Young,Planet Waves,Rock,2:48
Bob Dylan,Changing of the Guards,Street-Legal (Remastered),Rock,6:37
Bob Dylan,Make You Feel My Love,Time Out of Mind,Rock,3:33
Bob Dylan & Johnny Cash,Girl from the North Country,The Essential Johnny Cash,Singer/Songwriter,3:42
Bob Marley & The Wailers,"No Woman, No Cry (Live At The Lyceum, London/1975)",Legend – The Best Of Bob Marley & The Wailers,Reggae,7:10
Bob Marley & The Wailers,Could You Be Loved,Legend – The Best Of Bob Marley & The Wailers,Reggae,3:57
Bob Marley & The Wailers,Three Little Birds,Legend – The Best Of Bob Marley & The Wailers,Reggae,3:01
Bob Marley & The Wailers,Stir It Up,Legend – The Best Of Bob Marley & The Wailers,Reggae,5:31
Bob Marley & The Wailers,Easy Skanking,Legend – The Best Of Bob Marley & The Wailers,Reggae,2:55
Bob Marley & The Wailers,One Love / People Get Ready,Legend – The Best Of Bob Marley & The Wailers,Reggae,2:52
Bob Marley & The Wailers,Waiting In Vain,Legend – The Best Of Bob Marley & The Wailers,Reggae,4:12
Bob Marley & The Wailers,Redemption Song,Legend – The Best Of Bob Marley & The Wailers,Reggae,3:47
Bob Marley & The Wailers,Satisfy My Soul,Legend – The Best Of Bob Marley & The Wailers,Reggae,4:32
Bob Marley & The Wailers,Exodus,Legend – The Best Of Bob Marley & The Wailers,Reggae,7:41
Bob Marley & The Wailers,Jamming,Legend – The Best Of Bob Marley & The Wailers,Reggae,3:32
Bob Marley & The Wailers,"Punky Reggae Party (12"" Version)",Legend – The Best Of Bob Marley & The Wailers,Reggae,6:53
Bob Marley & The Wailers,Digital Booklet - Legend,Legend – The Best Of Bob Marley & The Wailers,Reggae,
Bob Marley & The Wailers,Is This Love,Legend (Remastered),Reggae,3:52
Bob Marley & The Wailers,Buffalo Soldier,Legend (Remastered),Reggae,4:18
Bob Marley & The Wailers,Lively Up Yourself,Natty Dread (2013 Remaster),Roots Reggae,5:09
Bob Marley & The Wailers,Rat Race,Rastaman Vibration (2013 Remaster),Roots Reggae,2:53
Bob Seger & The Silver Bullet Band,Old Time Rock & Roll,Ultimate Hits: Rock and Roll Never Forgets,Rock,3:15
Bob Seger & The Silver Bullet Band,Hollywood Nights,Ultimate Hits: Rock and Roll Never Forgets,Rock,5:04
Bob Seger & The Silver Bullet Band,Night Moves,Ultimate Hits: Rock and Roll Never Forgets,Rock,5:26
Bob Seger & The Silver Bullet Band,Mainstreet,Ultimate Hits: Rock and Roll Never Forgets,Rock,3:44
Bob Seger & The Silver Bullet Band,"Turn the Page (Live at Cobo Hall, Detriot, 1975)",Ultimate Hits: Rock and Roll Never Forgets,Rock,5:07
Bob Seger & The Silver Bullet Band,Against the Wind,Ultimate Hits: Rock and Roll Never Forgets,Rock,5:34
Bob Seger & The Silver Bullet Band,Katmandu,Ultimate Hits: Rock and Roll Never Forgets,Rock,5:00
Bob Wills and his Texas Playboys,Steel Guitar Rag,The Essential Bob Wills 1935-1947,Country,2:34
Bob Wills and his Texas Playboys,Right or Wrong,The Essential Bob Wills 1935-1947,Country,2:54
Bob Wills and his Texas Playboys,New San Antonio Rose,The Essential Bob Wills 1935-1947,Country,2:37
Bob Wills and his Texas Playboys,Take Me Back to Tulsa,The Essential Bob Wills 1935-1947,Country,2:39
Bob Wills and his Texas Playboys,Home In San Antone,The Essential Bob Wills 1935-1947,Country,2:32
Bob Wills and his Texas Playboys,Roly Poly,The Essential Bob Wills 1935-1947,Country,2:50
Bob Wills and his Texas Playboys,New Spanish Two Step,The Essential Bob Wills 1935-1947,Country,2:48
Bobby Bare,500 Miles Away from Home,The Essential Bobby Bare,Country,2:42
Bobby Darin,Splish Splash,Bobby Darin,Rock & Roll,2:12
Bobby Darin,Dream Lover,The Ultimate Bobby Darin,Rock,2:31
Bobby Darin,Mack the Knife,The Ultimate Bobby Darin,Pop,3:04
Bobby Darin,Clementine,The Ultimate Bobby Darin,Rock,3:13
Bobby Darin,Beyond the Sea,The Ultimate Bobby Darin,Pop,2:52
Bobby Day,Rockin' Robin,Rockin' Robin,Rock,2:36
Bobby Freeman,Do You Want to Dance,Do You Wanna Dance,Pop,2:36
Bobby Hackett,Misty (Live),"Live at the Roosevelt Grill, Vol. 2",Jazz,4:39
Bobby Hackett,Easter Parade (Live),"Live at the Roosevelt Grill, Vol. 2",Jazz,4:53
Bobby Hackett & Vic Dickenson,The Girl from Ipanema (Live),"Live At the Roosevelt Grill,",Jazz,4:20
Bobby Lewis,Tossin' and Turnin',Golden Oldies,Pop,2:34
Bobby McFerrin,"Don't Worry, Be Happy",The Best of Bobby McFerrin,Jazz,4:52
Bobby Vee,Take Good Care of My Baby,Very Best of Bobby Vee,Soft Rock,2:40
Bobby Vinton,Roses Are Red (My Love),The Best of Bobby Vinton,Pop,2:39
Bobby Vinton,Blue On Blue,The Best of Bobby Vinton,Pop,2:25
Bobby Vinton,Blue Velvet,The Best of Bobby Vinton,Pop,2:48
Bobby Vinton,I Love How You Love Me,The Best of Bobby Vinton,Pop,2:29
Bobby Vinton,My Melody of Love,Bobby Vinton's Greatest Hits,Pop,3:12
Bobby Vinton,Beer Barrel Polka,Greatest Polka Hits of All Time,Worldwide,2:46
Bobby Womack,Lookin' for a Love,Anthology: Bobby Womack,R&B/Soul,2:38
Bobby Womack,Across 110th Street,The Best of Bobby Womack - The Soul Years,R&B/Soul,3:45
Bobby Womack,That's the Way I Feel About 'Cha,The Best of Bobby Womack - The Soul Years,R&B/Soul,5:07
Bohdan Warchal & Capella Istropolitana,"Brandenburg Concerto No. 6 in B-Flat Major, BWV 1051: I. —",50 of the Best: J.S. Bach,Classical,7:17
Bohdan Warchal & Capella Istropolitana,"Brandenburg Concerto No. 5 in D Major, BWV 1050: III. Allegro",50 of the Best: J.S. Bach,Classical,5:34
Bon Jovi,Wanted Dead or Alive,Cross Road,Rock,5:07
Bon Jovi,You Give Love a Bad Name,Slippery When Wet,Hard Rock,3:43
Bon Jovi,Livin' On a Prayer,Slippery When Wet,Hard Rock,4:10
Boney James & Rick Braun,Grazin' In the Grass,Shake It Up,Jazz,5:09
Bonfiglio,Will You Love Me Tomorrow,Love Me Tender,Pop,3:39
Bonnie Raitt,Something to Talk About,The Best of Bonnie Raitt On Capitol 1989-2003,Rock,3:47
Bonnie Raitt,I Can't Make You Love Me,The Best of Bonnie Raitt On Capitol 1989-2003,Rock,5:32
Bonnie Raitt,Love Sneakin' Up On You,The Best of Bonnie Raitt On Capitol 1989-2003,Rock,3:41
Bonnie Raitt,Angel from Montgomery,Streetlights (Remastered),Rock,3:59
Bonnie Tyler,Total Eclipse of the Heart,Mullets Rock! Too! - Mullets In Love,Rock,4:28
Booker T. & The M.G.'s,Green Onions,The Best of Booker T & The MG's,R&B/Soul,2:54
Boris Berezovsky,"12 Etudes, Op. 10: No. 3 in E major, 'Tristesse'",40 Most Beautiful Piano Classics,Classical,4:32
Boris Berezovsky,"12 Etudes, Op. 25: No.1 in A-Flat Major, ""Aeolian Harp""",40 Most Beautiful Piano Classics,Classical,2:20
Boris Berezovsky,10 Preludes Op. 23: No. 9 in E-Flat Minor,40 Most Beautiful Piano Classics,Classical,2:19
Boris Berezovsky,Gaspard de la nuit: I. Ondine (Lent),40 Most Beautiful Piano Classics,Classical,5:45
Boris Berezovsky,"12 Etudes, Op. 10: No. 10 in A-Flat Major",40 Most Beautiful Piano Classics,Classical,2:24
Boston,More Than a Feeling,Boston,Rock,4:45
Boston,Peace of Mind,Boston,Rock,5:04
Boston,Foreplay / Long Time,Boston,Rock,7:48
Boston,Rock & Roll Band,Boston,Rock,3:00
Boston,Smokin',Boston,Rock,4:21
Boston,Something About You,Boston,Rock,3:48
Boston,Don't Look Back,Don't Look Back,Rock,6:00
Boz Scaggs,Lido Shuffle,Hits!,Pop,3:44
Brad Paisley,Mud On the Tires,Mud On the Tires,Country,3:28
Brad Paisley,Remind Me (Duet with Carrie Underwood),This Is Country Music,Country,4:32
Brad Paisley,Alcohol,Time Well Wasted,Country,4:52
Brad Paisley,She's Everything,Time Well Wasted,Country,4:27
Brad Paisley,When I Get Where I'm Going (feat. Dolly Parton),Time Well Wasted,Country,4:08
"Branford Marsalis, Royal Philharmonic Orchestra, Steven Mercurio & Sting","Whenever I Say Your Name (Live at the O2 World, Berlin, September 21, 2010)",Live In Berlin,Pop,7:21
Bread,Make It With You,The Best of Bread,Soft Rock,3:12
Bread,Everything I Own,The Best of Bread,Soft Rock,3:07
Bread,Baby I'm-A Want You,The Best of Bread,Soft Rock,2:31
Bread,If,The Best of Bread,Soft Rock,2:36
Brenda Kirkland,Make Me a Blessing,Hymns & Classics of the Heart,Christian,4:01
Brenda Lee,Rockin' Around the Christmas Tree (Single),Rockin' Around the Christmas Tree,Holiday,2:06
Brenda Lee,Jingle Bell Rock,Rockin' Around the Christmas Tree,Holiday,2:10
Brenda Lee,I'm Sorry,20th Century Masters: Best of Brenda Lee (The Millennium Collection),Country,2:40
Brenda Lee,All Alone Am I,20th Century Masters: Best of Brenda Lee (The Millennium Collection),Pop,2:44
Brian Littrell,In Christ Alone (Radio Mix),In Christ Alone - Single,Christian,3:41
The Brian Setzer Orchestra,"Jump, Jive an' Wail",The Dirty Boogie,Rock,2:53
The Brian Setzer Orchestra,Rock This Town,The Dirty Boogie,Rock,6:37
The Brian Setzer Orchestra,Good Rockin' Daddy,Summertime Blues - Single,Rock,5:53
A Brides Guide To Wedding Music,"Waltz in A-Flat Major, Op. 39, No. 15",A Bride's Guide to Wedding Music,Classical,1:18
Brook Benton,The Boll Weevil Song (Rerecorded),Dumb Ditties (Rerecorded Version),Pop,2:48
Brook Benton,Rainy Night In Georgia,Today,R&B/Soul,3:54
The Brooklyn All Stars,Family Prayer,The Best of the Brooklyn All Stars,Gospel,4:55
The Brooklyn All Stars,Lord I'm Coming Home,The Best of the Brooklyn All Stars,Gospel,2:36
Brooklyn Allstars,I Won't Turn Around,I've Got My Ticket,R&B/Soul,2:43
The Brooklyn Allstars,I Found a Friend,Just Look At Me Now,Christian,5:35
The Brooklyn Allstars,I've Got My Ticket,"Live In Richmond, VA",Christian,3:37
The Brooklyn Allstars,God Has Been So Good To Me,"Live In Richmond, VA",Christian,4:22
The Brooklyn Allstars,Guide Me Oh Thou Great Jehovah,Ten Commandments,R&B/Soul,3:56
The Brooklyn Allstars,Since I Met Jesus,Ten Commandments,R&B/Soul,2:29
The Brooklyn Barber Shop Quartet,While Strolling Through The Park One Day,Brooklyn Barber Shop Quartet,Folk,1:13
Brooks & Dunn,My Maria,The Greatest Hits Collection,Country,3:29
Brooks & Dunn,Boot Scootin' Boogie,The Greatest Hits Collection,Country,3:18
Brooks & Dunn,Neon Moon,The Greatest Hits Collection,Country,4:21
Brooks & Dunn,Believe,Hillbilly Deluxe,Country,5:39
The Brothers Johnson,Strawberry Letter 23,Strawberry Letter 23 / The Very Best of the Brothers Johnson (Remastered),R&B/Soul,5:00
The Brothers Johnson,Stomp! (Single Version),Strawberry Letter 23 / The Very Best of the Brothers Johnson (Remastered),R&B/Soul,4:07
Brothers Osborne,Stay a Little Longer,Pawn Shop,Country,5:37
Brothers Osborne,It Ain't My Fault,Pawn Shop,Country,3:35
The Browns,The Three Bells ((Remastered)                                                                                                                                                    Remastered),The Three Bells  (Remastered),Pop,2:52
Bruce Channel,Hey! Baby (Single Version),60's Gold,Pop,2:22
Bruce Hornsby & The Range,The Way It Is,Greatest Radio Hits (Remastered),Rock,4:58
Bruce Hornsby & The Range,Every Little Kiss,The Way It Is,Pop,5:49
Bruce Springsteen,Born In the U.S.A.,Born In the U.S.A.,Rock,4:40
Bruce Springsteen,Glory Days,Born In the U.S.A.,Rock,4:18
Bruce Springsteen,Dancing In the Dark,Born In the U.S.A.,Rock,4:05
Bruce Springsteen,Thunder Road,Born to Run,Rock,4:49
Bruce Springsteen,Born to Run,Born to Run,Rock,4:30
Bruce Springsteen,Jungleland,Born to Run,Rock,9:33
Bruce Springsteen,Badlands,Greatest Hits,Rock,4:02
Bruce Springsteen,Buffalo Gals,We Shall Overcome: The Seeger Sessions (American Land Edition),Rock,3:12
Bruno Mars,Just the Way You Are,Doo-Wops & Hooligans,Pop,3:41
Bruno Mars,Count on Me,Doo-Wops & Hooligans,Pop,3:17
Bryan Adams,Heaven,Ultimate,Rock,4:05
Bryan Adams,(Everything I Do) I Do It for You,Waking Up the Neighbours,Rock,6:34
Buck Owens,Act Naturally,21 #1 Hits: The Ultimate Collection,Honky Tonk,2:23
Buck Owens,I've Got a Tiger By the Tail,21 #1 Hits: The Ultimate Collection,Honky Tonk,2:14
Buck Owens,My Heart Skips a Beat,21 #1 Hits: The Ultimate Collection,Honky Tonk,2:26
Buck Owens & Dwight Yoakam,Streets of Bakersfield,21 #1 Hits: The Ultimate Collection,Honky Tonk,2:49
Buck Owens & His Buckaroos,Hello Trouble,Together Again / My Heart Skips a Beat,Country,1:54
Bud Powell,Un Poco Loco (1998 Remaster) [The Rudy Van Gelder Edition],"The Amazing Bud Powell, Vol. 1 (The Rudy Van Gelder Edition)",Blues,4:46
Budapest Symphony Orchestra & Gyorgy Lehel,"The Flying Dutchman, WWV 63: Overture",Wagner,Classical,9:50
Buddy Holly,Everyday (Single Version),Greatest Hits,Rock & Roll,2:08
Buddy Holly,Peggy Sue (Single Version),Greatest Hits,Rock & Roll,2:31
Buddy Knox,Hula Love,The Best of Buddy Knox,Rock,2:23
Buddy Rich & Gene Krupa,It Don't Mean A Thing (If It Ain't Got That Swing),Burnin' Beat,Jazz,2:39
Buena Vista Social Club,Chan Chan,Buena Vista Social Club,Worldwide,4:19
Buena Vista Social Club,El Cuarto de Tula,Buena Vista Social Club,Caribbean,7:25
Buena Vista Social Club,Dos Gardenias,Buena Vista Social Club,Worldwide,3:04
The Buffalo Bills & Barbara Cook,Lida Rose / Will I Ever Tell You,The Music Man (Original Broadway Cast),Musicals,4:16
Bully Buhlan & Mona Baptiste,Es liegt was in der Luft,Die 50er Jahre - Polydor: Die Dreißiger einer deutschen Schallplattenmarke (Folge 4),Worldwide,3:25
Bunji Garlin (feat. Hunter),Bring It (feat. Hunter),Soca Gold 2008,Reggae,4:29
Burl Ives,The Little White Duck,Burl Ives Sings Little White Duck (And Other Children's Favorites),Children's Music,2:29
Burl Ives,"The Ugly Bug Ball (From ""Summer Magic"")",Disney Classics,Musicals,3:02
Burl Ives,Molly Malone,Favorite Irish Songs,Holiday,2:12
Burl Ives,A Little Bitty Tear,20th Century Masters: The Best of Burl Ives - The Millennium Collection,Alternative Folk,2:04
Burl Ives & The Andrews Sisters,Blue Tail Fly (feat. Vic Schoen and His Orchestra),20th Century Masters: The Best of Burl Ives - The Millennium Collection,Children's Music,2:46
Burt Bacharach,Reach Out for Me,Reach Out,Pop,2:51
Burt Bacharach,What the World Needs Now Is Love,Reach Out,Pop,4:14
Burt Bacharach,The Look of Love,Reach Out,Pop,2:42
Burt Bacharach,I Say a Little Prayer,Reach Out,Pop,2:27
Burt Bacharach,I'll Never Fall In Love Again,What the World Needs Now: Burt Bacharach Classics,Pop,3:14
The Byrds,Turn! Turn! Turn! (To Everything There Is a Season),Greatest Hits,Rock,3:49
The Byrds,My Back Pages,Greatest Hits,Rock,3:08
The Byrds,Mr. Tambourine Man,Mr. Tambourine Man (Reissue Edition with Bonus Tracks),Rock,2:29
The Byrds,Pretty Polly,Sweetheart of the Rodeo (Reissue Edition with Bonus Tracks),Country,2:53
C+C Music Factory,Gonna Make You Sweat (Everybody Dance Now),Super Hits,Pop,4:04
Cab Calloway,Queen Isabella,Cab Calloway Featuring Chu Berry,Jazz,2:43
Cab Calloway,Minnie the Moocher,Golden Legends: Big Band Legends,Jazz,3:34
Cab Calloway,Jumpin' Jive,Hi De Ho Man: Cab Calloway Classics,Jazz,2:50
Cab Calloway,Hi De Ho Man,Hi De Ho Man: Cab Calloway Classics,Jazz,3:03
Cab Calloway,The Calloway Boogie,Hi De Ho Man: Cab Calloway Classics,Jazz,3:05
Cal Smith,Country Bumpkin,Cal Smith,Country,3:42
Calmsound,"Country Garden - Beautiful Bird Song, Wildlife and Nature Sounds",Nature Sounds,New Age,9:00
Calvin Harris & Rihanna,This Is What You Came For,This Is What You Came For - Single,Dance,3:42
"The Cambridge Singers, John Rutter & The Cambridge Orchestra","Good Christian men, rejoice",Christmas Star: Carols for the Christmas Season,Classical,1:54
"The Cambridge Singers, John Scott, Gary Kettel, Eric Allen, Philip Jones Brass Ensemble & John Rutter",Gloria: I. Allegro vivace,Gloria: The Sacred Music Of John Rutter,Classical,4:50
"The Cambridge Singers, John Scott, Gary Kettel, Eric Allen, Philip Jones Brass Ensemble & John Rutter",Gloria: III. Vivace e ritmico,Gloria: The Sacred Music Of John Rutter,Classical,5:34
Cameo,Word Up! (Single Version),The Definitive Collection,R&B/Soul,4:20
Camila Cabello,Havana (feat. Young Thug),Camila,Pop,3:37
Camilo Sesto,Te Quiero Así,Te Quiero Así - Single,Pop,4:44
Camilo Sesto,Perdóname,"15 Grandes Éxitos de Camilo Sesto, Vol. II",Pop Latino,3:51
Camilo Sesto,Algo de Mí,"15 Grandes Éxitos, Vol. I - A Petición del Publico",Pop Latino,4:05
Canadian Brass,"Fugue in G Minor, BWV 578 ""The Little""",The Essential Canadian Brass,Classical,3:27
Canadian Brass,Canon in D,The Essential Canadian Brass,Classical,4:54
Candace Smith & Cappella Artemisia,"Motetti con le litanie della Beata Vergine, Op. 10: Ave Regina Coelorum",Rosa Mistica - Musiche delle monache lombarde del Seicento,Classical,2:35
Cannonball Adderley & Nancy Wilson,Save Your Love for Me,Nancy Wilson & Cannonball Adderley,Jazz,2:45
The Canton Spirituals,Call Jesus,Driven,Christian,4:59
The Canton Spirituals,I Recommend Jesus,Driven,Christian,5:07
The Canton Spirituals,Peace,Driven,Christian,7:02
The Canton Spirituals,Depending On You,The Greatest Hits,Christian,8:24
The Canton Spirituals,Heavenly Choir,Live In Memphis,Christian,9:00
The Canton Spirituals,I'm Coming Lord,Live In Memphis,Christian,3:02
The Canton Spirituals,I'm In Your Care,Live In Memphis,Christian,6:54
The Canton Spirituals,Hallelujah Square (Live),Living In a Dream: Live In Washington D.C.,Christian,8:37
The Canton Spirituals,God Loves You (Live),Living In a Dream: Live In Washington D.C.,Christian,6:31
The Canton Spirituals,Don't Worry About Me (feat. Paul Porter),"New Life: Live In Harvey, IL",Christian,7:33
The Canton Spirituals,Glad I've Got Jesus (Live),Nothing But the Hits: The Canton Spirituals,Christian,4:10
The Canton Spirituals,Clean Up (Live),Nothing But the Hits: The Canton Spirituals,Christian,5:17
The Canton Spirituals,Memories (When Will I See You Again?),Nothing But the Hits: The Canton Spirituals,Christian,8:46
Capella Virelai,"L'amor, Dona, Ch'io Te Porto",Music At the Courts of the Catholic Monarchs and Charles I of Spain (Bella de vos som amorós),Classical,2:55
Capella Virelai,"Dindirin, Dindirin",Music At the Courts of the Catholic Monarchs and Charles I of Spain (Bella de vos som amorós),Classical,1:16
Capella Virelai,Más Vale Trocar (Juan del Enzina),Music At the Courts of the Catholic Monarchs and Charles I of Spain (Bella de vos som amorós),Classical,2:26
Capella Virelai,Oy Comamos y Bebamos (Juan del Enzina),Music At the Courts of the Catholic Monarchs and Charles I of Spain (Bella de vos som amorós),Classical,2:31
Captain & Tennille,Do That To Me One More Time,Throwback Tunes: 1980,Pop,4:13
Captain & Tennille,Love Will Keep Us Together,Ultimate Collection: Captain & Tennille,Pop,3:24
Carl Douglas,Kung Fu Fighting,The Soul of the Kung Fu Fighter,Pop,3:18
Carl Perkins,Blue Suede Shoes,Sun's Gold Hits (Vol. 1),Rock,2:14
Carl Smith & June Carter Cash,Time's a-Wastin',The Essential Carl Smith,Country,2:09
Carlos Gardel,El Día Que Me Quieras,Época de Oro: Carlos Gardel,Latin,3:23
Carly Simon,Haven't Got Time for the Pain,The Best of Carly Simon,Pop,3:54
Carly Simon,You're So Vain,The Best of Carly Simon,Pop,4:18
Carly Simon,Anticipation,The Best of Carly Simon,Pop,3:22
Carly Simon & James Taylor,Mockingbird,The Best of Carly Simon,Pop,4:14
Carmen Rivero,La Cosecha de Mujeres,25 Exitos Tropical,Latin,1:58
Carmen Rivero,La Pollera Colora,25 Exitos Tropical,Latin,2:28
Carmen Rivero Y Su Conjunto,Cumbia del Monte,A Bailar la Cumbia (feat. Linda Vera),Latin,3:14
Carmen Twillie & Lebo M,Circle of Life,The Lion King (Original Motion Picture Soundtrack),Musicals,3:59
"Carol Richards, Bonnie Murray, Anne Biggs, Betty Allen & MGM Studio Chorus",Waitin' for My Dearie,Brigadoon (Original 1954 Motion Picture Soundtrack),Soundtrack,5:47
Carol Rosenberger & English Chamber Orchestra,Beauty and the Beast: Beauty and the Beast (in the Style of Rachmaninoff),Heigh-Ho! Mozart - Favorite Disney Tunes in the Style of Great Classical Composers,Classical,3:55
Carole King,Jazzman,Her Greatest Hits (Songs of Long Ago),Pop,3:45
Carole King,I Feel the Earth Move,Her Greatest Hits (Songs of Long Ago),Pop,2:58
Carole King,It's Too Late,Her Greatest Hits (Songs of Long Ago),Pop,3:53
Carole King,Sweet Seasons,Music,Pop,3:14
Carole King,So Far Away,Tapestry,Singer/Songwriter,3:55
Carole King,You've Got a Friend,Tapestry,Singer/Songwriter,5:10
Carole King,Will You Love Me Tomorrow?,Tapestry,Singer/Songwriter,4:12
Carole King,Tapestry,Tapestry,Singer/Songwriter,3:15
Carole King,(You Make Me Feel Like) A Natural Woman,Tapestry,Singer/Songwriter,3:48
Carpenters,Rainy Days And Mondays,Carpenters,Pop,3:39
Carpenters,Top Of The World (1973 Remix),Carpenters Gold (35th Anniversary Edition),Pop,3:02
Carpenters,Solitaire (Remastered),Carpenters Gold (35th Anniversary Edition),Pop,4:41
Carpenters,(They Long To Be) Close To You,Close To You,Pop,4:36
Carpenters,We've Only Just Begun,Singles 1969-1981,Pop,3:05
Carrie Underwood,All-American Girl,Carnival Ride,Country,3:33
Carrie Underwood,Southbound,Cry Pretty,Country,3:23
Carrie Underwood,How Great Thou Art (with Vince Gill) [Live from ACM Presents: Girls' Night Out],Greatest Hits: Decade #1,Country,4:47
Carrie Underwood,"Joyful, Joyful, We Adore Thee",My Gift,Holiday,3:56
Carrie Underwood,Amazing Grace,My Savior,Country,2:56
Carrie Underwood,"Jesus, Take the Wheel",Some Hearts,Pop,3:46
The Cars,Just What I Needed,Complete Greatest Hits,Rock,3:44
The Cars,Shake It Up,Complete Greatest Hits,Rock,3:32
The Cars,You Might Think,Complete Greatest Hits,Rock,3:05
The Cars,Drive,Complete Greatest Hits,Rock,3:54
The Carter Family,Can the Circle Be Unbroken,Can the Circle Be Unbroken: Country Music's First Family,Singer/Songwriter,3:07
Casting Crowns,Voice of Truth,Casting Crowns,Christian,5:24
Casting Crowns,Who Am I,Casting Crowns,Christian,5:36
Casting Crowns,Praise You In This Storm,Lifesong,Christian,4:58
Casting Crowns,Voice of Truth (Live),Live from Atlanta - EP,Christian,4:14
Casting Crowns,Glorious Day (Living He Loved Me),Until the Whole World Hears,Christian,4:41
Cat Stevens,Wild World,Greatest Hits,Singer/Songwriter,3:22
Cat Stevens,Moonshadow,Greatest Hits,Singer/Songwriter,2:52
Cat Stevens,Peace Train,Greatest Hits,Singer/Songwriter,4:14
Cat Stevens,Morning Has Broken,Greatest Hits,Singer/Songwriter,3:23
Cathedral Quartet,Trying to Get a Glimpse,Singing News Best of the Best Vol.1,Delta Blues,3:37
The Cathedrals,Medley: This Old House / Saints Go Marching In,The Best of the Cathedrals,Christian,3:12
The Cathedrals,Movin' Up To Gloryland,The Best of the Cathedrals,Christian,2:51
The Cathedrals,We Shall See Jesus,Cathedral Classics,Christian,5:03
The Cathedrals,O What a Savior,A Farewell Celebration,Christian,4:35
The Cathedrals,"The Gathering Medley: Down by the Riverside, I Am Bound for the Promised Land, Shall We Gather at the River, When We All Get to Heaven)",Worship His Glory,Southern Gospel,3:09
CeCe Winans,Alabaster Box,Alabaster Box,Christian,5:33
Cece Winans,I Surrender All,Alone in His Presence,Christian,5:30
CeCe Winans,Goodness of God (Live),Believe For It,Christian,4:58
CeCe Winans,Pray,For Always - The Best of CeCe Winans,Christian,3:32
CeCe Winans,Sanctuary,More Than This,Christian,1:20
"CeCe Winans & Delores ""Mom"" Winans",Great Is Thy Faithfulness,Worship Together - 25 Worship Favorites,Christian,5:02
CeeLo Green,This Christmas,CeeLo's Magic Moment,Holiday,3:22
CeeLo Green,"Mary, Did You Know?",CeeLo's Magic Moment,Holiday,3:55
Celia Cruz,Bemba Colorá,Greatest Hits,Música tropical,3:32
Celia Cruz,La Negra Tiene Tumbao,La Reina Y Sus Amigos,Música tropical,4:13
Celia Cruz,La Vida Es un Carnaval,La Vida Es un Carnaval: Baile Total,Música tropical,4:37
Celia Cruz,Guantanamera (Live),A Night of Salsa (Broadway Edition) [Live],Música tropical,6:17
Celia Cruz & Johnny Pacheco,Cúcala,Greatest Hits,Música tropical,3:49
Celia Cruz & Tito Puente,Cao Cao Maní Picao,Greatest Hits,Música tropical,3:44
"Celia Cruz, Johnny Pacheco, Justo Betancourt & Papo Lucca",Yerbero Moderno,Greatest Hits,Música tropical,4:35
Céline Dion,The Power of Love (Radio Edit),The Best of Celine Dion,Pop,4:47
Céline Dion,It's All Coming Back to Me Now (Radio Version),The Best of Celine Dion,Pop,5:30
Céline Dion,That's the Way It Is,The Best of Celine Dion,Pop,4:01
Céline Dion,God Bless America,God Bless America,Vocal,3:46
Céline Dion,My Heart Will Go On,Movie Music: The Definitive Performances,Soundtrack,4:40
Céline Dion,I'm Alive,My Love - Essential Collection,Pop,3:31
Céline Dion,I Drove All Night,One Heart,Pop,4:01
Céline Dion,Love Is All We Need,One Heart,Pop,3:49
Céline Dion,Stand By Your Side,One Heart,Pop,3:33
Céline Dion,Naked,One Heart,Pop,3:41
Céline Dion,Have You Ever Been In Love,One Heart,Pop,4:09
Céline Dion,Because You Loved Me,Pop Music: The Modern Era 1976-1999,Pop,4:33
Céline Dion & Josh Groban,The Prayer (Duet with Josh Groban) [Live],The Prayer - Single,Pop,4:38
Céline Dion & Peabo Bryson,Beauty and the Beast,Beauty and the Beast (Soundtrack from the Motion Picture),Musicals,4:05
Celtic Woman,Teir Abhaile Riu,Believe,Worldwide,4:03
Celtic Woman,The Call,The Greatest Journey - Essential Collection,Contemporary Celtic,4:18
Celtic Woman,The Prayer,A New Journey,Contemporary Celtic,4:20
Chad & Jeremy,A Summer Song,A Summer Song,Rock,2:40
Chaim Topol,If I Were a Rich Man,Fiddler on the Roof (Original Motion Picture Soundtrack),Musicals,5:25
Chaim Topol & Norma Crane,Do You Love Me?,Fiddler on the Roof (Original Motion Picture Soundtrack),Musicals,3:14
"Chaim Topol, Norma Crane, Michele Marsh, Michael Gläser & ""Fiddler on the Roof"" Motion Picture Chorus","Sunrise, Sunset",Fiddler on the Roof (Original Motion Picture Soundtrack),Musicals,3:51
Chairmen of the Board,All In the Family,All In the Family Southern Soul,R&B/Soul,4:48
Chairmen of the Board,You Gotta Crawl Before You Walk,All In the Family Southern Soul,R&B/Soul,3:32
Chairmen of the Board,Three Women,All In the Family Southern Soul,R&B/Soul,5:53
Chairmen of the Board,I'll Be There for You,All In the Family Southern Soul,R&B/Soul,4:38
Chairmen of the Board,Bless Your Heart,All In the Family Southern Soul,R&B/Soul,3:39
Chairmen of the Board,Give Me Just a Little More Time,Chairmen of the Board: Greatest Hits,R&B/Soul,2:42
Chairmen of the Board,Pay To The Piper,Greatest,R&B/Soul,3:08
Chairmen of the Board,You’ve Got Me Dangling On A String,A Little More Time - The Very Best Of Chairmen Of The Board,R&B/Soul,2:59
Chairmen of the Board,That's My Story (And I'm Stickin' to It),That's My Story (And I'm Stickin' to It) (Digital Only),R&B/Soul,3:47
Chairmen of the Board,Carolina Man,Treasure Chest,Soul,3:37
Chairmen of the Board,Alive & Kickin',Treasure Chest,Soul,4:27
Chairmen of the Board,Summer Love,Treasure Chest,Soul,5:47
Chairmen of the Board,You Don't Know What Love Is,Treasure Chest,Soul,3:26
Chaka Khan,Ain't Nobody,"Epiphany: The Best of Chaka Khan, Vol. 1",R&B/Soul,4:41
Chaka Khan,Through the Fire,"Epiphany: The Best of Chaka Khan, Vol. 1",R&B/Soul,4:49
Chaka Khan,I Feel for You,I Feel for You,R&B/Soul,5:43
Chaka Khan,Hollywood,The Very Best Of Rufus (feat. Chaka Khan),Funk,4:10
The Champagne Music of Lawrence Welk. Vocal chorus by Jayne Walton & Parnell Grina,Daddy's Lullaby,The Lawrence Welk Collection: Lawrence Welk & His Champagne Music (1938-1962),Pop,3:14
The Champs,Tequila,Greatest Hits / Tequila,Rock,2:16
The Chancellors Quartet,Great Is Thy Faithfulness,Great Is Thy Faithfulness,Christian,4:59
Chanfle Inc.,El Chavo del Ocho,El Chavo del 8 - Single,Soundtrack,1:33
"Charles Dutoit, Philharmonia Orchestra & Pierre Amoyal","Violin Concerto in D Major, Op. 35: II. Canzonetta (Andante)",40 Most Beautiful Orchestral Classics,Classical,7:25
Charles Fernandez,"Andy Griffith Show, The - Theme from the TV Series","Andy Griffith Show, The - Theme from the TV Series (Earle Hagen) - Single",Soundtrack,0:55
"Charles Gerhardt, John Barclay & National Philharmonic Orchestra","The Barber of Seville: Largo Al Factotum (Orchestral Version) [Featured in ""Rabbit of Seville""]",Reader's Digest Music: Classical Tunes in Classic Cartoons,Classical,4:49
Charles Jenkins & Fellowship Chicago,Awesome,The Best of Both Worlds,Christian,5:49
Charles Mingus,Better Git It In Your Soul,Mingus Ah Um (Bonus Track Version),Jazz,7:25
Charley Pride,You're My Jamaica (Live),Charley Pride Live,Country,2:29
Charley Pride,Kiss an Angel Good Mornin',The Essential Charley Pride,Country,2:03
Charley Pride,Mississippi Cotton Picking Delta Town,The Essential Charley Pride,Country,2:24
Charley Pride,Is Anybody Goin' To San Antone,Greatest Hits Collection,Country,2:24
Charley Pride,Kiss An Angel Good Mornin',Greatest Hits Collection,Country,2:02
Charley Pride,Cotton Fields,In Person,Country,2:16
Charley Pride,(I'm So) Afraid of Losing You Again,RCA Country Legends: Charley Pride,Country,3:12
Charley Pride,All I Have to Offer You (Is Me),16 Biggest Hits,Country,3:01
The Charlie Daniels Band,The Devil Went Down to Georgia,A Decade of Hits,Country,3:35
The Charlie Daniels Band,The South's Gonna Do It Again,A Decade of Hits,Country,3:57
The Charlie Daniels Band,Uneasy Rider,A Decade of Hits,Country,5:19
The Charlie Daniels Band,Long Haired Country Boy,A Decade of Hits,Country,4:00
The Charlie Daniels Band,High Lonesome,High Lonesome,Country,5:01
Charlie Hick,Tic Toc Polka,25 Polka Greats,Worldwide,3:15
Charlie Parker,Ko-Ko,The Complete Savoy & Dial Master Takes,Jazz,2:56
Charlie Parker,Donna Lee,The Complete Savoy & Dial Master Takes,Jazz,2:34
Charlie Parker & Dizzy Gillespie,Bloomdido,The Complete Verve Master Takes,Jazz,3:25
Charlie Parker & Miles Davis,A Night In Tunisia,The Complete Savoy & Dial Master Takes,Jazz,3:04
Charlie Rich,Behind Closed Doors,The Essential Charlie Rich,Country,2:54
Charlie Rich,The Most Beautiful Girl,The Essential Charlie Rich,Country,2:42
Charmian Carr & Dan Truhitte,Sixteen Going On Seventeen,The Sound of Music (Original Motion Picture Soundtrack),Musicals,3:17
Charmian Carr & Dan Truhitte,Sixteen Going On Seventeen,The Sound Of Music (Original Soundtrack Recording),Soundtrack,3:20
"Charmian Carr, Heather Menzies, Nicholas Hammond, Duane Chase, Angela Cartwright, Debbie Turner & Kym Karath","So Long, Farewell",The Sound of Music (Original Motion Picture Soundtrack),Musicals,2:54
"Charmian Carr, Heather Menzies, Nicholas Hammond, Duane Chase, Angela Cartwright, Kym Karath, Debbie Turner & Bill Lee",The Sound of Music,The Sound of Music (Original Motion Picture Soundtrack),Musicals,2:10
The Charms,Hearts of Stone,"Rhythm & Blues 1952-1959 - Music Sampler, Vol. 2",R&B/Soul,2:36
Chava Flores,Los Gorrones,Éxitos De Chava Flores,Música tropical,2:17
Cheap Trick,The Flame,The Essential Cheap Trick,Rock,5:39
Chelo Silva,Malos Pensamientos,La Reina Tejana del Bolero,Música Mexicana,2:54
Chen Pi-Hsien,"Goldberg Variations, BWV 988: Aria",50 of the Best: J.S. Bach,Classical,3:14
Cher,Believe,Believe,Pop,3:59
Cher,If I Could Turn Back Time,If I Could Turn Back Time: Cher's Greatest Hits,Pop,4:14
Cher,Half-Breed,20th Century Masters - The Millennium Collection: The Best of Cher,Soft Rock,2:46
Chet Atkins,Black Mountain Rag,Classics,Country,2:16
Chet Atkins,Memphis Blues,Classics,Country,2:09
Chet Atkins,Country Gentlemen,Classics,Country,2:15
Chet Atkins,Mountain Melody,Classics,Country,2:10
Chet Atkins,St. Louis Blues,Classics,Country,2:17
Chet Atkins,Mister Sandman,The Essential: Chet Atkins,Country,2:15
Chet Baker,There Will Never Be Another You,The Best of Chet Baker Sings,Jazz,3:00
The Chi-Lites,Have You Seen Her,Original Brunswick Hit Recordings,R&B/Soul,5:13
The Chi-Lites,Oh Girl,20 Greatest Hits,R&B/Soul,3:36
Chic,"Everybody Dance (12"" Mix)","Dance, Dance, Dance: The Best of Chic",R&B/Soul,8:27
Chic,Le Freak,"Dance, Dance, Dance: The Best of Chic",R&B/Soul,5:28
Chic,Good Times,"Dance, Dance, Dance: The Best of Chic",R&B/Soul,8:15
Chicago,Make Me Smile (Remastered),Chicago II (Expanded),Rock,3:15
Chicago,25 or 6 to 4,The Very Best of Chicago: Only the Beginning,Rock,4:50
Chicago,Does Anybody Really Know What Time It Is? (New Edit),The Very Best of Chicago: Only the Beginning,Rock,3:19
Chicago,Beginnings (Greatest Hits Edit),The Very Best of Chicago: Only the Beginning,Rock,6:27
Chicago,Colour My World,The Very Best of Chicago: Only the Beginning,Rock,3:01
Chicago,Saturday In the Park,The Very Best of Chicago: Only the Beginning,Rock,3:56
Chicago,(I've Been) Searchin' So Long,The Very Best of Chicago: Only the Beginning,Rock,4:28
Chicago,If You Leave Me Now,The Very Best of Chicago: Only the Beginning,Rock,3:55
Chicago,Old Days,The Very Best of Chicago: Only the Beginning,Rock,3:30
Chicago,Look Away,The Very Best of Chicago: Only the Beginning,Rock,4:01
Chicago Symphony Orchestra & Sir Georg Solti,"Concerto for Orchestra, Sz. 116: II. Giuoco della coppie (Allegretto scherzando)","Béla Bartók: Music for Strings, Percussion & Celesta",Classical,6:11
Chick Corea,Windows,"Now He Sings, Now He Sobs",Jazz,3:12
The Chicks,Ready to Run,Fly,Country,3:52
The Chicks,Goodbye Earl,Fly,Country,4:20
The Chicks,Wide Open Spaces,Playlist: The Very Best of The Chicks,Country,3:44
The Chicks,Cowboy Take Me Away,Playlist: The Very Best of The Chicks,Country,4:47
The Chicks,Landslide,Playlist: The Very Best of The Chicks,Country,3:48
The Chieftains,The Wind That Shakes The Barley/The Reel With The Beryle,The Essential Chieftains,Worldwide,2:50
Childish Gambino,Redbone,"Awaken, My Love!",R&B/Soul,5:27
"The Children, Deborah Kerr & Marni Nixon",Getting to Know You,The King and I (Original Motion Picture Soundtrack),Musicals,5:01
Children's Music,Row Row Your Boat (Merrily),Kindermusik,Children's Music,0:52
"Choir of New College Oxford, Edward Higginbottom & Collegium Novum","Johannespassion, BWV 245, Pt. 2: Chorale. Ach großer König",50 of the Best: J.S. Bach,Classical,1:43
The Choir of Norwich Cathedral & Neil Taylor,Lift High the Cross,23 Favourite Hymns,Classical,4:09
The Choir of Trinity College Cambridge & Richard Marlow,"Six Motets, Op. 79: I. Weihnachten",Mendelssohn: Sacred Choral Works,Classical,1:34
Choirs of the Diocese of Leeds,Christ Be Our Light,Favourite Catholic Hymns,Classical,3:31
The Chordettes,Mr. Sandman,The Chordettes' Best,Pop,2:24
The Chords,Sh-Boom,"Doo Wop Classics, Vol. 6",Pop,2:27
Chorus and Orchestra,Climb Ev'ry Mountain (Reprise),The Sound of Music (Original Motion Picture Soundtrack),Musicals,1:21
Chris Botti,Regroovable,The Very Best of Chris Botti,Jazz,4:50
Chris Botti,Drive Time,The Very Best of Chris Botti,Jazz,5:32
Chris Botti,Irresistible Bliss,The Very Best of Chris Botti,Jazz,5:00
Chris Janson,Buy Me a Boat,Buy Me a Boat,Country,2:59
Chris Rice,O for a Thousand Tongues,Untitled Hymn: A Collection of Hymns,Christian,3:25
Chris Stapleton,You Should Probably Leave,Starting Over,Country,3:33
Chris Stapleton,Tennessee Whiskey,Traveller,Country,4:53
Chris Tomlin,I Will Follow,And If Our God Is For Us...,Christian,3:40
Chris Tomlin,Indescribable,Arriving,Christian,3:58
Chris Tomlin,Holy Is the Lord,Arriving,Christian,4:12
Chris Tomlin,How Great Is Our God,Arriving,Christian,4:27
Chris Tomlin,Whom Shall I Fear (God of Angel Armies),Burning Lights (Deluxe Edition),Christian,4:28
Chris Tomlin,Jesus Messiah,Hello Love (With Bonus Track),Christian,4:49
Chris Tomlin,God of This City,Hello Love (With Bonus Track),Christian,4:58
Chris Tomlin,Nobody Loves Me Like You,Holy Roar,Christian,4:26
Chris Tomlin,Amazing Grace (My Chains Are Gone),How Great Is Our God: The Essential Collection,Christian,4:27
Chris Tomlin,At the Cross (Love Ran Red),Love Ran Red (Deluxe Edition),Christian,4:11
Chris Tomlin,Good Good Father,Never Lose Sight (Deluxe Edition),Christian,4:52
Chris Tomlin,Home,Never Lose Sight (Deluxe Edition),Christian,3:40
Chris Tomlin,Here for You,Passion - Here for You,Christian,4:40
Chris Tomlin,Resurrection Power,Resurrection Power - Single,Christian,4:11
Chris Tomlin,Made To Worship,See the Morning,Christian,4:19
"Christian Brembeck, Capella Istropolitana & Slovenský filharmonický zbor","Mass in B Minor, BWV 232: I. Missa. Kyrie",50 of the Best: J.S. Bach,Classical,9:19
"Christian Hommel, Helmut Müller-Brühl & Kölner Kammerorchester","Concerto in G Minor, BWV 1056: II. Largo (Arr. for Oboe)",50 of the Best: J.S. Bach,Classical,2:50
Christiane Edinger,"Violin Partita No. 3 in E Major, BWV 1006: I. Preludio",50 of the Best: J.S. Bach,Classical,3:37
Christiane Edinger,"Violin Partita No. 2 in D Minor, BWV 1004: V. Ciaccona",50 of the Best: J.S. Bach,Classical,16:57
Christina Aguilera,Fighter,Stripped,Pop,4:06
Christopher Cross,Ride Like the Wind,Christopher Cross,Adult Contemporary,4:36
Chubby Checker,The Twist,The Best of Chubby Checker: Cameo Parkway 1959-1963,R&B/Soul,2:34
Chubby Checker,Pony Time,The Best of Chubby Checker: Cameo Parkway 1959-1963,R&B/Soul,2:28
Chubby Checker,Let's Twist Again,The Best of Chubby Checker: Cameo Parkway 1959-1963,R&B/Soul,2:17
Chubby Checker,Slow Twistin',The Best of Chubby Checker: Cameo Parkway 1959-1963,R&B/Soul,2:30
Chubby Checker,Limbo Rock,The Best of Chubby Checker: Cameo Parkway 1959-1963,R&B/Soul,2:22
Chuck Berry,Route 66,Blues,Blues,2:45
Chuck Berry,Roll Over Beethoven,The Definitive Collection,Rock,2:23
Chuck Berry,Rock and Roll Music,The Definitive Collection,Rock,2:31
Chuck Berry,Reelin' and Rockin',The Definitive Collection,Rock,3:15
Chuck Berry,Johnny B. Goode,Johnny B. Goode: His Complete '50s Chess Recordings,Rock,2:39
Chuck Berry,You Never Can Tell,Pulp Fiction (Original Motion Picture Soundtrack),Rock,2:41
Chuck Berry,Maybellene,20th Century Masters - The Millennium Collection: The Best of Chuck Berry,Rock,2:22
Chuck Berry,Brown Eyed Handsome Man,20th Century Masters - The Millennium Collection: The Best of Chuck Berry,Rock,2:19
The Chuck Wagon Gang,I'll Fly Away,"Greatest Hits, Vol. 1",Gospel,2:17
The Chuck Wagon Gang,Standing On the Promises,30 Country Gospel Favorites,Christian,2:12
The Chuck Wagon Gang,The Church In the Wildwood,30 Country Gospel Favorites,Christian,2:08
The Chuck Wagon Gang,When the Roll Is Called Up Yonder,30 Country Gospel Favorites,Christian,2:16
The Chuck Wagon Gang,Wayfaring Stranger,30 Country Gospel Favorites,Christian,4:04
City of Birmingham Symphony Orchestra & Sakari Oramo,"Rhapsody on a Theme of Paganini, Op. 43: X. Variation No. 18",40 Most Beautiful Piano Classics,Classical,2:48
Claire Moore & Lea Salonga,I Still Believe,Miss Saigon (Original London Cast Recording),Pop,4:32
The Clancy Brothers,Jug of Punch,The Clancy Brothers Greatest Hits,Singer/Songwriter,2:57
The Clancy Brothers,Whistling Gypsy,The Clancy Brothers Greatest Hits,Singer/Songwriter,3:12
The Clancy Brothers,The Leaving of Liverpool,The Clancy Brothers Greatest Hits,Singer/Songwriter,3:55
The Clancy Brothers,The Old Orange Flute,A Spontaneous Performance Recording,Singer/Songwriter,3:06
The Clancy Brothers & Tommy Makem,The Wild Colonial Boy (Live),Carnegie Hall 1962 (Live),Singer/Songwriter,2:59
The Clancy Brothers & Tommy Makem,O'Driscoll (The Host of the Air) [Live],In Person At Carnegie Hall,Singer/Songwriter,2:21
The Clancy Brothers & Tommy Makem,The Parting Glass (Live),In Person At Carnegie Hall,Singer/Songwriter,2:17
The Clancy Brothers & Tommy Makem,Mountain Dew,Irish Drinking Songs,Drinking Songs,2:12
The Clancy Brothers & Tommy Makem,The Juice of the Barley,Irish Drinking Songs,Drinking Songs,3:33
The Clancy Brothers & Tommy Makem,Wild Rover (Live),Recorded Live In Ireland!,Folk,3:28
The Clara Ward Singers,How I Got Over,Meetin' Tonight!,New Age,2:51
Clarence Carter,Patches,Patches,Rock,3:14
Clarence Carter,Slip Away,This Is Clarence Carter,Blues,2:34
The Clark Sisters,Blessed & Highly Favored,Live - One Last Time,Christian,5:19
The Clark Sisters,You Brought the Sunshine,Live - One Last Time,Christian,4:18
The Clash,Should I Stay or Should I Go,Combat Rock,Punk,3:09
The Clash,London Calling,London Calling,Punk,3:20
The Clash,Train In Vain (Stand By Me),London Calling,Punk,3:12
Classical Arabic Orchestra of Aleppo,Samai Housseini (Maqam Housseini),Arabic - Ottoman Classical Music Instrumentals,Worldwide,4:57
Classical Arabic Orchestra of Aleppo,Longa & Samai Shahnaz (Maqam Shahnaz),Arabic - Ottoman Classical Music Instrumentals,Worldwide,7:57
The Classics,Till Then,Golden Oldies,Pop,2:19
Classics IV,Spooky,The Very Best of Classics IV,Pop,2:56
Claudio Scimone & I Solisti Veneti,Adagio in G Minor,40 Most Beautiful Orchestral Classics,Classical,8:14
Claudio Scimone & Orchestre national de l'Opéra de Monte-Carlo,Prelude sinfonico in A Major,40 Most Beautiful Orchestral Classics,Classical,10:04
"Claudio Scimone, I Solisti Veneti & Pierre Pierlot","Oboe Concerto in D Minor, Op. 9 No. 2: II. Adagio",40 Most Beautiful Orchestral Classics,Classical,6:06
Clay Walker,Go Tell It On the Mountain,Christmas,Country,3:02
Cleo Laine & John Williams,He Was Beautiful,Quintessential Cleo,Jazz,4:20
Clifford Brown & Max Roach,Gertrude's Bounce,Clifford Brown And Max Roach At Basin Street (Expanded Edition),Jazz,4:09
Club Nouveau,Lean on Me,"Life, Love & Pain",R&B/Soul,5:49
CNCO,Quisiera,Primera Cita,Pop Latino,3:05
CNCO,Reggaetón Lento (Bailemos),Primera Cita,Pop Latino,3:42
The Coasters,Poison Ivy,20 Greatest Hits,R&B/Soul,2:47
Cole Porter,Anything Goes,"100 Greatest Big Hits of the 1920's (Inspired By the Hit TV Series ""Downton Abbey""), Vol. 1",Pop,3:09
The Columbia Studio Orchestra,Star Trek Theme,Star Trek: The Motion Picture (20th Anniversary Collectors' Edition),Soundtrack,1:31
The Commodores,Jesus Is Love (Long Version),Anthology,R&B/Soul,6:06
The Commodores,Easy,Commodores,R&B/Soul,4:17
The Commodores,Sail On (Single Version),The Definitive Collection,R&B/Soul,4:03
The Commodores,Jesus Is Love,Gold: Commodores,R&B/Soul,6:08
The Commodores,Too Hot ta Trot,Gold: Lionel Richie / Commodores,R&B/Soul,5:37
The Commodores,Just to Be Close to You,20th Century Masters - The Millennium Collection: The Best of the Commodores,R&B/Soul,6:25
The Commodores,Brick House (Extended Version),20th Century Masters - The Millennium Collection: The Best of the Commodores,R&B/Soul,3:33
The Commodores,Three Times a Lady,20th Century Masters - The Millennium Collection: The Best of the Commodores,R&B/Soul,6:37
The Commodores,Nightshift,20th Century Masters - The Millennium Collection: The Best of the Commodores,R&B/Soul,5:04
"Concerto for 2 Violins in D minor, BWV 1043: II. Largo ma non tanto","Concerto for 2 Violins in D Minor, BWV 1043: II. Largo, ma non tanto",50 of the Best: J.S. Bach,Classical,6:46
The Concordia Choir,"Love Divine, All Loves Excelling",Journey to Bethlehem,Christian,4:27
Concordia Publishing House,"Dear Christians, One and All, Rejoice","Martin Luther: Hymns, Ballads, Chants, Truth",Christian,7:22
Conjunto Clásico & Tito Nieves,San Juan,Clásicas de Clásico,Música tropical,3:04
Conjunto Clásico & Tito Nieves,Bandera,Clásicas de Clásico,Música tropical,3:56
Connie Francis,Tzena Tzena,Connie Francis Sings Jewish Favorites,Vocal,1:58
Connie Francis,Al Di La,Gold,Pop,3:18
Connie Francis,Quando Quando Quando (Tell Me When),The Ultimate Collection,Pop,2:22
Connie Francis,Who's Sorry Now,20th Century Masters - The Millennium Collection: The Best of Connie Francis,Pop,2:19
Connie Francis,Lipstick On Your Collar,20th Century Masters - The Millennium Collection: The Best of Connie Francis,Pop,2:22
Connie Francis,Everybody's Somebody's Fool,20th Century Masters - The Millennium Collection: The Best of Connie Francis,Pop,2:40
Connie Francis,Where the Boys Are,20th Century Masters - The Millennium Collection: The Best of Connie Francis,Vocal,2:40
"Constantine Orbelian, Russia Philharmonia & Sondra Radvanovsky","Aida: Aida, Act III: O patria mia",Verdi: Arias,Classical,7:14
The Contours,Do You Love Me (Single),20th Century Masters - The Millennium Collection: Best of the Contours,R&B/Soul,2:52
The Contours,Just a Little Misunderstanding (Single),20th Century Masters - The Millennium Collection: Best of the Contours,R&B/Soul,2:43
Conway Twitty,Lonely Blue Boy,Gold: Conway Twitty,Country,2:13
Conway Twitty,Slow Hand,Southern Comfort,Country,2:56
Conway Twitty,It's Only Make Believe,The #1 Hits Collection,Country,2:14
Conway Twitty,Next In Line,The #1 Hits Collection,Country,2:51
Conway Twitty,Hello Darlin',The #1 Hits Collection,Country,2:27
Conway Twitty,Don't Take It Away,The #1 Hits Collection,Country,3:44
Cornelius Brothers & Sister Rose,Too Late to Turn Back Now,Heart of Soul: Too Late to Turn Back Now,R&B/Soul,3:19
Cornelius Brothers & Sister Rose,Don't Ever Be Lonely (A Poor Little Fool Like Me),Heart of Soul: Too Late to Turn Back Now,R&B/Soul,2:59
Cornelius Brothers & Sister Rose,Treat Her Like a Lady,Heart of Soul: Too Late to Turn Back Now,R&B/Soul,2:40
Cortijo y Su Combo,El Bombón de Elena (feat. Ismael Rivera),Saoco!,Música tropical,3:14
Count Basie and His Orchestra,Splanky,The Atomic Mr Basie,Jazz,3:37
Count Basie and His Orchestra,Jumpin' At the Woodside,The Best of Early Basie,Jazz,3:05
Count Basie and His Orchestra,Pennies From Heaven,The Complete Decca Recordings,Jazz,3:02
Count Basie and His Orchestra,Jive At Five,The Complete Decca Recordings,Jazz,2:51
Count Basie and His Orchestra,One O'Clock Jump,Count Basie's Finest Hour,Jazz,3:04
Country Gentlemen,Fox On the Run,Bluegrass - The World's Greatest Show,Country,2:50
Country Music Ensemble,Callin' Baton Rouge,"Tribute to Garth Brooks: Greatest Hits, Vol. 1",Country,2:36
Country Music Ensemble,The Dance,"Tribute to Garth Brooks: Greatest Hits, Vol. 1",Country,3:40
Country Music Ensemble,The Thunder Rolls,"Tribute to Garth Brooks: Greatest Hits, Vol. 1",Country,3:40
Country Music Ensemble,Ain't Goin' Down (Til the Sun Comes Up),"Tribute to Garth Brooks: Greatest Hits, Vol. 1",Country,4:33
Country Music Ensemble,To Make You Feel My Love,"Tribute to Garth Brooks: Greatest Hits, Vol. 1",Country,3:55
Country Music Ensemble,Tomorrow Never Comes,"Tribute to Garth Brooks: Greatest Hits, Vol. 2",Country,3:38
Country Music Ensemble,Friends in Low Places,"Tribute to Garth Brooks: Greatest Hits, Vol. 2",Country,4:18
Cream,Crossroads,The Cream of Clapton,Rock,4:16
Cream,Sunshine of Your Love,The Very Best of Cream,Rock,4:11
Creed,With Arms Wide Open,Greatest Hits,Hard Rock,4:38
Creed,My Sacrifice,Greatest Hits,Hard Rock,4:56
Creedence Clearwater Revival,Susie Q,Chronicle: The 20 Greatest Hits,Rock,4:34
Creedence Clearwater Revival,Proud Mary,Chronicle: The 20 Greatest Hits,Rock,3:07
Creedence Clearwater Revival,Bad Moon Rising,Chronicle: The 20 Greatest Hits,Rock,2:20
Creedence Clearwater Revival,Down On the Corner,Chronicle: The 20 Greatest Hits,Rock,2:46
Creedence Clearwater Revival,Fortunate Son,Chronicle: The 20 Greatest Hits,Rock,2:19
Creedence Clearwater Revival,Have You Ever Seen the Rain,Chronicle: The 20 Greatest Hits,Rock,2:40
The Crests,16 Candles (2011 Remastered Version),16 Candles,Pop,2:52
Cri-Cri,La Patita,Homenaje a Cri-Cri,Latin,2:53
The Crickets,That'll Be the Day,The Buddy Holly Collection,Rock,2:15
The Crickets,Oh Boy!,The Buddy Holly Collection,Rock,2:07
The Crickets,Maybe Baby,The Buddy Holly Collection,Rock,2:02
Cristy Lane,One Day At a Time,Cristy Lane: Golden Hymns,Christian,3:11
"Crosby, Stills & Nash",Southern Cross,Greatest Hits,Rock,4:41
"Crosby, Stills & Nash",Wooden Ships,Greatest Hits,Rock,5:30
"Crosby, Stills, Nash & Young",Carry On,Déjà Vu,Rock,4:26
"Crosby, Stills, Nash & Young",4 + 20,Déjà Vu,Rock,2:07
"Crosby, Stills, Nash & Young",Our House,Greatest Hits,Rock,3:03
"Crosby, Stills, Nash & Young",Teach Your Children,Greatest Hits,Rock,2:59
Crystal Gayle,Don't It Make My Brown Eyes Blue (2001 Remaster),Certified Hits,Country,2:37
The Crystals,Da Doo Ron Ron,Da Doo Ron Ron - The Very Best of the Crystals,Pop,2:20
Csaba Onczay,"Cello Suite No. 6 in D Major, BWV 1012: I. Prélude",50 of the Best: J.S. Bach,Classical,5:12
Curtis Mayfield,People Get Ready,The Berlin Sessions (1990),R&B/Soul,2:38
Curtis Mayfield,The Makings of You,Curtis (Expanded Edition),Jazz,3:44
Curtis Mayfield,Move On Up (Single Edit),Move On Up (Single Edit) - Single,Jazz,2:46
Cyndi Lauper,Time After Time,She's So Unusual: A 30th Anniversary Celebration (Deluxe Edition),Pop,4:03
Cyprien Katsaris,"Peer Gynt Suite No. 1, Op. 46: I. Morning Mood",40 Most Beautiful Piano Classics,Classical,4:09
Cyprien Katsaris,"Kinderszenen, Op. 15: VII Träumerei",40 Most Beautiful Piano Classics,Classical,2:56
Cyprien Katsaris,"Waltz No. 9 in A-Flat Major, Op. 69 No. 1, ""L'adieu valse""",40 Most Beautiful Piano Classics,Classical,4:30
Cyprien Katsaris,"Albumblatter, Op. 124: XVI. Schlummerlied",40 Most Beautiful Piano Classics,Classical,2:28
Cyprien Katsaris,"Waltz No. 11 in G-Flat Major, Op. 70 No. 1",40 Most Beautiful Piano Classics,Classical,2:16
Cyprien Katsaris,"Waltz No. 7 in C-Sharp Minor, Op. 64 No. 2",40 Most Beautiful Piano Classics,Classical,3:57
Cyprien Katsaris,"Fantasia in D Minor, K. 397",40 Most Beautiful Piano Classics,Classical,5:56
Cyprien Katsaris,"Waltz No. 3 in A Minor, Op. 34 No. 2",40 Most Beautiful Piano Classics,Classical,5:50
Cyprien Katsaris,"Holberg Suite, Op. 40: IV. Air (Andante religioso)",40 Most Beautiful Piano Classics,Classical,6:24
Cyprien Katsaris,"Waltz No.10 in B Minor, Op. 69 No. 2",40 Most Beautiful Piano Classics,Classical,4:35
Cyprien Katsaris,Waldszenen Op. 82: VII. Vogel als Prophet,40 Most Beautiful Piano Classics,Classical,3:29
"Cyprien Katsaris, Eliahu Inbal & Philharmonia Orchestra","Piano Concerto No. 2 in B-Flat Major, Op. 83: III Andante",40 Most Beautiful Orchestral Classics,Classical,13:31
The Cyrkle,Red Rubber Ball,Red Rubber Ball (A Collection),Pop,2:17
Dallas Christian Adult Concert Choir,Trust and Obey,"Most Popular Religious Songs of All Time, Vol. 4",Christian,2:50
Dámaso Pérez Prado,Cerezo Rosa,The Best of Perez Prado,Música tropical,2:38
Dámaso Pérez Prado,Quien Será,The Best of Perez Prado: The Original Mambo #5,Latin,1:59
Dámaso Pérez Prado,Mambo No. 5,Mambo No. 5,Latin Jazz,2:42
Dan Fogelberg,Longer,The Very Best of Dan Fogelberg,Rock,3:15
Dan Fogelberg,Leader of the Band,The Very Best of Dan Fogelberg,Rock,4:19
Dan Fogelberg,Same Old Lang Syne,The Very Best of Dan Fogelberg,Rock,5:20
Dan Fogelberg,Run for the Roses,The Very Best of Dan Fogelberg,Rock,4:19
Dan Fogelberg,Leader of the Band,80's Pop Hits,Pop,4:16
Daniel Barenboim,"Piano Sonata No. 8 in C Minor, Op. 13 ""Pathétique"": II. Adagio cantabile","Beethoven: Piano Sonatas (Moonlight, Pathétique & Appassionata)",Classical,5:23
Daniel O'Donnell,Beer Barrel Polka (Roll Out the Barrel) [feat. Ronnie Kennedy],Stand Beside Me Collector's Edition,Vocal,1:42
Danny & The Juniors,Rock and Roll Is Here to Stay (Re-recorded Version),20th Century Rocks: 50's Rock 'n Roll - Is Here to Stay (Re-recorded Version),Rock,2:32
Danny & The Juniors,At the Hop (Rerecorded),The 50's - A Decade to Remember: At the Hop (Rerecorded Version),Pop,2:36
Danny Kaye & The Andrews Sisters,"Civilization (Bongo, Bongo, Bongo) [Single Version]",The Very Best of Danny Kaye,Pop,3:02
Danny Rivera,Viejo San Juan Querido,Viejo San Juan Querido - Single,Latin,4:17
Dany Kane,On The Sunny Side Of The Street (1943),Harmonica,Jazz,2:21
Darius Rucker,Come Back Song,"Charleston, SC 1966 (Deluxe Version)",Country,3:55
Darius Rucker,Alright,Learn to Live,Country,3:52
Darius Rucker,Wagon Wheel,True Believers (Deluxe Version),Country,4:58
Darius Rucker,For the First Time,When Was the Last Time,Country,3:17
Darlene Love,Christmas (Baby Please Come Home),A Christmas Gift For You From Phil Spector,Christmas: Classic,2:50
Darlene Love,(Today I Met) The Boy I'm Gonna Marry,Songs of Love - The Classic Songs of Darlene Love - EP,R&B/Soul,2:46
Daryl Hall & John Oates,Rich Girl,The Very Best of Daryl Hall & John Oates,Rock,2:25
Daryl Hall & John Oates,You Make My Dreams (Come True),The Very Best of Daryl Hall & John Oates,Rock,3:08
Daryl Hall & John Oates,Private Eyes,The Very Best of Daryl Hall & John Oates,Rock,3:38
Daryl Hall & John Oates,Out of Touch,The Very Best of Daryl Hall & John Oates,Rock,4:10
Dave Brubeck,Take Five,Dave Brubeck's Greatest Hits,Jazz,5:24
Dave Brubeck,Blue Rondo à la Turk,Dave Brubeck's Greatest Hits,Jazz,6:44
The Dave Clark Five,Do You Love Me,The Hits (Bonus Track Version),Rock,2:44
The Dave Clark Five,Everybody Knows (I Still Love You),The Hits (Bonus Track Version),Rock,1:41
The Dave Clark Five,Catch Us If You Can,The Hits (Bonus Track Version),Rock,1:54
The Dave Clark Five,Because,The Hits (Bonus Track Version),Rock,2:22
The Dave Clark Five,I Like It Like That,The Hits (Bonus Track Version),Rock,1:38
Dave Dudley,Six Days On the Road,Road Music - 23 Truckin' Hits,Country,2:21
"Dave Lambert, Jon Hendricks & Annie Ross",Everyday,Sing a Song of Basie,Jazz,5:21
Dave Mason,All Along the Watchtower,The Best of Dave Mason,Rock,4:00
David Allan Coe,If That Ain’t Country,Super Hits Volume 2,Country,5:12
David Allan Coe,You Never Even Called Me By My Name,16 Biggest Hits,Country,5:14
David Allan Coe,"Willie, Waylon and Me",16 Biggest Hits,Country,3:13
David Benoit,Cast Your Fate to the Wind,The Best of David Benoit 1987-1995,Jazz,3:12
David Benoit,Kei's Song,The Best of David Benoit 1987-1995,Jazz,4:37
David Bowie,Space Oddity (1999 Remaster),Best of Bowie,Pop,5:16
David Bowie,Fame (1999 Remaster),Best of Bowie,Soundtrack,4:12
David Bowie,Let's Dance (2002 Remaster),Best of Bowie,Pop,4:05
David Bowie,Starman (2012 Remaster),The Rise and Fall of Ziggy Stardust and the Spiders from Mars (2012 Remaster),Pop,4:14
David Davidson,"Speak Softly, Love",Silver Screen Classics,Rock,2:48
David Green & Don Stephenson,Guys and Dolls,Guys and Dolls (Original Studio Cast),Soundtrack,3:14
David Haskell & Company,Prepare Ye the Way of the Lord,Godspell - A Musical Based Upon the Gospel According to St. Matthew (Original 1971 Cherry Lane Theater Cast),Soundtrack,2:03
David Newman & Ray Charles,Fathead,Pure Genius: The Complete Atlantic Recordings (1952-1959) [Remastered],R&B/Soul,5:21
David Phelps,It Is Well With My Soul,The Best of David Phelps,Christian,4:28
David Phelps,In the Garden,Hymnal,Christian,4:34
David Phelps,Only Trust Him,Hymnal,Christian,3:51
David Rose Project Orchestra,Little House on the Prairie,The David Rose Centennial Recordings,Big Band,0:59
David Sanborn,Chicago Song,A Change of Heart,Jazz,6:29
David Sanborn,Straight to the Heart (Live),Straight to the Heart (Live),Jazz,5:10
David Sanborn,Bang Bang,Upfront,Jazz,4:37
David Seville,Witch Doctor (Remastered),Witch Doctor (Remastered),Pop,2:21
David Wilcox,Missing You,Big Horizon,Rock,3:30
David Wilcox,Eye of the Hurricane,The Very Best of David Wilcox,Singer/Songwriter,3:36
Dawn,Tie a Yellow Ribbon Round the Ole Oak Tree,Tony Orlando & Dawn: The Definitive Collection,Pop,3:27
DC Talk,Between You and Me (Remastered),Jesus Freak (Remastered),Christian,4:59
DC Talk,In the Light (Remastered),Jesus Freak (Remastered),Christian,5:05
Dean Martin,Ain't That a Kick In the Head,Dino: The Essential Dean Martin,Pop,2:25
Dean Martin,That's Amore,Dino: The Essential Dean Martin,Pop,3:08
Dean Martin,Volare (Nel Blu Di Pinto Di Blu),Dino: The Essential Dean Martin,Pop,3:00
Dean Martin,Sway (Quien Sera),Dino: The Essential Dean Martin,Pop,2:42
Dean Martin,Mambo Italiano,Dino: The Essential Dean Martin,Pop,2:20
Dean Martin,You're Nobody 'Til Somebody Loves You,Dino: The Essential Dean Martin,Pop,2:13
Dean Martin,Carolina In the Morning,Dino: The Essential Dean Martin,Pop,2:17
Dean Martin,Everybody Loves Somebody,Everybody Loves Somebody,Vocal,2:47
Dean Martin,Blue Moon,The Reprise Years,Vocal Pop,3:05
Dean Martin,"When the Red, Red Robin Comes Bob, Bob, Bobbin' Along",Sittin' On Top of the World,Pop,2:27
Dean Martin,Goodnight Sweetheart,Sleep Warm,Pop,3:10
Dean Martin,"Baby, It's Cold Outside",A Winter Romance,Christmas: Classic,2:24
Debbie Reynolds,Tammy (2010 Remastered Version),Tammy (2010 Remastered Version),Vocal,3:08
Debby Boone,You Light Up My Life,The Best of Debby Boone,Country,3:36
Deep Purple,Smoke On the Water,The Very Best of Deep Purple,Hard Rock,5:39
Def Leppard,Love Bites,Hysteria,Hard Rock,5:47
Def Leppard,Pour Some Sugar On Me,Hysteria,Hard Rock,4:27
Def Leppard,Hysteria,Hysteria,Hard Rock,5:55
Del Shannon,Runaway,Runaway,Rock,2:18
Delbert McClinton,Givin' It Up for Your Love,"Alligator Records: Blues Essentials, Vol. 1",Blues,4:38
Delbert McClinton,Going Back to Louisiana,Hits of Texas Blues,Blues,3:46
Delbert McClinton,Standing On Shaky Ground (Live),Live from Austin,Blues,4:04
Delbert McClinton,Everytime I Roll the Dice,Never Been Rocked Enough,Country,4:28
The Dells,Stay in My Corner,20th Century Masters - The Millennium Collection: The Best of the Dells,R&B/Soul,6:13
The Dells,"Oh, What a Night",20th Century Masters - The Millennium Collection: The Best of the Dells,R&B/Soul,4:06
Deniece Williams,Let's Hear It for the Boy,Footloose (Soundtrack) [15th Anniversary Collectors' Edition],Soundtrack,4:22
Dennis Francis,Twinkle Twinkle Little Star,Tranceformation,Pop,3:16
Derek & The Dominos,Key to the Highway,Layla and Other Assorted Love Songs (40th Anniversary Edition),Rock,9:38
Derek & The Dominos,Layla,20th Century Masters - The Millennium Collection: The Best of Eric Clapton,Rock,7:04
Derek & The Dominos,Bell Bottom Blues,20th Century Masters - The Millennium Collection: The Best of Eric Clapton,Rock,5:02
Desi Arnaz,Babalu,The Best of Desi Arnaz: The Mambo King,Pop Latino,3:34
Desi Arnaz,Straw Hat Song,The Best of Desi Arnaz: The Mambo King,Pop Latino,2:49
Detlev Lais,Schau Mich Bitte Nicht So An,The German Song / German Charts of 40's / Recordings 1940-1949,Worldwide,2:56
Dexys Midnight Runners,Come On Eileen (Single Edit),Come On Eileen / Dubious - Single,Rock,3:26
The Diamonds,Little Darlin',The Best of the Diamonds,Pop,2:09
Diana Krall,"Fly Me To The Moon (Live In Paris, France/2001)",Live In Paris,Jazz,6:06
Diana Krall,'S Wonderful,The Look of Love,Jazz,4:28
Diana Krall,Love Letters,The Look of Love,Jazz,4:56
Diana Krall,I Remember You,The Look of Love,Jazz,3:56
Diana Krall,Bésame Mucho,The Look of Love,Jazz,6:41
Diana Krall,The Look of Love,The Look of Love,Jazz,4:42
Diana Krall,East of the Sun (West of the Moon),When I Look In Your Eyes,Jazz,4:57
Diana Ross,Reach Out and Touch (Somebody's Hand),Diana Ross (1970) [Expanded Edition],R&B/Soul,3:08
Diana Ross,Ain't No Mountain High Enough,Diana Ross & The Supremes: The No. 1's,R&B/Soul,3:35
Diana Ross,Touch Me In the Morning,Diana Ross & The Supremes: The No. 1's,R&B/Soul,3:25
Diana Ross,Upside Down,Diana Ross & The Supremes: The No. 1's,R&B/Soul,3:37
Diana Ross & Michael Jackson,Ease On Down the Road #1 (The Wiz/Soundtrack Version),The Wiz (Original Motion Picture Soundtrack),Soundtrack,3:55
Diana Ross & The Supremes,Reflections,Diana Ross & The Supremes: The No. 1's,R&B/Soul,3:17
Diana Ross & The Supremes,Love Child,Diana Ross & The Supremes: The No. 1's,R&B/Soul,3:14
Diane Bish,Dance of the Trumpets,Dance of the Trumpets - Single,Classical,4:57
Diane Bish,The Moldau,The Moldau - Single,Classical,6:36
Diane Bish,Toccata,Toccata - Single,Classical,4:17
Diane Bish & Susann McDonald,Joy to the World,Joy to the World,Holiday,2:14
Diane Bish & Susann McDonald,Hark! The Herald Angels Sing,Joy to the World,Holiday,3:49
Diane Bish & Susann McDonald,Carol Fantasy,Joy to the World,Holiday,6:45
Dick Damron,Hitch-Hiking,Starday Sessions - 1961 & 1963,Country,2:20
"Dick Halligan & Blood, Sweat & Tears",And When I Die (Single Version),Greatest Hits,Rock,3:26
Dick Haymes,You´ll Never Know,Golden Years Vol. 1,Vocal,2:51
Dickie Valentine,The Finger of Suspicion,No. 1 Hits from the UK (1953-1962),Pop,2:53
Die lustigen Burschenschaftler,Die Gedanken Sind Frei,German Folk Songs - Vol. 1,Worldwide,1:53
Die-Hard Polka Band,Beer Barrel Polka (Roll out the Barrel),"Polka, Polka, Polka",Polka,4:40
The Dillards,Dooley,Second Generation Bluegrass,Country,2:09
Dinah Shore,Skylark,The Essential Dinah Shore,Pop,3:20
Dinah Shore,Buttons and Bows,"16 Most Requested Songs: The 1940s, Vol. 1",Pop,2:02
Dinah Shore with The Harper Valley Boys,Dear Hearts and Gentle People,"16 Most Requested Songs: The 1940s, Vol. 1",Pop,2:41
Dinah Washington,Blue Skies,The Complete Dinah Washington On Mercury Vol. 7 (1961),Jazz,2:43
Dinah Washington,What a Difference a Day Makes,Ladies of the Great American Songbook,Alternative,2:32
Dinah Washington,Cry Me a River,Queen,Jazz,2:47
Dion,Runaround Sue,Runaround Sue,Pop,2:52
Dionne Warwick,I Say a Little Prayer,The Dionne Warwick Collection: Her All-Time Greatest Hits,R&B/Soul,3:05
Dionne Warwick,Do You Know the Way to San Jose,The Dionne Warwick Collection: Her All-Time Greatest Hits,R&B/Soul,2:58
Dionne Warwick,Raindrops Keep Falling On My Head,I'll Never Fall In Love Again,R&B/Soul,2:59
Dionne Warwick,"That's What Friends Are For (With Elton John, Gladys Knight & Stevie Wonder)",Love Songs,Soul,4:15
Dionne Warwick,Walk On By,Make Way for Dionne Warwick,R&B/Soul,2:58
Dionne Warwick,I'll Never Love This Way Again (Remastered),Platinum & Gold Collection,R&B/Soul,3:27
Dionne Warwick & The Spinners,Then Came You,The Very Best of the Spinners,R&B/Soul,3:57
Dioris Valladares,Carmelia Linda,The Best Dominican Merengues,Música tropical,2:54
Dire Straits,Sultans of Swing,Dire Straits,Rock,5:49
Dire Straits,Money for Nothing,Private Investigations: The Best of Dire Straits & Mark Knopfler,Rock,8:24
Dire Straits,Walk of Life,Private Investigations: The Best of Dire Straits & Mark Knopfler,Rock,4:09
Dire Straits,Brothers In Arms,Private Investigations: The Best of Dire Straits & Mark Knopfler,Rock,6:58
The Dixie Hummingbirds,Nobody Knows the Trouble I See,20th Century Masters - The Millennium Collection: The Best of the Dixie Hummingbirds,Christian,3:02
Dizzy Gillespie,Manteca,Greatest Hits,Jazz,3:07
Dizzy Gillespie,Salt Peanuts,Groovin' High,Jazz,3:17
Dizzy Gillespie,Groovin' High,Odyssey: 1945-1952,Jazz,2:44
Dizzy Gillespie & Dizzy Gillespie and His Orchestra,A Night In Tunisia,Night In Tunisia: The Very Best of Dizzy Gillespie (Remastered),Jazz,3:08
"Dizzy Gillespie, Sonny Stitt & Sonny Rollins",On The Sunny Side Of The Street,Sonny Side Up,Jazz,5:41
Dizzy Gillespie's Big Four,Hurry Home,Dizzy's Big Four,Jazz,6:22
DJ Jazzy Jeff & The Fresh Prince,The Fresh Prince of Bel-Air,Greatest Hits,Pop,2:56
Dmitri Bashkirov,Serenade,40 Most Beautiful Orchestral Classics,Classical,5:24
Doc McKenzie,Bless Me,Blessed,Christian,4:25
Doc McKenzie,Tell Jesus,Standing On the Rock (Live),Christian,3:55
Doc McKenzie,Good God,Standing On the Rock (Live),Christian,4:34
Doc McKenzie,Keep the Faith,Yet Faithful,Christian,4:04
Doc Watson,Shady Grove,The Best of Doc Watson (1964-1968),Singer/Songwriter,2:59
Doc Watson,Wabash Cannonball,Classic Railroad Songs from Smithsonian Folkways,Singer/Songwriter,3:20
Doc Watson,Sittin On Top of the World,Doc Watson,Singer/Songwriter,2:39
Doc Watson,Shady Grove,The Essential Doc Watson,Contemporary Country,2:59
Doc Watson,Black Mountain Rag,The Essential Doc Watson,Contemporary Country,1:46
Doc Watson,Windy and Warm (Instrumental) (Instrumental),Foundation: The Doc Watson Guitar Instrumental Collection 1964-1998,Country,2:15
Doc Watson,Doc's Guitar (Instrumental),Foundation: The Doc Watson Guitar Instrumental Collection 1964-1998,Country,1:31
Doc Watson,Roll In My Sweet Baby's Arms,The Vanguard Years,Singer/Songwriter,2:53
Dolly Parton,Silver and Gold,Eagle When She Flies,Country,3:51
Dolly Parton,Do I Ever Cross Your Mind?,Heartbreak Express,Country,4:04
Dolly Parton,We Three Kings,Home for Christmas,Christmas: Country,2:45
Dolly Parton,The Bridge,Just Because I'm a Woman,Country,2:34
Dolly Parton,Hard Candy Christmas,Once Upon a Christmas,Christmas: Country,3:38
Dolly Parton,Coat of Many Colors,Ultimate Dolly Parton,Country,3:03
Dolly Parton,Jolene (Single Version),Ultimate Dolly Parton,Country,2:40
Dolly Parton,I Will Always Love You,Ultimate Dolly Parton,Country,2:54
Dolly Parton,Here You Come Again (Single Version),Ultimate Dolly Parton,Country,2:53
Dolly Parton,9 to 5,Ultimate Dolly Parton,Country,3:01
Dolly Parton & Kenny Rogers,Islands In the Stream,Ultimate Dolly Parton,Country,4:09
"Dolly Parton, Linda Ronstadt & Emmylou Harris",The Pain of Loving You,The Complete Trio Collection (Deluxe Edition),Country,2:35
"Dolly Parton, Linda Ronstadt & Emmylou Harris",To Know Him Is to Love Him,The Complete Trio Collection (Deluxe Edition),Country,3:47
"Dolly Parton, Linda Ronstadt & Emmylou Harris",Wildflowers,The Complete Trio Collection (Deluxe Edition),Country,3:36
"Dolly Parton, Linda Ronstadt & Emmylou Harris",My Dear Companion,The Complete Trio Collection (Deluxe Edition),Country,2:57
"Dolly Parton, Linda Ronstadt & Emmylou Harris",Those Memories of You,The Complete Trio Collection (Deluxe Edition),Country,4:01
Dominik Hauser,Happy Days - Theme Song,"Happy Days - Theme from the TV Series (Charles Fox, Norman Gimbel) - Single",Soundtrack,1:14
Don Azpiazu,El manisero (Remastered),The Voodoo (Remastered),Caribbean,3:36
Don Gibson,I Can't Stop Lovin' You (Re-Recorded),Don Gibson: All-Time Greatest Hits (Re-Recorded Version),Country,2:35
Don Gibson,Oh Lonesome Me,RCA Country Legends: Don Gibson (Remastered),Country,2:30
Don Henley,Dirty Laundry,I Can’t Stand Still,Pop,5:37
Don Mclean,American Pie (Full Length Version),American Pie,Rock,8:34
Don Mclean,And I Love You So,The Best of Don McLean,Pop,4:18
Don Moen,God Will Make a Way,God Will Make a Way: The Best of Don Moen,Christian,4:00
Don Moen,Give Thanks,God Will Make a Way: The Best of Don Moen,Christian,3:33
Don Moen,Trust and Obey,Hymns of Hope,Christian,4:30
Don Moen,Thank You Lord,Thank You Lord,Christian,6:00
Don Omar,Danza Kuduro (feat. Lucenzo),Meet The Orphans (Deluxe Edition),Urbano latino,3:19
Don Williams,Tulsa Time,20 Greatest Hits,Country,3:13
Don Williams,I Believe In You (Single Version),20 Greatest Hits,Country,4:06
Donald Byrd,Change (Makes You Wanna Hustle),The Best of Donald Byrd,Jazz,5:09
Donald Byrd,Love Has Come Around,Love Byrd,Jazz,7:53
Donald Byrd,Just My Imagination (Running Away With Me),Places & Spaces,Jazz,4:36
Donna McKechnie,The Music and the Mirror,A Chorus Line - 40th Anniversary Celebration (Original Broadway Cast Recording),Soundtrack,6:38
Donna Summer,On the Radio,"On the Radio: Greatest Hits, Vol. I & II",R&B/Soul,4:02
Donna Summer,Love to Love You Baby,"On the Radio: Greatest Hits, Vol. I & II",Disco,4:16
Donna Summer,Hot Stuff,"On the Radio: Greatest Hits, Vol. I & II",R&B/Soul,2:55
Donna Summer,Last Dance (Single Version),Summer: The Original Hits,Pop,3:19
Donnie McClurkin,Stand,Donnie McClurkin,Christian,5:20
Donnie McClurkin,Church Medley (Live),Setlist: The Very Best of Donnie McClurkin (Live),Christian,4:35
The Doobie Brothers,China Grove,Best of the Doobies (Remastered),Rock,3:17
The Doobie Brothers,Long Train Runnin',Best of the Doobies (Remastered),Rock,3:27
The Doobie Brothers,Takin' It to the Streets,Best of the Doobies (Remastered),Rock,3:59
The Doobie Brothers,Listen to the Music,Best of the Doobies (Remastered),Rock,4:48
The Doobie Brothers,Black Water,Best of the Doobies (Remastered),Rock,4:21
The Doobie Brothers,What a Fool Believes (2016 Remastered),The Very Best of the Doobie Brothers (Remastered),Rock,3:46
Dooley Wilson,"As Time Goes By (From ""Casablanca"")","As Time Goes By (From ""Casablanca"") - Single",Vocal,3:04
The Doors,Light My Fire,The Very Best of The Doors,Rock,6:52
The Doors,Love Her Madly,The Very Best of The Doors,Rock,3:21
The Doors,Riders On the Storm,The Very Best of The Doors,Rock,7:15
The Doors,Roadhouse Blues,The Very Best of The Doors,Rock,4:04
Doris Day,Till We Meet Again,With a Smile and a Song,Vocal,2:37
Doris Day,Sentimental Journey (with Les Brown and His Orchestra),16 Most Requested Songs: Doris Day,Vocal,3:10
Doris Day,A Guy Is A Guy,16 Most Requested Songs: Doris Day,Vocal,2:40
Doris Day,Secret Love (Single Version),16 Most Requested Songs: Doris Day,Vocal,3:38
Doris Day,"Whatever Will Be, Will Be (Que Sera, Sera)",16 Most Requested Songs: Doris Day,Vocal,2:05
Doris Day,Everybody Loves a Lover (with Frank De Vol and His Orchestra) [Single Version],16 Most Requested Songs: Doris Day,Vocal,2:43
Doris Day & orchestra conducted by David Rose,"A Bushel and a Peck (From ""Guys and Dolls"")",16 Most Requested Songs - Encore!,Vocal,2:47
"Doris Day, The Norman Luboff Choir & Paul Weston and His Orchestra",On Moonlight Bay,With a Smile and a Song,Vocal,2:28
Dorothy Moore,Misty Blue,Misty Blue,Blues,3:42
Dorothy Norwood,Victory Is Mine,Dorothy Norwood: Live,Christian,5:09
Dorothy Norwood,Somebody Prayed for Me,Dorothy Norwood: Live,Christian,4:32
Dorothy Norwood,Near the Cross,Hattie B's Daughter,Christian,4:47
Dorothy Norwood,Have Your Way Lord,Live With the Georgia Mass Choir - Feel Like...,Christian,5:56
Dorothy Norwood,Shake the Devil Off,Shake the Devil Off,Christian,4:29
Dorothy Norwood and The Atlanta Chapter GMWA Mass Choir,I Still Have Joy,Better Days Ahead (Live),Christian,5:53
Dottie Peoples,Testify,Testify,Christian,5:07
Dottie Peoples & The Peoples Choice Chorale,He's an On Time God,On Time God,Christian,5:52
Dottie Rambo,Sheltered In the Arms of God,Sheltered,Christian,4:08
The Dovells,Bristol Stomp,"Cameo Parkway: The Best of The Dovells, 1961-1965",Pop,2:19
The Dramatics,Whatcha See Is Whatcha Get,The Best of the Dramatics (Remastered),R&B/Soul,3:56
The Dramatics,In the Rain,The Best of the Dramatics (Remastered),R&B/Soul,5:07
The Drells & Archie Bell,"Tighten Up, Pt. 1 (LP Version)",Tighten Up,R&B/Soul,3:16
The Drifters,White Christmas,Let the Boogie-Woogie Roll: Greatest Hits 1953-1958,R&B/Soul,2:40
The Drifters,Drip Drop,Under the Boardwalk,R&B/Soul,2:32
The Drifters,Under the Boardwalk,Under the Boardwalk,R&B/Soul,2:42
The Drifters,Up On the Roof,Under the Boardwalk,R&B/Soul,2:37
The Drifters,There Goes My Baby,Up On the Roof: The Best of the Drifters,R&B/Soul,2:14
The Drifters & Ben E. King,This Magic Moment,All-Time Greatest Hits & More (1959-1965),R&B/Soul,2:32
Duke Ellington,Satin Doll,Jazz Party,Jazz,2:41
Duke Ellington,Black Beauty,Ken Burns Jazz: Duke Ellington,Jazz,3:17
Duke Ellington,In a Sentimental Mood,Piano Reflections,Jazz,2:30
Duke Ellington & John Coltrane,My Little Brown Book,Duke Ellington & John Coltrane,Jazz,5:23
Duke Ellington & Louis Armstrong,It Don't Mean a Thing (If It Ain't Got That Swing),The Great Summit: The Master Tapes (Remastered),Jazz,3:59
Duke Ellington and His Famous Orchestra,"Take the ""A"" Train (1999 Remastered)",The Essential Duke Ellington,Jazz,2:54
Duran Duran,Hungry Like the Wolf (Single Version),Greatest,Rock,3:30
Dustin Lynch,Stars Like Confetti,Blue In the Sky,Country,3:14
Dustin Lynch,Small Town Boy,Current Mood,Country,3:26
Dusty Springfield,Son of a Preacher Man,Dusty In Memphis (Deluxe Edition),Pop,2:29
Dusty Springfield,The Windmills of Your Mind,Dusty In Memphis (Deluxe Edition),Pop,3:51
Eagles,Seven Bridges Road (Live),Eagles Live,Rock,3:05
Eagles,Hotel California,Hotel California,Rock,6:31
Eagles,Life In the Fast Lane,Hotel California,Rock,4:46
Eagles,Take It Easy,Their Greatest Hits 1971-1975,Rock,3:32
Eagles,Lyin' Eyes,Their Greatest Hits 1971-1975,Rock,6:22
Eagles,Desperado,Their Greatest Hits 1971-1975,Rock,3:34
Eagles,One of These Nights,Their Greatest Hits 1971-1975,Rock,4:51
Eagles,Tequila Sunrise,Their Greatest Hits 1971-1975,Rock,2:53
Eagles,Take It to the Limit,Their Greatest Hits 1971-1975,Rock,4:47
Eagles,Peaceful Easy Feeling,Their Greatest Hits 1971-1975,Rock,4:18
Eagles,The Best of My Love,Their Greatest Hits 1971-1975,Rock,4:35
Eagles,After the Thrill Is Gone,The Very Best of Eagles,Rock,3:57
Eagles,I Can't Tell You Why,The Very Best of Eagles,Rock,4:55
"Earth, Wind & Fire",Shining Star,Greatest Hits,R&B/Soul,2:50
"Earth, Wind & Fire",That's the Way of the World,Greatest Hits,R&B/Soul,5:43
"Earth, Wind & Fire",September,Greatest Hits,R&B/Soul,3:35
"Earth, Wind & Fire",Fantasy,Greatest Hits,R&B/Soul,4:37
"Earth, Wind & Fire",Let's Groove,Greatest Hits,R&B/Soul,5:35
"Earth, Wind & Fire",Boogie Wonderland (with The Emotions),Greatest Hits,R&B/Soul,4:48
"Earth, Wind & Fire",After the Love Has Gone,Greatest Hits,R&B/Soul,4:25
Ed Ames,Try to Remember,The Very Best of Ed Ames,Easy Listening,4:00
Ed Sheeran,Shape of You,÷ (Deluxe),Pop,3:54
Ed Sheeran,Shivers,=,Pop,3:28
Ed Sheeran & Andrea Bocelli,Perfect Symphony,Perfect Symphony - Single,Classical Crossover,4:25
Eddie Fisher,Tell Me Why,Eddie Fisher: Greatest Hits (Remastered),Pop,2:34
Eddie Floyd,Knock On Wood (Single Version),Knock On Wood,Rock,3:10
Eddie Floyd,I've Never Found a Girl (To Love Me Like You Do),Stax Profiles: Eddie Floyd,R&B/Soul,2:44
Eddie Money,Two Tickets to Paradise,The Best of Eddie Money,Rock,3:58
Eddie Quillan & MGM Chorus,Brigadoon: Once in the Highlands,Classic Cinematic Music,Soundtrack,2:44
Eddie Rabbitt,Drivin' My Life Away,Rhino Hi-Five: Eddie Rabbit - EP,Country,3:16
Eddie Rabbitt,I Love a Rainy Night,Rhino Hi-Five: Eddie Rabbit - EP,Country,3:11
Eddy Arnold,Bouquet of Roses,The Best of Eddy Arnold,Country,2:23
Eddy Arnold,Tennessee Stud,RCA Country Legends: Eddy Arnold,Country,3:06
Eddy Arnold,Somebody Like Me,Ultimate Eddy Arnold,Country,2:27
The Edgar Winter Group,Free Ride,The Best of Edgar Winter,Rock,3:08
The Edgar Winter Group,Frankenstein,They Only Come Out at Night,Rock,4:44
Édith Piaf,La vie en rose,The Best of Édith Piaf,French Pop,3:08
Édith Piaf,Paris,The Best of Édith Piaf,French Pop,2:42
Édith Piaf,Chante moi,The Best of Édith Piaf,French Pop,3:22
Édith Piaf,Padam Padam,The Best of Édith Piaf,French Pop,3:18
Édith Piaf,Sous le ciel de Paris,The Best of Édith Piaf,French Pop,3:34
Édith Piaf,"Non, je ne regrette rien",The Best of Édith Piaf,French Pop,2:22
Edwin Hawkins,Lord Don't Move That Mountain,The Very Best of the Edwin Hawkins Singers: 16 Inspirational Recordings,Christian,4:55
Edwin Hawkins,I Heard the Voice of Jesus,The Very Best of the Edwin Hawkins Singers: 16 Inspirational Recordings,Christian,6:09
The Edwin Hawkins Singers,Oh Happy Day (feat. Dorothy Combs Morrison),Oh Happy Day: The Best of The Edwin Hawkins Singers (Remastered),Gospel,5:09
The Edwin Hawkins Singers,"Jesus, Lover of My Soul",Oh Happy Day: The Best of The Edwin Hawkins Singers (Remastered),Gospel,4:13
The Edwin Hawkins Singers,Ooh Child,Oh Happy Day: The Best of The Edwin Hawkins Singers (Remastered),Gospel,3:23
The Edwin Hawkins Singers,I'm Going Through,Oh Happy Day: The Best of The Edwin Hawkins Singers (Remastered),Gospel,5:06
Edwin McCain,I'll Be,Rhino Hi-Five: Edwin McCain - EP,Pop,4:27
Edwin Philip Pryor & National Honor Band & Chorus,The Stars and Stripes Forever,"The 50 Greatest Patriotic Songs and Marches of the USA for Memorial Day, July 4th, Veteran's Day with God Bless America, Taps, My Country Tis of Thee and More",Holiday,3:28
Edwin R. Hawkins,I Believe,Edwin Hawkins Singers - Christmas,Christian,3:04
Eitan Katz,Adon Olam,L'Maancha,Worldwide,5:20
El Gran Combo de Puerto Rico,Acangana,Acangana,Música tropical,2:44
El Gran Combo de Puerto Rico,El Pirulero,Acangana (Remastered),Música tropical,2:58
El Gran Combo de Puerto Rico,Gran Combo's Boogaloo,Boogaloos Con el Gran Combo,Música tropical,2:40
El Gran Combo de Puerto Rico,Meneame los Mangos,Meneame los Mangos,Música tropical,3:12
El Gran Combo de Puerto Rico,A la Verdegue,Meneame los Mangos,Música tropical,2:26
El Gran Combo de Puerto Rico,No Hay Cama Pa' Tanta Gente,Nuestra Música (Remastered),Música tropical,4:28
El Gran Combo de Puerto Rico,Un Verano en Nueva York,Número 7 (Remastered),Música tropical,4:59
Electric Light Orchestra,Don't Bring Me Down,All Over the World: The Very Best of Electric Light Orchestra,Rock,4:04
Electric Light Orchestra,Do Ya,A New World Record,Rock,3:44
Elisabeth Leonskaja,"Nocturne No. 1 in B-Flat Minor, Op. 9 No. 1",40 Most Beautiful Piano Classics,Classical,6:41
Elisabeth Leonskaja,"Nocturne No. 2 in E-Flat Major, Op. 9 No. 2",40 Most Beautiful Piano Classics,Classical,5:07
Elisabeth Leonskaja,"Nocturne No. 19 in E Minor, Op. 72 No. 1",40 Most Beautiful Piano Classics,Classical,4:31
Elisabeth Leonskaja,"Nocturne No. 5 in F-Sharp Minor, Op. 15 No. 2",40 Most Beautiful Piano Classics,Classical,4:05
Elisabeth Leonskaja,Pictures at an Exhibition: IV. The Old Castle,40 Most Beautiful Piano Classics,Classical,5:22
Elizabeth Cotten,Freight Train,Freight Train and Other North Carolina Folk Songs and Tunes,Singer/Songwriter,2:46
Elizabeth Farr,"Suite in E Minor, BWV 996: IV. Sarabande",50 of the Best: J.S. Bach,Classical,3:01
"Elizabeth Harwood, Herbert von Karajan, Schonberger Sangerknaben, Chor der Deutschen Oper Berlin, Michel Sénéchal, Mirella Freni, Berlin Philharmonic, Luciano Pavarotti, Nicolai Ghiaurov, Rolando Panerai & Gianni Maffeo","La bohème, Act II: Quando m'en vo' (Musetta's Waltz)",Puccini: La Bohème,Classical,5:29
Ella Fitzgerald,'S Wonderful,The Best of the Song Books,Jazz,3:30
Ella Fitzgerald,They Can't Take That Away From Me,The Best of the Song Books,Jazz,3:12
Ella Fitzgerald,Anything Goes,Ella Fitzgerald Sings the Cole Porter Songbook (Expanded Edition),Jazz,3:21
Ella Fitzgerald,I Got Rhythm,Ella Fitzgerald Sings the George & Ira Gershwin Song Book (Expanded Edition),Jazz,3:07
Ella Fitzgerald,But Not For Me,Ella Fitzgerald Sings the George and Ira Gershwin Song Book,Jazz,3:34
Ella Fitzgerald,Angels We Have Heard On High,Ella Fitzgerald's Christmas (Deluxe Edition),Holiday,1:46
Ella Fitzgerald,Misty,Ella For Lovers,Jazz,2:52
Ella Fitzgerald,Someone To Watch Over Me,Ella: The Legendary Decca Recordings,Jazz,3:17
Ella Fitzgerald,That's My Desire (feat. Andy Love Quintet),Ella: The Legendary Decca Recordings,Jazz,3:02
Ella Fitzgerald,Lullaby of Birdland,Gold: Ella Fitzgerald,Jazz,2:50
Ella Fitzgerald,Smooth Sailing (feat. The Ray Charles Singers),Ken Burns's Jazz,Jazz,3:07
Ella Fitzgerald,There Will Never Be Another You (Live),North Sea Jazz Legendary Concerts: Ella Fitzgerald (Live),Jazz,2:56
Ella Fitzgerald,It Had to Be You (Live),Twelve Nights In Hollywood (Live),Jazz,3:56
Ella Fitzgerald,How High the Moon,Women of Jazz: The Best of Billie Holiday and Ella Fitzgerald,Jazz,2:15
Ella Fitzgerald,"A-Tisket, A-Tasket (feat. Chick Webb and His Orchestra)",20th Century Masters: The Millennium Collection: Best Of Ella Fitzgerald,Jazz,2:39
Ella Fitzgerald & Buddy Bregman,Blue Moon (Stereo Version),Ella Fitzgerald Sings the Rodgers & Hart Songbook,Jazz,3:13
Ella Fitzgerald & London Symphony Orchestra,Let's Do It (Let's Fall In Love),Someone to Watch Over Me,Jazz,3:36
Ella Fitzgerald & Louis Armstrong,Dream a Little Dream of Me,Cheek To Cheek: The Complete Duet Recordings,Jazz,3:08
Ella Fitzgerald & Louis Armstrong,Cheek To Cheek,Cheek To Cheek: The Complete Duet Recordings,Jazz,5:53
Ella Mae Morse & Freddie Slack,Cow Cow Boogie (Remastered),Cow Cow Boogie (Remastered) - Single,Pop,3:16
Elton John,Philadelphia Freedom,Diamonds,Pop,5:30
Elton John,I'm Still Standing,Diamonds,Pop,3:05
Elton John,Tiny Dancer (Remastered),Diamonds (Deluxe),Pop,6:16
Elton John,Rocket Man (I Think It's Going To Be a Long Long Time) [Remastered],Diamonds (Deluxe),Pop,4:42
Elton John,Sad Songs (Say So Much) [Remastered],Diamonds (Deluxe),Pop,4:48
Elton John,Empty Garden (Hey Hey Johnny) [Remastered],Diamonds (Deluxe),Pop,5:11
Elton John,Crocodile Rock,Don't Shoot Me I'm Only The Piano Player (Bonus Tracks Version),Pop,3:55
Elton John,Daniel,Don't Shoot Me I'm Only The Piano Player (Bonus Tracks Version),Pop,3:55
Elton John,Your Song,Elton John,Pop,4:05
Elton John,Border Song,Elton John,Pop,3:22
Elton John,Candle In the Wind (2014 Remaster),Goodbye Yellow Brick Road (2014 Remaster),Rock,3:49
Elton John,Bennie and the Jets (2014 Remaster),Goodbye Yellow Brick Road (2014 Remaster),Rock,5:23
Elton John,Goodbye Yellow Brick Road (2014 Remaster),Goodbye Yellow Brick Road (2014 Remaster),Rock,3:13
Elton John,Saturday Night's Alright for Fighting (2014 Remaster),Goodbye Yellow Brick Road (2014 Remaster),Rock,4:55
Elton John,Circle of Life,The Lion King (Original Motion Picture Soundtrack),Musicals,4:52
Elton John,Can You Feel the Love Tonight,The Lion King (Original Motion Picture Soundtrack),Musicals,4:01
Elton John,Levon,Madman Across the Water,Pop,5:23
Elton John,I Guess That's Why They Call It the Blues,Too Low For Zero (Bonus Track Version),Pop,4:45
Elton John,Where to Now St. Peter?,Tumbleweed Connection (Remastered),Pop,4:11
Elton John,Amoreena,Tumbleweed Connection (Remastered),Pop,5:03
Elton John & Kiki Dee,Don't Go Breaking My Heart,Diamonds,Pop,4:27
Elvira Rios,Llevame,Temor,Latin,3:24
Elvis Crespo,Suavemente,Suavemente,Música tropical,4:27
Elvis Crespo,Tu Sonrisa,Suavemente,Música tropical,4:34
Elvis Presley,Blue Hawaii,Blue Hawaii (Original Soundtrack),Pop,2:37
Elvis Presley,Aloha Oe,Blue Hawaii (Original Soundtrack),Pop,1:55
Elvis Presley,Hawaiian Wedding Song,Blue Hawaii (Original Soundtrack),Pop,2:49
Elvis Presley,"Shake, Rattle and Roll",The Complete '50s Albums Collection,Rock,2:30
Elvis Presley,There's Always Me,"The Complete '60s Albums Collection, Vol. 1: 1960-1965",Pop,2:20
Elvis Presley,Heartbreak Hotel,Elv1s: 30 #1 Hits,Rock,2:08
Elvis Presley,Love Me Tender,Elv1s: 30 #1 Hits,Rock,2:42
Elvis Presley,All Shook Up,Elv1s: 30 #1 Hits,Rock,1:58
Elvis Presley,(Let Me Be Your) Teddy Bear,Elv1s: 30 #1 Hits,Rock,1:47
Elvis Presley,Jailhouse Rock,Elv1s: 30 #1 Hits,Rock,2:35
Elvis Presley,"Hard Headed Woman (From ""King Creole"")",Elv1s: 30 #1 Hits,Rock,1:54
Elvis Presley,One Night,Elv1s: 30 #1 Hits,Rock,2:32
Elvis Presley,(Now and Then There's) A Fool Such As I,Elv1s: 30 #1 Hits,Rock,2:39
Elvis Presley,A Big Hunk O' Love,Elv1s: 30 #1 Hits,Rock,2:13
Elvis Presley,Stuck On You,Elv1s: 30 #1 Hits,Rock,2:19
Elvis Presley,It's Now or Never,Elv1s: 30 #1 Hits,Rock,3:15
Elvis Presley,Wooden Heart,Elv1s: 30 #1 Hits,Rock,2:02
Elvis Presley,Surrender,Elv1s: 30 #1 Hits,Rock,1:52
Elvis Presley,(Marie's the Name) His Latest Flame,Elv1s: 30 #1 Hits,Rock,2:07
Elvis Presley,Good Luck Charm,Elv1s: 30 #1 Hits,Rock,2:25
Elvis Presley,She's Not You,Elv1s: 30 #1 Hits,Rock,2:09
Elvis Presley,(You're The) Devil In Disguise,Elv1s: 30 #1 Hits,Rock,2:20
Elvis Presley,Suspicious Minds,Elv1s: 30 #1 Hits,Rock,4:32
Elvis Presley,Way Down,Elv1s: 30 #1 Hits,Rock,2:37
Elvis Presley,Santa Claus Is Back In Town,Elvis' Christmas Album,Christmas: Classic,2:26
Elvis Presley,Blue Christmas,Elvis' Christmas Album,Christmas: Classic,2:10
Elvis Presley,That's All Right,The Essential Elvis Presley,Rock,1:57
Elvis Presley,Blue Suede Shoes,The Essential Elvis Presley,Rock,2:01
Elvis Presley,Hound Dog,The Essential Elvis Presley,Rock,2:18
Elvis Presley,Don't Be Cruel,The Essential Elvis Presley,Rock,2:05
Elvis Presley,Are You Lonesome Tonight?,The Essential Elvis Presley,Rock,3:08
Elvis Presley,Can't Help Falling In Love,The Essential Elvis Presley,Rock,3:02
Elvis Presley,Return to Sender,The Essential Elvis Presley,Rock,2:08
Elvis Presley,Memories (Stereo Mix),The Essential Elvis Presley,Rock,3:07
Elvis Presley,In the Ghetto,The Essential Elvis Presley,Rock,2:49
Elvis Presley,The Wonder of You,The Essential Elvis Presley,Rock,2:39
Elvis Presley,Burning Love,The Essential Elvis Presley,Rock,2:51
Elvis Presley,Always On My Mind,The Essential Elvis Presley,Rock,3:39
Elvis Presley,His Hand In Mine,Peace In the Valley: The Complete Gospel Recordings,Christian,3:16
Elvis Presley,I'm Gonna Walk Dem Golden Stairs,Peace In the Valley: The Complete Gospel Recordings,Christian,1:51
Elvis Presley,In My Father's House,Peace In the Valley: The Complete Gospel Recordings,Christian,2:05
Elvis Presley,Milky White Way,Peace In the Valley: The Complete Gospel Recordings,Christian,2:15
Elvis Presley,Known Only to Him,Peace In the Valley: The Complete Gospel Recordings,Christian,2:09
Elvis Presley,I Believe In the Man In the Sky,Peace In the Valley: The Complete Gospel Recordings,Christian,2:12
Elvis Presley,Joshua Fit the Battle,Peace In the Valley: The Complete Gospel Recordings,Christian,2:40
Elvis Presley,He Knows Just What I Need,Peace In the Valley: The Complete Gospel Recordings,Christian,2:13
Elvis Presley,Swing Down Sweet Chariot,Peace In the Valley: The Complete Gospel Recordings,Christian,2:33
Elvis Presley,Mansion Over the Hilltop,Peace In the Valley: The Complete Gospel Recordings,Christian,2:57
Elvis Presley,If We Never Meet Again,Peace In the Valley: The Complete Gospel Recordings,Christian,1:59
Elvis Presley,Working On the Building,Peace In the Valley: The Complete Gospel Recordings,Christian,1:53
Elvis Presley,Crying In the Chapel,Peace In the Valley: The Complete Gospel Recordings,Pop,2:25
Elvis Presley,How Great Thou Art,Peace In the Valley: The Complete Gospel Recordings,Christian,3:02
Elvis Presley,In the Garden,Peace In the Valley: The Complete Gospel Recordings,Christian,3:10
Elvis Presley,Somebody Bigger Than You and I,Peace In the Valley: The Complete Gospel Recordings,Christian,2:25
Elvis Presley,Farther Along,Peace In the Valley: The Complete Gospel Recordings,Classic Christian,4:05
Elvis Presley,Stand By Me,Peace In the Valley: The Complete Gospel Recordings,Christian,2:29
Elvis Presley,Without Him,Peace In the Valley: The Complete Gospel Recordings,Christian,2:29
Elvis Presley,So High,Peace In the Valley: The Complete Gospel Recordings,Christian,1:59
Elvis Presley,Where Could I Go But to the Lord,Peace In the Valley: The Complete Gospel Recordings,Christian,3:37
Elvis Presley,By and By,Peace In the Valley: The Complete Gospel Recordings,Christian,1:53
Elvis Presley,If the Lord Wasn't Walking By My Side,Peace In the Valley: The Complete Gospel Recordings,Christian,1:37
Elvis Presley,Run On,Peace In the Valley: The Complete Gospel Recordings,Christian,2:23
Elvis Presley,Where No One Stands Alone,Peace In the Valley: The Complete Gospel Recordings,Christian,2:43
Elvis Presley,We Call On Him,Peace In the Valley: The Complete Gospel Recordings,Christian,2:33
Elvis Presley,You'll Never Walk Alone,Peace In the Valley: The Complete Gospel Recordings,Christian,2:44
Elvis Presley,Who Am I?,Peace In the Valley: The Complete Gospel Recordings,Christian,3:19
Elvis Presley,Life,Peace In the Valley: The Complete Gospel Recordings,Christian,3:10
Elvis Presley,Only Believe,Peace In the Valley: The Complete Gospel Recordings,Christian,2:48
Elvis Presley,He Touched Me,Peace In the Valley: The Complete Gospel Recordings,Christian,2:39
Elvis Presley,I've Got Confidence,Peace In the Valley: The Complete Gospel Recordings,Christian,2:22
Elvis Presley,Amazing Grace,Peace In the Valley: The Complete Gospel Recordings,Christian,3:36
Elvis Presley,Seeing Is Believing,Peace In the Valley: The Complete Gospel Recordings,Christian,2:54
Elvis Presley,He Is My Everything,Peace In the Valley: The Complete Gospel Recordings,Christian,2:40
Elvis Presley,Bosom of Abraham,Peace In the Valley: The Complete Gospel Recordings,Christian,1:37
Elvis Presley,An Evening Prayer,Peace In the Valley: The Complete Gospel Recordings,Christian,1:55
Elvis Presley,"Lead Me, Guide Me",Peace In the Valley: The Complete Gospel Recordings,Christian,2:41
Elvis Presley,There Is No God But God,Peace In the Valley: The Complete Gospel Recordings,Christian,2:20
Elvis Presley,A Thing Called Love,Peace In the Valley: The Complete Gospel Recordings,Country,2:26
Elvis Presley,"I, John",Peace In the Valley: The Complete Gospel Recordings,Christian,2:18
Elvis Presley,Reach Out to Jesus,Peace In the Valley: The Complete Gospel Recordings,Christian,3:15
Elvis Presley,Miracle of the Rosary,Peace In the Valley: The Complete Gospel Recordings,Christian,1:51
Elvis Presley,Put Your Hand In the Hand,Peace In the Valley: The Complete Gospel Recordings,Christian,3:16
Elvis Presley,I Got a Feelin' In My Body,Peace In the Valley: The Complete Gospel Recordings,Rock,3:34
Elvis Presley,Help Me,Peace In the Valley: The Complete Gospel Recordings,Country,2:28
Elvis Presley,If That Isn't Love,Peace In the Valley: The Complete Gospel Recordings,Christian,3:31
Elvis Presley,Help Me (Live),Peace In the Valley: The Complete Gospel Recordings,Country,2:38
Elvis Presley,Why Me Lord (Live),Peace In the Valley: The Complete Gospel Recordings,Christian,2:51
Elvis Presley,How Great Thou Art (Live),Peace In the Valley: The Complete Gospel Recordings,Christian,3:34
Elvis Presley,Farther Along (Rehearsal),Peace In the Valley: The Complete Gospel Recordings,Classic Christian,1:23
Elvis Presley,Oh Happy Day (Rehearsal),Peace In the Valley: The Complete Gospel Recordings,Christian,1:50
Elvis Presley,"I, John",Peace In the Valley: The Complete Gospel Recordings,Christian,2:17
Elvis Presley,Bosom of Abraham,Peace In the Valley: The Complete Gospel Recordings,Christian,0:50
Elvis Presley,You Better Run,Peace In the Valley: The Complete Gospel Recordings,Christian,1:50
Elvis Presley,"Lead Me, Guide Me",Peace In the Valley: The Complete Gospel Recordings,Christian,2:28
Elvis Presley,Turn Your Eyes Upon Jesus / Nearer My God to Thee,Peace In the Valley: The Complete Gospel Recordings,Christian,3:43
Elvis Presley,When the Saints Go Marching In,Peace In the Valley: The Complete Gospel Recordings,Pop,1:23
Elvis Presley,Just a Little Talk with Jesus,Peace In the Valley: The Complete Gospel Recordings,Christian,4:02
Elvis Presley,Jesus Walked That Lonesome Valley,Peace In the Valley: The Complete Gospel Recordings,Christian,3:10
Elvis Presley,I Shall Not Be Moved,Peace In the Valley: The Complete Gospel Recordings,Christian,3:18
Elvis Presley,(There'll Be) Peace In the Valley (For Me),Peace In the Valley: The Complete Gospel Recordings,Christian,1:33
Elvis Presley,Down By the Riverside,Peace In the Valley: The Complete Gospel Recordings,Christian,2:24
Elvis Presley,Farther Along,Peace In the Valley: The Complete Gospel Recordings,Classic Christian,2:08
Elvis Presley,Blessed Jesus (Hold My Hand),Peace In the Valley: The Complete Gospel Recordings,Christian,1:13
Elvis Presley,On the Jericho Road,Peace In the Valley: The Complete Gospel Recordings,Christian,0:49
Elvis Presley,I Just Can't Make It By Myself,Peace In the Valley: The Complete Gospel Recordings,Christian,1:10
Elvis Presley,I Hear a Sweet Voice Calling,Peace In the Valley: The Complete Gospel Recordings,Christian,0:44
Elvis Presley,When the Saints Go Marching In,Peace In the Valley: The Complete Gospel Recordings,Pop,2:20
Elvis Presley,Softly and Tenderly,Peace In the Valley: The Complete Gospel Recordings,Christian,2:34
Elvis Presley,(There'll Be) Peace In the Valley (For Me),Peace In the Valley: The Complete Gospel Recordings,Christian,3:22
Elvis Presley,It Is No Secret (What God Can Do),Peace In the Valley: The Complete Gospel Recordings,Christian,3:55
Elvis Presley,I Believe,Peace In the Valley: The Complete Gospel Recordings,Christian,2:05
Elvis Presley,"Take My Hand, Precious Lord",Peace In the Valley: The Complete Gospel Recordings,Christian,3:18
Elvis Presley,I Asked the Lord (Alternate Take),Peace In the Valley: The Complete Gospel Recordings,Christian,1:20
Elvis Presley,He,Peace In the Valley: The Complete Gospel Recordings,Christian,1:46
Elvis Presley,Oh How I Love Jesus,Peace In the Valley: The Complete Gospel Recordings,Christian,1:59
Elvis Presley,"Show Me Thy Ways, O Lord",Peace In the Valley: The Complete Gospel Recordings,Christian,2:34
Elvis Presley,Hide Thou Me,Peace In the Valley: The Complete Gospel Recordings,Christian,1:05
Elvis Presley,Down By the Riverside / When the Saints Go Marching In,Peace In the Valley: The Complete Gospel Recordings,Christian,1:56
Elvis Presley,Sing You Children,Peace In the Valley: The Complete Gospel Recordings,Christian,2:14
Elvis Presley,Swing Down Sweet Chariot,Peace In the Valley: The Complete Gospel Recordings,Christian,2:15
Elvis Presley,Let Us Pray,Peace In the Valley: The Complete Gospel Recordings,Christian,3:01
Elvis Presley,Gospel Medley: Sometimes I Feel Like a Motherless Child / Where Could I Go But to the Lord / Up Above My Head / Saved (Live),Peace In the Valley: The Complete Gospel Recordings,Christian,9:00
Elvis Presley,The Lord's Prayer (Informal Performance),Peace In the Valley: The Complete Gospel Recordings,Christian,2:09
Elvis Presley,How Great Thou Art (Live),Peace In the Valley: The Complete Gospel Recordings,Christian,3:20
Elvis Presley,(There'll Be) Peace In the Valley (For Me) [Live],Peace In the Valley: The Complete Gospel Recordings,Christian,1:43
Elvis Presley,"You've Lost That Loving Feeling (Live at The International Hotel, Las Vegas)",Walk a Mile in My Shoes: The Essential '70s Masters,Pop,4:22
Elvis Presley & The Jordanaires,Don't,Elv1s: 30 #1 Hits,Rock,2:49
Elvis Presley & JXL,A Little Less Conversation (JXL Radio Edit Remix),Elv1s: 30 #1 Hits,Rock,3:33
Elvis Presley & Royal Philharmonic Orchestra,Bridge Over Troubled Water (with The Royal Philharmonic Orchestra),If I Can Dream: Elvis Presley with the Royal Philharmonic Orchestra,Pop,4:37
The Embers,Hold Back the Night,I Love Beach Music,R&B/Soul,3:07
The Embers,I Love Beach Music,I Love Beach Music,R&B/Soul,3:03
The Embers,Summertimes Calling Me,I Love Beach Music,R&B/Soul,2:43
The Embers,Little Mama,Little Mama - Single,Blues,3:45
"Emilia Csanky, Budapesti vonósok & Béla Bánfalvi","Concerto for Violin & Oboe in C Minor, BWV 1060: II. Adagio",50 of the Best: J.S. Bach,Classical,6:32
Emmylou Harris,One of These Days,Emmylou Harris Anthology: The Warner / Reprise Years,Country,3:07
Emmylou Harris,Beneath Still Waters,Emmylou Harris Anthology: The Warner / Reprise Years,Country,3:45
Emmylou Harris,To Know Him Is to Love Him,Emmylou Harris Anthology: The Warner / Reprise Years,Country,3:54
Emmylou Harris,Making Believe,Heartaches & Highways: The Very Best of Emmylou Harris,Country,3:36
Emmylou Harris,One of These Days,Heartaches & Highways: The Very Best of Emmylou Harris,Country,3:04
Emmylou Harris,Together Again,Heartaches & Highways: The Very Best of Emmylou Harris,Country,3:54
Emmylou Harris,Two More Bottles of Wine,Quarter Moon in a Ten Cent Town (Remastered),Country,3:06
Emmylou Harris & Herb Pedersen,If I Could Only Win Your Love,Pieces of the Sky (Remastered),Country,2:36
"Emmylou Harris, Alison Krauss & Gillian Welch",Didn't Leave Nobody But the Baby,"O Brother, Where Art Thou? (Music from the Motion Picture)",Country,1:59
The Emotions,Best of My Love,Best of My Love: The Best of The Emotions,R&B/Soul,3:40
Engelbert Humperdinck,"Quando, Quando, Quando",Engelbert Humperdinck: His Greatest Hits,Pop,3:22
Engelbert Humperdinck,Love Me With All Your Heart (Cuando Calienta El Sol),We Made It Happen,Pop,3:22
Engelbert Humperdinck,Release Me,20th Century Masters - The Millennium Collection: Engelbert Humperdinck,Easy Listening,3:18
Engelbert Humperdinck,The Last Waltz,20th Century Masters - The Millennium Collection: Engelbert Humperdinck,Easy Listening,2:58
Engelbert Humperdinck,After the Lovin',20th Century Masters - The Millennium Collection: Engelbert Humperdinck,Easy Listening,3:54
Enno Voorhorst,"Partita in A Minor, BWV 1013: III. Sarabande (Arr. E. Voorhorst for Guitar)",50 of the Best: J.S. Bach,Classical,6:05
Enrique Iglesias,Bailamos,Enrique,Pop Latino,3:34
Enrique Iglesias,Ritmo Total,Enrique,Pop Latino,3:30
Enrique Jorrin,Silver Star,El Rey del Cha-Cha-Cha,Música tropical,4:08
Enya,Only Time,A Day Without Rain,Pop,3:39
Enya,Watermark,Watermark,Pop,2:26
Eric Carmen,Hungry Eyes,Dirty Dancing (Original Motion Picture Soundtrack),Soundtrack,4:08
Eric Church,Smoke a Little Smoke,Carolina,Country,3:11
Eric Church,Creepin' (Live),Caught In the Act (Live),Country,4:48
Eric Church,Drink In My Hand,Chief,Country,3:11
Eric Church,Springsteen,Chief,Country,4:23
Eric Church,Some of It,Desperate Man,Country,3:15
Eric Clapton,Change the World,Clapton Chronicles: The Best of Eric Clapton,Rock,3:55
Eric Clapton,Tears In Heaven,Complete Clapton,Rock,4:32
Eric Clapton,My Father's Eyes,Complete Clapton,Rock,5:23
Eric Clapton,Tears In Heaven,Rush (Music from the Motion Picture Soundtrack),Soundtrack,4:32
Eric Clapton,I Shot the Sheriff,20th Century Masters - The Millennium Collection: The Best of Eric Clapton,Rock,4:24
Eric Clapton,Knockin' On Heaven's Door,20th Century Masters - The Millennium Collection: The Best of Eric Clapton,Rock,4:22
Eric Clapton,Wonderful Tonight,20th Century Masters - The Millennium Collection: The Best of Eric Clapton,Rock,3:43
Eric Clapton,Lay Down Sally,20th Century Masters - The Millennium Collection: The Best of Eric Clapton,Rock,3:52
Ernest Gold,Theme of Exodus,Exodus (Soundtrack),Soundtrack,2:45
Ernest Tubb,Walking the Floor Over You (1941 Single Version),The Definitive Collection,Country,2:35
Ernest Tubb,Have You Ever Been Lonely (Have You Ever Been Blue)?,The Definitive Collection,Country,2:49
Ernest Tubb,Waltz Across Texas,20th Century Masters - The Millennium Collection: The Best of Ernest Tubb,Country,2:38
Ernesto Cortazar,Beethoven's Silence,Just for You,Latin,2:38
Ernesto Lecuona,Malagueña,Cuban Originals: Ernesto Lecuona,Música tropical,3:11
Ernie K-Doe,Mother In Law,Burn! K-Doe! Burn!,R&B/Soul,2:43
Ernö Sebestyén & Philharmonische Virtuosen Berlin,"Serenade in C Major, Op. 48: IV. Finale [Tema russo]",40 Most Beautiful Orchestral Classics,Classical,7:39
Escolania Y Schola De La Abadia De Santa Cruz Del Valle De Los Caidos,Kyrie,Essential Gregorian Chant,Classical,2:57
Escolania Y Schola De La Abadia De Santa Cruz Del Valle De Los Caidos,Gloria,Essential Gregorian Chant,Classical,3:24
Escolania Y Schola De La Abadia De Santa Cruz Del Valle De Los Caidos,Credo,Essential Gregorian Chant,Classical,4:51
Escolania Y Schola De La Abadia De Santa Cruz Del Valle De Los Caidos,Agnus Dei,Essential Gregorian Chant,Classical,1:33
Eteri Andjaparidze,"Herz und Mund und Tat und Leben, BWV 147: X. Jesus bleibet meine Freude (Arr. M. Hess for Piano)",50 of the Best: J.S. Bach,Classical,3:15
Ethel Merman,Gypsy: Everything's Coming Up Roses,Gypsy (Original 1959 Broadway Cast Recording),Musicals,3:06
Ethel Merman & Ray Middleton,Anything You Can Do,Annie Get Your Gun (Original 1946 Broadway Cast Recording) [2000 Remaster],Musicals,3:15
Etta Baker & Taj Mahal,Railroad Bill (1956 Release),Etta Baker With Taj Mahal,Blues,3:24
Etta James,A Sunday Kind of Love,At Last!,Blues,3:17
Etta James,At Last,At Last!,Blues,3:01
Etta James,Stormy Weather,At Last!,Blues,3:08
Etta James,"Lord, Don't Move That Mountain",The Heart and Soul of Etta James,R&B/Soul,5:02
Etta James,Something's Got a Hold On Me,Her Best - The Chess 50th Anniversary Collection,Blues,2:47
Etta James,I'd Rather Go Blind,Tell Mama,Blues,2:37
"Eugene Ormandy, The Tabernacle Choir at Temple Square & The Philadelphia Orchestra","Judas Maccabaeus: See, the Conqu'ring Hero Comes!",20 Great Bach & Handel Choruses,Classical,3:57
"Eugene Ormandy, The Tabernacle Choir at Temple Square & The Philadelphia Orchestra",Judas Maccabaeus: Sing Unto God,20 Great Bach & Handel Choruses,Classical,3:03
Eugene Pitt,I Love Beach Music,Steppin' Out In Front,Pop,3:31
Eugenia Zukerman & Shanghai Quartet,Snow White and the Seven Dwarfs: Heigh Ho! (in the Style of Mozart),Heigh-Ho! Mozart - Favorite Disney Tunes in the Style of Great Classical Composers,Classical,2:42
Europe,The Final Countdown,The Final Countdown (Expanded Edition),Hard Rock,5:10
Eurythmics,Sweet Dreams (Are Made of This),Ultimate Collection (Remastered),Pop,3:37
Eurythmics,Here Comes the Rain Again,Ultimate Collection (Remastered),Pop,4:50
Eurythmics,Sisters Are Doin' It for Themselves,Ultimate Collection (Remastered),Pop,4:54
Eva Cassidy,Fields of Gold,Songbird,Singer/Songwriter,4:42
Eva Cassidy,Songbird,Songbird,Singer/Songwriter,3:44
"Evadne Baker, Anna Lee, Portia Nelson & Marni Nixon",Maria,The Sound of Music (Original Motion Picture Soundtrack),Musicals,3:17
"Evadne Baker, Anna Lee, Portia Nelson & Marni Nixon",Processional and Maria,The Sound of Music (Original Motion Picture Soundtrack),Musicals,2:27
"Evadne Baker, Anna Lee, Portia Nelson & Marni Nixon",Maria,The Sound Of Music (Original Soundtrack Recording),Soundtrack,3:19
The Everly Brothers,Bye Bye Love,The Everly Brothers' Best,Rock,2:24
The Everly Brothers,Wake Up Little Susie,The Everly Brothers' Best,Rock,2:07
The Everly Brothers,All I Have to Do Is Dream,The Everly Brothers' Best,Rock,2:22
The Everly Brothers,Let It Be Me,The Fabulous Style of the Everly Brothers,Rock,2:39
The Everly Brothers,Cathy's Clown,The Golden Hits of the Everly Brothers,Pop,2:24
The Everly Brothers,('Til) I Kissed You,The Very Best of the Everly Brothers,Pop,2:24
The Everly Brothers,Devoted to You,The Very Best of the Everly Brothers,Pop,2:21
The Excellents,Coney Island Baby,Coney Island Baby [Digital 45],Pop,2:10
Eydie Gorme & Los Panchos,Sabor a Mí (Remasterizado),Canta en Español Con los Panchos,Baladas y Boleros,2:48
The Fabulous Thunderbirds,Tuff Enuff,Tuff Enuff,Rock,3:22
Failoni Kamarazenekar & Géza Oberfrank,"Weihnachts-Oratorium, BWV 248, Pt. 2: Sinfonia",50 of the Best: J.S. Bach,Classical,5:52
"Failoni Kamarazenekar, Géza Oberfrank & Magyar Rádió Énekkara","Weihnachts-Oratorium, BWV 248, Pt. 1: Jauchzet, frohlocket",50 of the Best: J.S. Bach,Classical,7:16
Fairouz,Lamma Al Bab,"Chante Philimon Wehbe, Vol. 1",Arabic Pop,6:44
Fairouz,Etab,Etab,Arabic,6:14
Fairouz,Wakef Ya Asmar,Etab,Arabic,5:50
Fairouz,Ragaa,Etab,Arabic,6:06
Fairouz,Nihnaa Walkamar Jiiraan (We and the Moon Are Neighbours),Lebanese Songs from the 50's - History of Arabic Song,Worldwide,3:08
Fairouz,Ya Hala Ya Habibi (Oh Welcome My Darling),Lebanese Songs from the 50's - History of Arabic Song,Worldwide,2:58
Fairouz,Bahebak Ya Lebnan (Live),The Olympia Paris Concert 1979 (Live),Arabic,3:13
Faith Evans,Never Gonna Let You Go,Keep the Faith,R&B/Soul,4:27
Faithful Fathers,O God Our Help In Ages Past,Pipe Organ Hymns (Church Organ),Christian,2:07
Faithful Fathers,Faith of Our Fathers,Pipe Organ Hymns (Church Organ),Christian,2:25
Faithful Fathers,Onward Christian Soldiers,Pipe Organ Hymns (Church Organ),Christian,2:19
Faithful Fathers,Immortal Invisible God Only Wise,Pipe Organ Hymns (Church Organ),Christian,2:12
Faithful Fathers,Holy Holy Holy! Lord God Almighty,Pipe Organ Hymns (Church Organ),Christian,2:32
Falcons,You're So Fine (Digitally Remastered),You're So Fine (Digitally Remastered),Vocal,2:27
Fania All-Stars,Anacaona (feat. Cheo Feliciano) [Live],"Live At The Cheetah, Vol. 1 (Live)",Música tropical,7:16
Fannie Lou Hamer,Go Tell It On the Mountain,Voices of the Civil Rights Movement: Black American Freedom Songs 1960-1966,Christian,3:04
Fantastic Shakers,Big Boss Man,"Carolina Shag, Vol. VI",Blues,4:14
Farid El Atrache,Ansak Wa Aftekrak Tane,"Arabic Golden Oldies: Farid El Atrash, Vol. 2",Worldwide,6:52
Farid El Atrache,Ya Ritni Tir,"Farid el Atrache, The Legendary Master",Worldwide,6:19
Farid El Atrache,Wayak Wayak,"Les Grands Classiques, Vol. 2",Arabic Pop,6:08
Farid ElAtrache & Asmahan,Ishak Ya Boulboul,Farid ElAtrache & Asmahan,Worldwide,6:37
Faron Young,Hello Walls (Re-Recorded),The Best of Faron Young (Re-Recorded Versions),Country,2:15
Faron Young,It's Four In the Morning (Re-Recorded),The Best of Faron Young (Re-Recorded Versions),Country,2:51
Faron Young,Alone With You (Re-Recorded),The Best of Faron Young (Re-Recorded Versions),Country,1:56
Faron Young,"Live Fast, Love Hard, Die Young (Re-Recorded)",The Best of Faron Young (Re-Recorded Versions),Country,2:15
Faron Young,Wine Me Up (Re-Recorded),The Best of Faron Young (Re-Recorded Versions),Country,2:23
Faron Young,Country Girl,The Complete Capitol Hits of Faron Young,Pop,2:36
Fats Domino,Ain't That a Shame,The Fats Domino Jukebox: 20 Greatest Hits,R&B/Soul,2:31
Fats Domino,Blueberry Hill,The Fats Domino Jukebox: 20 Greatest Hits,R&B/Soul,2:24
Fats Domino,Blue Monday,The Fats Domino Jukebox: 20 Greatest Hits,R&B/Soul,2:21
Fats Domino,I Want to Walk You Home,The Fats Domino Jukebox: 20 Greatest Hits,R&B/Soul,2:21
Fats Domino,Kansas City (Live),"Fats Domino, Volume II (Live)",Oldies,2:31
Ferlin Husky,Gone,Ferlin Husky: Greatest Hits,Country,2:22
Fernando Ortega,Come Thou Fount of Every Blessing,BEGINNINGS,New Age,4:32
Fernando Ortega,Be Thou My Vision,Hymns of Worship,CCM,3:53
Fernando Ortega,How Firm a Foundation,Hymns of Worship,CCM,3:24
Fernando Ortega,"Savior, Like a Shepherd Lead Us",The Shadow of Your Wings: Hymns and Sacred Songs,Christian,2:50
Ferrante & Teicher,Tonight,All Time Great Movie Themes,Soundtrack,3:02
Ferrante & Teicher,More,All Time Great Movie Themes,Soundtrack,3:12
Firefall,You Are the Woman,Firefall: Greatest Hits,Rock,2:44
Fisk Jubilee Singers & CeCe Winans,Blessed Assurance,Celebrating Fisk! (The 150th Anniversary Album),Gospel,3:41
The Five Blind Boys of Alabama,You'll Never Walk Alone,You'll Never Walk Alone,Christian,2:46
The Five Blind Boys of Mississippi,Leaning on the Everlasting Arm,No. 1 Vintage Gospel & Christian Collection,Christian,3:12
The Five Blind Boys of Mississippi,"Lord, Lord You've Been So Good to Me (Single)",20th Century Masters - The Millennium Collection: The Best of the Five Blind Boys of Mississippi,Christian,2:57
The Five Satins,(I'll Remember) In the Still of the Night,Dirty Dancing (Original Motion Picture Soundtrack),Soundtrack,3:06
The Flamingos,I Only Have Eyes for You,"Doo Wop Classics, Vol. 1",Pop,3:22
Flatt & Scruggs,Polka On a Banjo,16 Biggest Hits,Country,2:43
Fleetwood Mac,Rhiannon,Greatest Hits,Rock,4:13
Fleetwood Mac,Don't Stop,Greatest Hits,Rock,3:11
Fleetwood Mac,Go Your Own Way,Greatest Hits,Rock,3:38
Fleetwood Mac,Gypsy,Greatest Hits,Rock,4:25
Fleetwood Mac,You Make Loving Fun,Greatest Hits,Rock,3:32
Fleetwood Mac,Little Lies,Greatest Hits,Rock,3:38
Fleetwood Mac,Sara,Greatest Hits,Rock,6:22
Fleetwood Mac,Dreams,Rumours,Rock,4:18
Fleetwood Mac,Songbird,Rumours,Rock,3:21
Fleetwood Mac,The Chain,Rumours,Rock,4:28
Fleetwood Mac,Gold Dust Woman,Rumours,Rock,4:56
Fleetwood Mac,Silver Springs,Rumours (Super Deluxe Edition),Rock,4:49
Fleetwood Mac,Landslide,The Very Best of Fleetwood Mac (Remastered),Rock,3:18
The Fleetwoods,Come Softly to Me,The Very Best of the Fleetwoods - Come Softly to Me,Rock,2:25
The Fleetwoods,Mr. Blue,The Very Best of the Fleetwoods - Come Softly to Me,Rock,2:25
The Florida Boys,Love Lifted Me,Southern Gospel Treasury,Pop,2:16
Florida Georgia Line,Cruise,Here's to the Good Times,Country,3:31
Floyd Cramer,Last Date,The Essential Floyd Cramer,Country,2:28
Floyd Cramer,Your Last Goodbye,20 Greatest Hits,Country,2:30
Floyd Cramer,I Can’t Stop Loving You,20 Greatest Hits,Country,3:10
The Flying Machine,Smile a Little Smile for Me (Re-Recorded),20th Century Rocks: 60's Pop - Those Were the Days (Re-Recorded Versions),Rock,3:05
Fontella Bass,Rescue Me,Now That I Found a Good Thing,R&B/Soul,2:58
Foreigner,Cold As Ice,No End In Sight: The Very Best of Foreigner (Remastered),Rock,3:20
Foreigner,Hot Blooded,No End In Sight: The Very Best of Foreigner (Remastered),Rock,4:28
Foreigner,Head Games,No End In Sight: The Very Best of Foreigner (Remastered),Rock,3:40
Foreigner,Juke Box Hero,No End In Sight: The Very Best of Foreigner (Remastered),Rock,4:22
Foreigner,Urgent,No End In Sight: The Very Best of Foreigner (Remastered),Rock,4:30
Foreigner,Waiting for a Girl Like You,No End In Sight: The Very Best of Foreigner (Remastered),Rock,4:50
Foreigner,I Want to Know What Love Is,No End In Sight: The Very Best of Foreigner (Remastered),Rock,5:01
Foster the People,Pumped Up Kicks,Torches,Alternative,4:00
The Foundations,Build Me Up Buttercup,Build Me Up Buttercup (The Complete Pye Collection),Pop,2:58
The Four Preps,26 Miles,The Best of the Four Preps,Pop,2:30
The Four Seasons,Earth Angel,Dawn (Go Away) and 11 Other Great Songs,Pop,2:26
The Four Seasons,Why Do Fools Fall In Love? (Re-Recorded Version),Hits (Re-Recorded Versions),Pop,2:12
The Four Seasons,Sherry,The Very Best of Frankie Valli and the Four Seasons,Rock,2:32
The Four Seasons,Big Girls Don't Cry,The Very Best of Frankie Valli and the Four Seasons,Rock,2:26
The Four Seasons,Walk Like a Man,The Very Best of Frankie Valli and the Four Seasons,Rock,2:18
The Four Seasons,Dawn (Go Away),The Very Best of Frankie Valli and the Four Seasons,Rock,2:48
The Four Seasons,Rag Doll,The Very Best of Frankie Valli and the Four Seasons,Pop,3:02
The Four Seasons,I've Got You Under My Skin,The Very Best of Frankie Valli and the Four Seasons,Rock,3:41
The Four Seasons,Who Loves You,The Very Best of Frankie Valli and the Four Seasons,Rock,4:12
The Four Seasons,"December, 1963 (Oh, What a Night)",The Very Best of Frankie Valli and the Four Seasons,Rock,3:21
Four Tops,Baby I Need Your Loving,Essential Collection: Four Tops,R&B/Soul,2:45
Four Tops,It's the Same Old Song,Essential Collection: Four Tops,R&B/Soul,2:47
Four Tops,Reach Out I'll Be There,Essential Collection: Four Tops,R&B/Soul,3:02
Four Tops,Ain't No Woman (Like the One I've Got),Essential Collection: Four Tops,R&B/Soul,3:06
Four Tops,Are You Man Enough?,Essential Collection: Four Tops,R&B/Soul,3:29
Four Tops,When She Was My Girl,Essential Collection: Four Tops,R&B/Soul,3:25
Four Tops,I Believe In You and Me,Essential Collection: Four Tops,R&B/Soul,4:00
Four Tops,"I Can't Help Myself (Sugar Pie, Honey Bunch)","20th Century Masters - The Millennium Collection: Best of Motown 1960s, Vol. 1",R&B/Soul,2:46
Fox Music Party Crew,"Hands Up (Baby Hands Up), Club Med Song",Party Music - The Ultimate Birthday Party Album!,Children's Music,3:18
Francis Craig,Near You (Remastered),Near You (Remastered) - Single,Standards,2:53
Francis Lai,Theme from Love Story,Love Story (Original Motion Picture Soundtrack),Pop,3:20
Franck Pourcel,I Love Paris,Franck Pourcel: Originals (Vol 2),Pop,3:04
François-Joël Thiollier,"Rêverie, L. 68",Debussy: Piano Works Vol. 1,Classical,4:26
"François-René Duchâble, Strasbourg Philharmonic Orchestra & Theodor Guschlbauer",Piano Concerto in A Minor: II. Adagio,40 Most Beautiful Orchestral Classics,Classical,6:09
Frank Sinatra,Adeste Fideles (O Come All Ye Faithful),Christmas Songs by Sinatra,Christmas,2:38
Frank Sinatra,Ave Maria,Christmas Songs by Sinatra,Holiday,3:29
Frank Sinatra,I've Got the World On a String,Classic Sinatra: His Great Performances 1953-1960,Pop,2:11
Frank Sinatra,I Get a Kick Out of You,Classic Sinatra: His Great Performances 1953-1960,Pop,2:55
Frank Sinatra,My Funny Valentine,Classic Sinatra: His Great Performances 1953-1960,Pop,2:31
Frank Sinatra,Young At Heart,Classic Sinatra: His Great Performances 1953-1960,Pop,2:52
Frank Sinatra,You Make Me Feel So Young,Classic Sinatra: His Great Performances 1953-1960,Pop,2:57
Frank Sinatra,All the Way,Classic Sinatra: His Great Performances 1953-1960,Pop,2:53
Frank Sinatra,Come Fly With Me,Classic Sinatra: His Great Performances 1953-1960,Pop,3:19
Frank Sinatra,One for My Baby (And One More for the Road),Classic Sinatra: His Great Performances 1953-1960,Pop,4:27
Frank Sinatra,"New York, New York (with Tony Bennett)",The Classics (Deluxe Edition),Jazz,3:30
Frank Sinatra,I Dream Of You (More Than You Dream Of Me) [feat. Dave Mann],The Columbia Years 1943-1952: The Complete Recordings,Pop,3:07
Frank Sinatra,Chicago,Come Fly With Me (Remastered),Jazz,2:14
Frank Sinatra,South of the Border,Come Fly With Me (Remastered),Jazz,2:50
Frank Sinatra,From Here to Eternity,The Complete Capitol Singles Collection,Pop,2:59
Frank Sinatra,Half As Lovely (Twice As True),The Complete Capitol Singles Collection,Pop,3:07
Frank Sinatra,Love and Marriage,The Complete Capitol Singles Collection,Pop,2:38
Frank Sinatra,Five Minutes More,The Complete Capitol Singles Collection,Pop,2:36
Frank Sinatra,Days of Wine and Roses,"Days of Wine and Roses, Moon River and Other Academy Award Winners",Jazz,2:16
Frank Sinatra,Three Coins In the Fountain,"Days of Wine and Roses, Moon River and Other Academy Award Winners",Jazz,3:45
Frank Sinatra,Night and Day,The Essential Frank Sinatra,Vocal Pop,3:18
Frank Sinatra,America the Beautiful,God Bless America,Vocal,2:30
Frank Sinatra,Without a Song,I Remember Tommy...,Vocal Jazz,3:39
Frank Sinatra,The Christmas Waltz,A Jolly Christmas from Frank Sinatra (50th Anniversary Edition),Christmas: Classic,3:01
Frank Sinatra,The Way You Look Tonight,Nothing But the Best (Remastered),Vocal Pop,3:22
Frank Sinatra,Luck Be a Lady,Nothing But the Best (Remastered),Vocal Pop,5:15
Frank Sinatra,Fly Me to the Moon (feat. Count Basie and His Orchestra),Nothing But the Best (Remastered),Jazz,2:28
Frank Sinatra,Summer Wind,Nothing But the Best (Remastered),Jazz,2:55
Frank Sinatra,Strangers In the Night,Nothing But the Best (Remastered),Jazz,2:45
Frank Sinatra,My Way,Nothing But the Best (Remastered),Jazz,4:36
Frank Sinatra,Try a Little Tenderness,Romance: Songs from the Heart,Vocal Pop,3:23
Frank Sinatra,Hey! Jealous Lover,Sinatra 80th: All the Best,Pop,2:22
Frank Sinatra,Nancy (With the Laughing Face),Sinatra Sings His Greatest Hits,Vocal,3:19
Frank Sinatra,Laura,Sinatra Sings His Greatest Hits,Vocal,3:18
Frank Sinatra,I'm a Fool to Want You,Sinatra Sings His Greatest Hits,Vocal,2:55
Frank Sinatra,It's Only a Paper Moon,Sinatra's Swingin' Session!!! And More,Pop,2:19
Frank Sinatra,I've Got You Under My Skin,Songs for Swingin' Lovers!,Vocal Pop,3:44
Frank Sinatra,"Yes Sir, That’s My Baby",Strangers In the Night,Easy Listening,2:09
Frank Sinatra,I'm Gonna Sit Right Down (and Write Myself a Letter),Swing Easy!,Pop,2:25
Frank Sinatra,Jeepers Creepers,Swing Easy!,Pop,2:21
Frank Sinatra & Antônio Carlos Jobim,One Note Samba,Sinatra/Jobim: The Complete Reprise Recordings,Jazz,2:21
Frank Sinatra & Julio Iglesias,Summer Wind,Duets (20th Anniversary Deluxe Edition),Pop,2:33
Frank Sinatra & Tommy Dorsey and His Orchestra,Imagination,The Essential Frank Sinatra With the Tommy Dorsey Orchestra,Jazz,3:13
Frank Sinatra & Tommy Dorsey and His Orchestra,I'll Never Smile Again,The Essential Frank Sinatra With the Tommy Dorsey Orchestra,Jazz,3:10
Frank Sinatra & Tommy Dorsey and His Orchestra,Stardust,The Essential Frank Sinatra With the Tommy Dorsey Orchestra,Jazz,3:12
Frank Sinatra & Tommy Dorsey and His Orchestra,Blue Skies,The Essential Frank Sinatra With the Tommy Dorsey Orchestra,Jazz,3:15
Frankie Avalon,Venus (Remastered),"Frankie Avalon: From the Vault, Vol. 1",Vocal,2:23
Frankie Carle and His Orchestra & Marjorie Hughes,Rumors Are Flying (Digitally Remastered),Rumors are flying (Digitally Remastered) - Single,Pop,2:55
Frankie Laine,Rawhide,Television Themes 16 Most Requested Songs,Soundtrack,2:01
Frankie Laine,I Believe,"16 Most Requested Songs of the 1950s., Vol. 2",Easy Listening,2:08
Frankie Lymon & The Teenagers,Little Bitty Pretty One,The Best of Frankie Lymon & The Teenagers,Pop,2:41
Frankie Lymon & The Teenagers,Why Do Fools Fall In Love,"Doo Wop Classics, Vol. 4",Pop,2:21
Frankie Ruiz,Mi Libertad,"Old School Original Salsa Classics, Vol. 4",Música tropical,4:32
"Frankie Trumbauer, Bix Beiderbecke & Eddie Lang",Humpty Dumpty,"Bix Beiderbecke, Vol. I - Singin' the Blues",Jazz,3:01
Frankie Valli,Grease,Grease (The Original Soundtrack from the Motion Picture),Musicals,3:22
Frankie Valli,My Mother's Eyes,Jersey Boys (Music From the Motion Picture and Broadway Musical),Pop,1:59
Frankie Valli,My Cherie Amour,Romancing the '60s,Pop,3:16
Frankie Valli,Can't Take My Eyes Off You,The Very Best of Frankie Valli and the Four Seasons,Rock,3:23
Frankie Valli,My Eyes Adored You,The Very Best of Frankie Valli and the Four Seasons,Rock,3:33
Frankie Valli & The Four Seasons,Book of Love,Streetfighter,Pop,5:20
Frankie Yankovic,Pennsylvania Polka,America's Favorites,Worldwide,2:53
Frankie Yankovic,Liechtensteiner Polka,America's Favorites,Worldwide,2:32
Franz Liszt Chamber Orchestra & János Rolla,"Orchestral Suite No. 3 in D Major, BWV 1068: II Air (""Air on the G string"")",40 Most Beautiful Orchestral Classics,Classical,5:23
Fred Astaire,Cheek to Cheek,The Early Years at RKO,Vocal Pop,3:18
Fred Astaire,Puttin' On the Ritz (Club Des Belugas Remix),Swop,Electronic,4:07
Fred Hammond,They That Wait (feat. John P. Kee),Love Unstoppable,Christian,6:17
Fred Hammond,We're Blessed,Nothing But the Hits,Christian,5:42
Fred Hammond & Radical for Christ,Jesus Is All,The Essential Fred Hammond,Christian,5:13
Fred Hammond & Radical for Christ,No Weapon,Nothing But the Hits,Christian,4:58
Fred Hammond & Radical for Christ,Jesus Be a Fence Around Me,Nothing But the Hits,Christian,5:32
Fred Hammond & Radical for Christ,Your Steps Are Ordered (Live),Pages of Life - Chapters I & II,Christian,7:45
Fred Hammond & Radical for Christ,Breathe Into Me Oh Lord (Psalm 119:25),Spirit of David,Christian,4:42
Fred Mollin,Morning Has Broken (Instrumental),"Disney's Lullaby Album, Vol. 2",Children's Music,2:52
Fred Waring & The Pennsylvanians,"Give Me Your Tired, Your Poor","America, I Hear You Singing",Jazz,3:01
Fred Waring & The Pennsylvanians,This Is My Country (feat. Glee Club),This Is My Country (feat. Glee Club),Pop,3:06
Freda Payne,Band of Gold,Freda Payne: Greatest Hits,R&B/Soul,2:56
Freddie Jackson,Rock Me Tonight (For Old Times Sake),Greatest Hits,Pop,4:03
Freddie Jackson,You Are My Lady,The Greatest Hits of Freddie Jackson,R&B/Soul,4:45
Freddy Cannon,Palisades Park,Boom Boom Rock 'N' Roll - The Best of Freddy Cannon,Rock,1:53
Freddy Fender,Before the Next Teardrop Falls,Before the Next Teardrop Falls,Country,2:35
Freddy Fender,I'm Leaving It All Up to You,Before the Next Teardrop Falls,Country,2:35
Freddy Fender,I Can't Stop Loving You,The Freddy Fender Collection,Country,3:04
Freddy Fender,Tell It Like It Is,The Freddy Fender Collection,Country,3:01
Freddy Fender,Wasted Days and Wasted Nights (Single Version),20th Century Masters - The Millennium Collection: The Best of Freddy Fender,Country,2:54
"Friederike Wagner, Christian Brembeck & Capella Istropolitana","Weichet nur, betrübte Schatten, BWV 202 ""Wedding Cantata"": I. Weichet nur, betrübte Schatten",50 of the Best: J.S. Bach,Classical,6:21
Fritz Reiner & Chicago Symphony Orchestra,"Emperor Waltz, Op. 437",Johann Strauss Greatest Hits,Classical,7:37
Gabino Pampini,La Luna y el Toro,"Combos Nacionales Panama: 1960-1985, Musical Fusion of the Caribbean and the Americas",Latin,4:13
Gaither,Trees Of The Field (Live),A Billy Graham Music Homecoming (Vol. 2 / Live),Christian,2:41
Gaither,Blessed Assurance (Live),Favorite Hymns From The Homecoming Friends (Live),Christian,5:00
Gaither,There Is Power In The Blood (Live),Favorite Hymns From The Homecoming Friends (Live),Christian,2:46
Gaither,How Great Thou Art (Live),How Great Thou Art (Live),Christian,6:03
Gaither,I Have Decided To Follow Jesus (Live),When All God's Singers Get Home (Live),Christian,2:41
Gaither & David Phelps,Great Is Thy Faithfulness (Live),How Great Thou Art (Live),Christian,5:07
Gaither & James Blackwood,Sheltered In The Arms Of God (Live),Ryman Gospel Reunion (Live),Christian,3:31
Gaither & Jeff & Sheri Easter,In The Sweet By And By (Live),Tent Revival Homecoming (Live),Christian,2:09
Gaither & Jim Hill,What A Day That Will Be (Live),Homecoming Picnic (Live),Christian,3:04
Gaither Vocal Band,Alpha and Omega,The Best of the Gaither Vocal Band,Christian,4:37
Gaither Vocal Band,I Believe In a Hill Called Mount Calvary (The Best of the Gaither Vocal Band Album Version),The Best of the Gaither Vocal Band,Christian,3:31
Gaither Vocal Band,At the Cross,The Best of the Gaither Vocal Band,Christian,4:57
Gaither Vocal Band,Sinner Saved By Grace,The Best of the Gaither Vocal Band,Christian,5:37
Gaither Vocal Band,The Old Rugged Cross Made the Difference,Bill Gaither's Best of Homecoming 2001,Christian,5:05
Gaither Vocal Band,You Are My All In All,Greatly Blessed,Christian,5:14
Gaither Vocal Band,I Know Who Holds Tomorrow (feat. The Isaacs) [Live],Happy Rhythm (Live),Christian,4:54
Gaither Vocal Band,I'll Meet You In the Morning,Homecoming,Christian,3:29
Gaither Vocal Band,He Touched Me,Reunited,Gospel,3:12
Gaither Vocal Band,Chain Breaker,We Have This Moment,Christian,3:28
"Gaither, Dottie Rambo & The Crabb Family",Tears Will Never Stain The Streets Of That City (Live),Dottie Rambo With The Homecoming Friends (Live),Gospel,6:02
Gale Garnett,We'll Sing In the Sunshine,"Nipper's Greatest Hits 60's, Vol. 2",Pop,2:56
The Gap Band,"Early in the Morning (12"" Version)",Funk Essentials: The Best of the Gap Band,R&B/Soul,7:39
The Gap Band,You Dropped a Bomb on Me,Funk Essentials: The Best of the Gap Band,R&B/Soul,5:15
The Gap Band,Party Train,20th Century Masters - The Millennium Collection: The Best of the Gap Band,R&B/Soul,5:49
Garam Chiba and His Orchestra,Taksim Sultani Yegah Longa - Instrumental Oud Solo,Classics of Lebanonese Music - Master of Arabic Music,Worldwide,2:47
Garam Chiba and His Orchestra,Mawal—Gazel Solo Voice “Poetic Song Interpretation”,Classics of Lebanonese Music - Master of Arabic Music,Worldwide,2:46
Gary Lewis & The Playboys,This Diamond Ring,The Best of Gary Lewis & The Playboys,Pop,2:17
Gary Moore,Still Got the Blues,Still Got the Blues (Bonus Track Version),Contemporary Blues,6:11
Gary Portnoy,Where Everybody Knows Your Name (Cheers Theme),Keeper,Rock,2:31
Gary Prim,Rachel's Song,Rachel's Song,New Age,3:51
Gary Puckett & The Union Gap,Young Girl,Super Hits,Pop,3:11
Gary Puckett & The Union Gap,Over You,Young Girl - The Best of Gary Puckett & The Union Gap,Pop,2:24
Gary Puckett & The Union Gap,This Girl Is a Woman Now,Young Girl - The Best of Gary Puckett & The Union Gap,Pop,3:09
Gay Blazers,In the Good Old Summertime,The Treasury of Barbershop Quartets,Jazz,1:55
Gene Autry,On Top of Old Smokey,"Always Your Pal, Gene Autry",Pop,1:46
Gene Autry,Back In The Saddle Again,The Essential Gene Autry,Easy Listening,2:36
Gene Autry,The Yellow Rose Of Texas,The Essential Gene Autry,Easy Listening,2:52
Gene Autry,Home On the Range,The Essential Gene Autry,Easy Listening,2:39
Gene Autry,Deep In the Heart of Texas,Goin' Back to Texas: 25 Texas Classics,Country,1:51
Gene Autry,Rudolph the Red-Nosed Reindeer,Rudolph The Red Nosed Reindeer And Other Christmas Classics,Christmas: Classic,3:10
Gene Autry,Frosty the Snowman,16 Most Requested Songs Of Christmas,Christmas: Classic,2:51
Gene Chandler,Duke of Earl (Re-Recording),20 Best of Doo Wop,Pop,2:29
Gene Kelly,Almost Like Being in Love,Brigadoon (Original 1954 Motion Picture Soundtrack),Soundtrack,4:22
Gene Kelly,Singin' In the Rain,Singin' in the Rain (Original Motion Picture Soundtrack) [Deluxe Version],Soundtrack,4:16
Gene Kelly & Debbie Reynolds,"You Are My Lucky Star (From ""Singing in the Rain"") (Remastered)","You Are My Lucky Star (From ""Singing in the Rain"") (Remastered) - Single",Vocal,1:38
"Gene Kelly, Debbie Reynolds & Donald O'Connor",Good Morning,Singin' in the Rain (Original Motion Picture Soundtrack) [Deluxe Version],Soundtrack,4:14
Gene Krupa,Drum Boogie,Drummin' Man,Jazz,3:11
Gene Krupa,After You'Ve Gone,Drummin' Man,Jazz,2:40
Gene Krupa & Buddy Rich,The Drum Battle,The Drum Battle,Jazz,3:36
Genesis,"Tonight, Tonight, Tonight",Platinum Collection,Rock,4:29
Genesis,Invisible Touch,Turn It On Again: The Hits (The Tour Edition),Rock,3:28
Genesis,Land of Confusion,Turn It On Again: The Hits (The Tour Edition),Rock,4:46
George Benson,Lady Love Me (One More Time),The Best of George Benson,Jazz,4:00
George Benson,On Broadway (Edit),The Best of George Benson,Jazz,5:12
George Benson,Turn Your Love Around,The George Benson Collection,Jazz,3:50
George Benson,On Broadway,The George Benson Collection,Jazz,5:16
George Benson,This Masquerade,The George Benson Collection,Jazz,3:17
George Benson,Give Me the Night,Give Me the Night,Jazz,5:01
George Beverly Shea,The Lord's Prayer,Hallelujah,Inspirational,2:51
George Beverly Shea,I Will Sing the Wondrous Story,How Sweet the Sound,Christian,2:08
George Beverly Shea,I'd Rather Have Jesus,I'd Rather Have Jesus,Gospel,2:54
George Beverly Shea,Amazing Grace,I'd Rather Have Jesus,Gospel,3:26
George Beverly Shea,The Old Rugged Cross,I'd Rather Have Jesus,Gospel,2:54
George Beverly Shea,How Great Thou Art,I'd Rather Have Jesus,Gospel,3:00
George Beverly Shea,It Is No Secret,Songs & Music of God,Christian,3:27
George Beverly Shea,The Beautiful Garden of Prayer,Songs & Music of God,Christian,2:42
George Beverly Shea,Let Us Break Bread Together,The Ultimate Collection,Christian,2:35
George Gershwin,Let's Call the Whole Thing Off,Gershwin Plays Rhapsody In Blue (First Recording 1924 from Rare Piano Rolls),Jazz,2:51
George Gershwin,Somebody Loves Me,Gershwin Plays Rhapsody In Blue (First Recording 1924 from Rare Piano Rolls),Jazz,3:40
George Gershwin,Embraceable You,Gershwin Plays Rhapsody In Blue (First Recording 1924 from Rare Piano Rolls),Jazz,2:25
George Gershwin,Summertime,Porgy and Bess Selection,Easy Listening,5:30
"George Gershwin, Paul Whiteman and His Concert Orchestra, Ferde Grofé & Nathaniel Shilkret",Rhapsody in Blue (Original 1927 Recording),Rhapsody in Blue (Original 1927 Recording),Classical,8:52
George Harrison,My Sweet Lord,All Things Must Pass (Bonus Tracks Version),Rock,4:41
George Harrison,Got My Mind Set On You,Cloud Nine,Pop,3:55
George Jones,The Race Is On (Re-Recorded),"All-Time Greatest Hits, Vol. 1 (Re-Recorded Versions)",Country,2:16
George Jones,She Thinks I Still Care (Re-Recorded),"All-Time Greatest Hits, Vol. 1 (Re-Recorded Versions)",Country,2:47
George Jones,"Swing Low, Sweet Chariot",Amazing Grace,Christian,2:51
George Jones,"Achin', Breakin' Heart (Single Version)",Best Of,Country,2:48
George Jones,Walk Through This World With Me,Walk Through This World With Me,Country,2:18
George Jones,He Stopped Loving Her Today,16 Biggest Hits: George Jones,Country,3:17
George Jones,Who's Gonna Fill Their Shoes,16 Biggest Hits: George Jones,Country,3:19
George Jones,White Lightning,20 #1's: Classic Country (Reissue),Country,2:49
George Jones & Melba Montgomery,We Must Have Been Out of Our Minds,Vintage Collections,Country,2:42
George Jones & Tammy Wynette,Take Me,The Essential George Jones,Country,2:21
George Jones & Tammy Wynette,We're Gonna Hold On,Greatest Hits,Country,2:56
George Jones & Tammy Wynette,Golden Ring,Super Hits,Country,3:02
George Lewis & His New Orleans Jazzband,Mama Don't Allow (Live),"Sounds of New Orleans, Vol. 1",Jazz,5:11
George Michael,Faith,Faith (2010 Remastered),Pop,3:13
George Michael & Elton John,Don't Let the Sun Go Down on Me,Ladies & Gentlemen,Pop,5:47
"George Penk, Clyde Curley & Susan Songer",Round the Horn,A Portland Selection: Contra Dance Music In the Pacific Northwest,Singer/Songwriter,2:58
George Shearing,Isn't It Romantic?,Beauty and the Beat!,Jazz,2:55
George Shearing,The Nearness of You,Volume II: The Early Years,Bop,2:53
George Shearing,Blue Moon,Volume II: The Early Years,Bop,3:00
George Shearing,Someone to Watch over Me,Volume II: The Early Years,Bop,2:45
George Shearing & Michael Feinstein,I Only Have Eyes for You,Hopeless Romantics,Jazz,4:45
George Strait,Write This Down,Always Never the Same,Urban Cowboy,3:40
George Strait,Carrying Your Love With Me,Carrying Your Love With Me,Country,3:52
George Strait,The Cowboy Rides Away,Does Fort Worth Ever Cross Your Mind,Country,3:21
George Strait,Amarillo By Morning,Greatest Hits,Country,2:54
George Strait,Troubadour,Troubadour,Country,2:56
George Strait,I Cross My Heart,20th Century Masters - The Millennium Collection: The Best of George Strait,Country,3:31
George Strait,"Love Without End, Amen",50 Number Ones,Country,3:05
George Strait,Check Yes or No,50 Number Ones,Country,3:10
George Strait,I Just Want to Dance With You,50 Number Ones,Country,3:18
George Winston,Joy,December,Instrumental,3:13
George Winston,Carol of the Bells,December,Christmas,3:58
George Winston,Variations On the Kanon By Pachelbel,December,Christmas,5:22
George Winston,Living in the Country,Summer (Special Edition),Folk,3:46
George Winston,Lullaby,Summer (Special Edition),Folk,3:26
George Winston,Hummingbird,Summer (Special Edition),Folk,5:07
George Winston,Blossom / Meadow,Winter Into Spring (Special Edition),Folk,4:08
George Wright,Skaters Waltz,The Mighty Wurlitzer Pipe Organ,Rock,3:08
Georges Prêtre & Royal Philharmonic Orchestra,Night on Bald Mountain (Remastered 2023),"Rimsky-Korsakov, Borodin & Mussorgsky: Orchestral Works (Remastered 2023)",Classical,9:51
"Georges Prêtre, Orchestre National de France & Maria Callas",Carmen: L'amour est un oiseau rebelle (Habanera),The Very Best of Maria Callas,Classical,4:02
"Gerald Hambitzer, Christoph Anselm Noll, Helmut Müller-Brühl & Kölner Kammerorchester","Concerto for 2 Keyboards in C Major, BWV 1061: II. Adagio",50 of the Best: J.S. Bach,Classical,4:56
Gerard Butler & Emmy Rossum,The Phantom of the Opera,The Phantom of the Opera (Original Motion Picture Soundtrack),Musicals,3:36
"Gerd Seifert, Berlin Philharmonic & Herbert von Karajan","Horn Concerto No. 1 in D, K. 386b (K. 412 & 514): I. (Allegro) K. 412",Mozart: The Horn Concertos,Classical,4:54
"Gerd Seifert, Berlin Philharmonic & Herbert von Karajan","Horn Concerto No. 1 in D, K. 386b (K. 412 & 514): II. Rondò. Allegro K. 514",Mozart: The Horn Concertos,Classical,3:21
"Gerd Seifert, Berlin Philharmonic & Herbert von Karajan","Horn Concerto No. 2 in E-Flat, K. 417: III. Rondo",Mozart: The Horn Concertos,Classical,3:44
Gerry Rafferty,Baker Street,City to City,Rock,6:06
Gerry Rafferty,Right Down the Line,City to City,Rock,4:28
Gewandhausorchester & Kurt Masur,"Romeo and Juliet, ""Fantasy Overture"": Finale [Excerpt]",40 Most Beautiful Orchestral Classics,Classical,4:51
Gewandhausorchester & Kurt Masur,"Lemminkainen Suite, Op. 22: III. The Swan of Tuonela",40 Most Beautiful Orchestral Classics,Classical,7:58
"Géza Oberfrank, Magyar Kórusfesztivál & Nemzeti Filharmonikus Zenekar","Matthäuspassion, BWV 244: O Haupt voll Blut und Wunden",50 of the Best: J.S. Bach,Classical,2:28
"Géza Oberfrank, Magyar Kórusfesztivál, MR Gyermekkórus & Nemzeti Filharmonikus Zenekar","Matthäuspassion, BWV 244: Kommt, ihr Töchter, helft mir klagen",50 of the Best: J.S. Bach,Classical,7:40
Gilberto Santa Rosa,Perdóname,El Caballero de la Salsa - La Historia Tropical,Música tropical,5:16
Gilberto Santa Rosa,Conciencia,Perspectiva,Música tropical,5:32
Gilberto Santa Rosa,Cosas Nuevas,Perspectiva,Música tropical,4:59
Gilberto Santa Rosa,Bomba de Tiempo,Perspectiva,Música tropical,5:09
Gillian Welch & Alison Krauss,I'll Fly Away,"O Brother, Where Art Thou? (Music From the Motion Picture) [Deluxe Edition]",Country,3:58
"Giovanni Antonini, Il Giardino Armonico & Marco Brolli",Concerto for 2 Flutes: I. Grave,40 Most Beautiful Orchestral Classics,Classical,4:05
Gipsy Kings,Volare,The Best of the Gipsy Kings,Pop Latino,3:40
Gipsy Kings,Bamboléo,¡Volaré! The Very Best of the Gipsy Kings,Latin,3:23
Gipsy Kings,Djobi Djoba,¡Volaré! The Very Best of the Gipsy Kings,Latin,3:25
Gipsy Kings,Hotel California (Spanish Mix),¡Volaré! The Very Best of the Gipsy Kings,Latin,5:47
Gladys Knight,Midnight Train to Georgia,Midnight Train,R&B/Soul,4:42
Gladys Knight,Best Thing That Ever Happened to Me,Midnight Train,R&B/Soul,3:50
Gladys Knight,Just a Closer Walk With Thee,Motown Gospel In Loving Memory,R&B/Soul,4:31
Gladys Knight & The Pips,How Great Thou Art (Single),Motown Gospel In Loving Memory,R&B/Soul,4:49
Gladys Knight & The Pips,Neither One of Us (Wants to Be the First to Say Goodbye),The Ultimate Collection: Gladys Knight & The Pips,Motown,4:21
Gladys Knight & The Pips,I Heard It Through the Grapevine,20th Century Masters - The Millennium Collection: The Best of Gladys Knight & The Pips,R&B/Soul,2:47
Glen Campbell,Rhinestone Cowboy,Greatest Hits,Country,3:29
Glen Campbell,Wichita Lineman,Greatest Hits,Country,3:10
Glen Campbell,By the Time I Get to Phoenix,Greatest Hits,Country,2:52
Glen Campbell,Galveston,Greatest Hits,Country,2:47
Glen Campbell,Gentle On My Mind,Greatest Hits,Country,2:57
Glen Campbell,Southern Nights,Southern Nights,Country,3:00
Glenn Miller,"It Happened in Sun Valley (From ""Sun Valley Serenade"")",Original Soundtracks Hollywood 40's,Soundtrack,2:03
Glenn Miller & Glenn Miller and His Orchestra,A String of Pearls,Greatest Hits (Remastered),Big Band,3:12
Glenn Miller and His Orchestra,In the Mood,The Essential Glenn Miller,Jazz,3:36
Glenn Miller and His Orchestra,(I've Got a Gal In) Kalamazoo,The Essential Glenn Miller,Jazz,3:14
Glenn Miller and His Orchestra,Juke Box Saturday Night,The Essential Glenn Miller,Jazz,3:04
Glenn Miller and His Orchestra,Moonlight Cocktail,The Essential Glenn Miller,Jazz,3:16
Glenn Miller and His Orchestra,Pennsylvania 6-5000,The Essential Glenn Miller,Jazz,3:13
Glenn Miller and His Orchestra,Chattanooga Choo Choo,The Essential Glenn Miller,Jazz,3:26
Glenn Miller and His Orchestra,American Patrol,The Essential Glenn Miller,Jazz,3:17
Glenn Miller and His Orchestra,Sunrise Serenade,Pure Gold,Jazz,3:24
Glenn Miller and His Orchestra,Tuxedo Junction,Pure Gold,Jazz,3:25
Glenn Miller and His Orchestra,Little Brown Jug,Pure Gold,Jazz,2:50
Glenn Miller and His Orchestra,Moonlight Seranade,We'll Meet Again: The Great Songs of World War 2 (Remastered),Vocal,3:21
"Glenn Miller and His Orchestra, Marion Hutton, Tex Beneke & The Modernaires",Don't Sit Under the Apple Tree (With Anyone Else But Me),Greatest Hits (Remastered),Big Band,3:13
"Glenn Miller and His Orchestra, Skip Nelson & The Modernaires","That Old Black Magic (From ""Star Spangled Rhythm"")",Greatest Hits (Remastered),Big Band,3:07
Glenn Yarbrough & The Limeliters,"Baby, the Rain Must Fall",Joy Across the Land,Singer/Songwriter,2:07
Gloria Estefan,Words Get in the Way,Greatest Hits,Latin,3:26
Gloria Estefan,Here We Are,Greatest Hits,Latin,4:50
Gloria Estefan,Get On Your Feet,Greatest Hits,Pop,3:38
Gloria Estefan,Turn the Beat Around,"Greatest Hits, Vol. II",Pop,3:53
Gloria Estefan & Miami Sound Machine,Conga,Greatest Hits,Pop Latino,4:16
Gloria Estefan & Miami Sound Machine,Can't Stay Away from You,Greatest Hits,Latin,3:57
Gloria Estefan & Miami Sound Machine,Rhythm Is Gonna Get You,Greatest Hits,Latin,3:55
Gloria Estefan & Miami Sound Machine,Anything for You,Greatest Hits,Latin,4:02
Gloria Estefan & Miami Sound Machine & Miami Sound Machine,Can't Stay Away from You,The Essential Gloria Estefan,Pop,3:59
Gloria Gaynor,Never Can Say Goodbye,20th Century Masters - The Millennium Collection: The Best of Gloria Gaynor,Pop,2:59
Gloria Gaynor,I Will Survive,20th Century Masters - The Millennium Collection: The Best of Gloria Gaynor,Pop,3:18
Glykeria,Ah As Borousa,14 Greek Classics,Worldwide,4:27
Glykeria,Misirlou,14 Greek Classics,Worldwide,4:33
Glykeria,Opou Giorgos Kai Malama (feat. Opisthodromiki Compania),14 Greek Classics,Worldwide,2:45
Glykeria,Nihtes Magikes,14 Greek Classics,Worldwide,4:14
Glykeria,O Boufetzis,14 Greek Classics,Worldwide,3:26
Glykeria,Thessaloniki Mou,14 Greek Classics,Worldwide,3:07
Glykeria,Mi Mou Lete Gia Afti,14 Greek Classics,Worldwide,3:38
Glykeria,To Paploma,14 Greek Classics,Worldwide,2:45
Glykeria,Sinefiasmeni Kiriaki,14 Greek Classics,Worldwide,3:20
Glykeria,Bournovalia,14 Greek Classics,Worldwide,3:47
Glykeria,Zinguala,14 Greek Classics,Worldwide,3:15
Glykeria,Min Perimenis Pia,14 Greek Classics,Worldwide,2:57
Glykeria,S Agape (feat. Yevgeny Shapavalov),14 Greek Classics,Worldwide,3:57
Glykeria,Fige Fige / Hronia Tora Makria Sou Liono / Pou Tha Pas Pou Tha Pas / Fige Ki Ase Me / Siko Horepse / Afti i Nihta,14 Greek Classics,Worldwide,7:11
"Glyndebourne Chorus, London Philharmonic Orchestra & Raymond Leppard",Orfeo ed Euridice: Act II - Ballet,40 Most Beautiful Orchestral Classics,Classical,5:37
Gnarls Barkley,Crazy,St. Elsewhere,Alternative,3:02
The Gordon Highlanders,Route March,The Complete Scottish Bagpipe Collection,Europe,4:34
Gordon Jenkins and His Orchestra,Goodnight  Irene (feat. The Weavers),The Best of the Decca Years,Pop,3:22
Gordon Lightfoot,Canadian Railroad Trilogy (1975 Version),Gord's Gold,Singer/Songwriter,7:05
Gordon Lightfoot,Early Morning Rain (1975 Version),Gord's Gold,Singer/Songwriter,3:18
Gordon Lightfoot,If You Could Read My Mind,Songbook,Singer/Songwriter,3:49
Gordon Lightfoot,The Wreck of the Edmund Fitzgerald,Songbook,Singer/Songwriter,6:29
Gordon Lightfoot,Sundown,Sundown,Singer/Songwriter,3:37
Gordon MacRae,"Oh, What a Beautiful Mornin'",Oklahoma! (Expanded Edition) [Original Motion Picture Soundtrack],Musicals,2:31
Gordon MacRae & Shirley Jones,People Will Say We're In Love,Oklahoma! (Expanded Edition) [Original Motion Picture Soundtrack],Musicals,4:20
"Gordon MacRae, Charlotte Greenwood & Shirley Jones",Oklahoma,Oklahoma! (Expanded Edition) [Original Motion Picture Soundtrack],Musicals,3:17
Gov't Mule,Banks of the Deep End,The Deep End Vol. 1,Rock,5:57
Gov't Mule,Soulshine,The Deep End Vol. 1,Rock,7:48
Gov't Mule,Endless Parade,High & Mighty,Rock,8:59
Graham Dalby & The Grahamophones,"Top Hat, White Tie, and Tails (Foxtrot)",Let's Dance the Foxtrot and the Quickstep,Dance,2:46
Grand Funk Railroad,Heartbreaker,Greatest Hits,Rock,6:35
Grand Funk Railroad,Mean Mistreater (Live),Greatest Hits,Rock,4:56
Grateful Dead,"Terrapin Station (Live At Pembroke Pines, FL, May 22, 1977)","Dick's Picks Vol. 3: 5/22/77 (Hollywood Sportatorium, Pembroke Pines, FL)",Rock,5:58
Grateful Dead,Shakedown Street,Shakedown Street,Rock,5:00
Grateful Dead,Truckin',The Very Best of Grateful Dead,Rock,5:07
Grateful Dead,Touch of Grey,The Very Best of Grateful Dead,Rock,5:50
Grateful Dead,Uncle John's Band,Workingman's Dead,Rock,4:45
Greatest TV Theme Songs,The Golden Girls Theme,The Golden Girls Theme - Single,Soundtrack,0:40
Gregg Allman,Will the Circle Be Unbroken,Laid Back,Rock,4:50
Gregory Abbott,I Got the Feeling' (It's Over),Shake You Down (Expanded Edition),R&B/Soul,4:10
Gretchen Wilson,Redneck Woman,Greatest Hits,Country,3:36
Gretchen Wilson,All Jacked Up,Greatest Hits,Country,3:32
"Grover Washington, Jr.",Just the Two of Us (feat. Bill Withers),Anthology,Jazz,7:18
GS Boyz,Stanky Legg,Stanky Legg - Single,Hip-Hop/Rap,3:53
The Guess Who,These Eyes,The Best of the Guess Who,Rock,3:45
The Guess Who,American Woman,The Best of the Guess Who,Rock,3:53
Güher Pekinel & Süher Pekinel,"Sonata for Piano Duet in D Major, K. 448: II. Andante",40 Most Beautiful Piano Classics,Classical,10:02
Guns N' Roses,Sweet Child O' Mine,Appetite for Destruction,Hard Rock,5:56
Guns N' Roses,November Rain,Greatest Hits (Bonus Track Version),Hard Rock,8:57
Guy Lombardo,Enjoy Yourself (It's Later Than You Think),Enjoy Yourself: The Hits of Guy Lombardo,Rock,3:20
Guy Lombardo,Third Man Theme,Enjoy Yourself: The Hits of Guy Lombardo,Pop,2:57
Guy Lombardo,Auld Lang Syne,Enjoy Yourself: The Hits of Guy Lombardo,Pop,2:33
Guy Lombardo & His Royal Canadians,You're Getting to Be a Habit With Me (78rpm Version),16 Most Requested Songs,Vocal,2:49
Guy Penrod,The Old Rugged Cross,Hymns,Christian,4:52
Gwen McCrae,Rockin' Chair,Gwen McCrae Sings TK,R&B/Soul,5:27
"Hae Won Chang, Robert Stankovsky & Camerata Cassovia","Keyboard Concerto in D Major, Hob. XVIII:11: I. Vivace",50 of the Best: Haydn,Classical,7:47
Hank Ballard & The Midnighters,Finger Poppin' Time,Hank Ballard & the Midnighters - Their Very Best - EP,R&B/Soul,1:52
Hank Locklin,Send Me the Pillow You Dream On,RCA Country Legends: Hank Locklin,Country,2:27
Hank Locklin,"Please Help Me, I'm Falling",RCA Country Legends: Hank Locklin,Country,2:21
Hank Snow,I've Been Everywhere,The Essential Hank Snow,Country,2:46
"Hank Snow, The Singing Ranger, And His Rainbow Ranch Boys",I'm Movin' On,The Essential Hank Snow,Country,2:48
Hank Williams,Jesus Remembered Me (Single Version),I Saw the Light (Expanded Edition),Country,2:55
Hank Williams,"I'll Have a New Body (I'll Have a New Life) [Live Health And Happiness Show, WSM Radio, Nashville/1949]",I Saw the Light (Expanded Edition),Country,2:05
Hank Williams,Are You Walkin' and a Talkin' for the Lord (Undubbed Version),Turn Back the Years - The Essential Hank Williams Collection,Country,2:43
Hank Williams,Your Cheatin' Heart,20 of Hank Williams' Greatest Hits,Country,2:45
Hank Williams,Move It On Over,20 of Hank Williams' Greatest Hits,Country,2:46
Hank Williams,I'm So Lonesome I Could Cry,20 of Hank Williams' Greatest Hits,Country,2:49
Hank Williams,Ramblin' Man,20 of Hank Williams' Greatest Hits,Country,3:04
Hank Williams,My Heart Would Know,20 of Hank Williams' Greatest Hits,Country,2:28
Hank Williams,Kaw-Liga,20 of Hank Williams' Greatest Hits,Country,2:37
Hank Williams,"Cold, Cold Heart",20 of Hank Williams' Greatest Hits,Country,2:46
Hank Williams,Lovesick Blues,20 of Hank Williams' Greatest Hits,Country,2:46
Hank Williams,Honky Tonk Blues,20 of Hank Williams' Greatest Hits,Country,2:14
Hank Williams,Honky Tonkin',20 of Hank Williams' Greatest Hits,Country,2:46
Hank Williams,There'll Be No Teardrops Tonight,20 of Hank Williams' Greatest Hits,Country,2:50
Hank Williams,Jambalaya (On the Bayou),20 of Hank Williams' Greatest Hits,Country,2:55
Hank Williams,"Hey, Good Lookin'",20 of Hank Williams' Greatest Hits,Country,2:57
Hank Williams,Window Shopping,20 of Hank Williams' Greatest Hits,Country,2:35
Hank Williams,I Can't Help It (If I'm Still In Love with You),20 of Hank Williams' Greatest Hits,Country,2:26
Hank Williams,Half As Much,20 of Hank Williams' Greatest Hits,Country,2:45
Hank Williams,Why Don't You Love Me,20 of Hank Williams' Greatest Hits,Country,2:26
Hank Williams,You Win Again,20 of Hank Williams' Greatest Hits,Country,2:38
Hank Williams,Baby We're Really In Love,20 of Hank Williams' Greatest Hits,Country,2:35
Hank Williams,Take These Chains from My Heart,20 of Hank Williams' Greatest Hits,Country,2:37
Hank Williams,I Saw the Light (Single Version),40 Greatest Hits,Country,2:44
"Hank Williams, Jr.",Family Tradition,"Hank Williams, Jr.'s Greatest Hits, Vol. 1",Country,4:03
"Hank Williams, Jr.",A Country Boy Can Survive,"Hank Williams, Jr.'s Greatest Hits, Vol. 1",Country,4:15
"Hank Williams, Jr.",All My Rowdy Friends (Have Settled Down),"Hank Williams, Jr.'s Greatest Hits, Vol. 1",Country,4:00
"Hank Williams, Jr.",It's All Over but the Crying,"20th Century Masters - The Millennium Collection: The Best of Hank Williams, Jr.",Country,2:38
"Hank Williams, Jr.",Cajun Baby,"20th Century Masters - The Millennium Collection: The Best of Hank Williams, Jr.",Country,2:41
"Hank Williams, Jr.",I'd Rather Be Gone,"20th Century Masters - The Millennium Collection: The Best of Hank Williams, Jr.",Country,2:43
"Hank Williams, Jr.",Long Gone Lonesome Blues,127 Rose Avenue,Country,6:06
Happy Birthday Songs,Happy Birthday To You (Classic Version),"Happy Birthday - Best Playlist of Happy Birthday Songs, Vol. 1",Pop,0:33
The Happy Goodmans,Better Hurry Up,Southern Gospel Treasury Series,Christian,2:15
The Happy Goodmans,What a Beautiful Day,Southern Gospel Treasury Series,Christian,3:22
The Happy Goodmans,Had It Not Been,Southern Gospel Treasury Series,Christian,3:17
The Happy Goodmans,John the Revelator,Southern Gospel Treasury Series,Christian,2:27
The Happy Goodmans,God Walks the Dark Hills,Southern Gospel Treasury Series,Christian,3:33
The Happy Goodmans,The Lighthouse,Southern Gospel Treasury Series,Christian,3:11
The Happy Goodmans,Looking for a City,Southern Gospel Treasury Series,Christian,4:01
The Happy Goodmans,The Greatest Love Story,Southern Gospel Treasury Series,Christian,4:26
The Happy Goodmans,Who Am I?,Southern Gospel Treasury Series,Christian,3:49
The Happy Goodmans,The Eastern Gate,Southern Gospel Treasury Series,Christian,2:36
The Happy Goodmans,There's Nothing My God Can't Do,Southern Gospel Treasury Series,Christian,2:41
The Happy Goodmans,Remind Me Dear Lord,Southern Gospel Treasury Series,Christian,3:42
The Happy Goodmans,I Wouldn't Take Nothing for My Journey Now,Southern Gospel Treasury Series,Christian,2:39
The Happy Goodmans,What a Lovely Name,Southern Gospel Treasury Series,Christian,3:22
The Happy Goodmans,I Bowed On My Knees and Cried Holy,Southern Gospel Treasury Series,Christian,4:27
Harmonica,Dak el Khater,Bladi,Worldwide,8:48
Harmonicats,Galloping Comedians,"Complete Harmony the Harmonicats, Vol. 1",Pop,1:51
Harold Melvin & The Blue Notes,If You Don't Know Me by Now (feat. Teddy Pendergrass),Harold Melvin & The Blue Notes (feat. Teddy Pendergrass),R&B/Soul,3:26
Harold Melvin & The Blue Notes,The Love I Lost,The Ultimate Blue Notes,R&B/Soul,6:24
Harry Belafonte,Turn the World Around,The Essential Harry Belafonte,Folk,4:29
Harry Belafonte,Hava Nageela,The Essential Harry Belafonte,Folk,3:10
Harry Belafonte,Day-O (The Banana Boat Song),Very Best Of Harry Belafonte,Folk,3:05
Harry Belafonte,Jump In the Line,Very Best Of Harry Belafonte,Folk,3:39
Harry Belafonte,Jamaica Farewell,Very Best Of Harry Belafonte,Folk,2:49
Harry Chapin,Taxi,The Gold Medal Collection,Singer/Songwriter,6:43
Harry Chapin,Cat's In the Cradle,Verities & Balderdash,Pop,3:43
Harry Dacre & Mark Gasbarro,Daisy Bell (Vocal Version),Turn of the Century: Music of the Prohibition Era,Jazz,2:32
Harry James,Besame Mucho (Bonus Track),1945 Live In Hi-Fi At Culver City,Jazz,3:33
Harry James and His Orchestra & Kitty Kallen,"It's Been a Long, Long Time (2014 Remastered Version)","It's Been a Long, Long Time - Single (2014 Remastered Version)",Traditional Pop,3:28
Harry McClintock,The Big Rock Candy Mountain,Bona Fide Bluegrass & Mountain Music,Bluegrass,2:15
Harry Nilsson,Everybody's Talkin',Midnight Cowboy (Original Motion Picture Soundtrack),Pop,2:32
Heart,Magic Man,Dreamboat Annie,Rock,5:29
Heart,Magic Man,Dreamboat Annie,Rock,5:29
Heart,Crazy On You,Dreamboat Annie,Rock,4:55
Heart,Crazy On You,Dreamboat Annie,Rock,4:55
Heart,Barracuda,Greatest Hits / Live,Rock,4:21
Heart,Straight On,Greatest Hits / Live,Rock,4:53
Heart,Alone,Greatest Hits 1985-1995,Hard Rock,3:39
Heart,Stairway to Heaven (Live At the Kennedy Center Honors) [With Jason Bonham],Stairway to Heaven (Live At the Kennedy Center Honors) [With Jason Bonham] - Single,Rock,7:59
Heatwave,Always and Forever,The Best of Heatwave: Always and Forever,R&B/Soul,6:14
Héctor Lavoe,Mi Gente,Greatest Hits,Música tropical,5:27
"Héctor Lavoe, Willie Colón & Yomo Toro",Canto a Borínquen,Asalto Navideño,Holiday,4:30
Helen Miller,I Won't Let You Fall,Quartet Blockbuster Volume 3,Christian,4:55
Helen Miller,Down In My Soul,Quartet Blockbuster Volume 3,Christian,6:06
"Helmut Müller-Brühl, Dresdner Kammerchor & Kölner Kammerorchester","Mass in B Minor, BWV 232: I. Missa. Gloria",50 of the Best: J.S. Bach,Classical,4:02
Henry Mancini,Moon River,Breakfast At Tiffany's (Music from the Motion Picture) [Remastered],Soundtrack,2:44
Henry Mancini,Overture,The Great Race (Music From The Film Score),Pop,3:41
Henry Mancini,Breakfast At Tiffany's,Greatest Hits: The Best of Henry Mancini (Remastered),Soundtrack,2:46
Henry Mancini,The Sweetheart Tree,Greatest Hits: The Best of Henry Mancini (Remastered),Soundtrack,1:56
Henry Mancini,"Love Theme from ""Romeo and Juliet""",Greatest Hits: The Best of Henry Mancini (Remastered),Soundtrack,2:32
Henry Mancini,Cortina,The Pink Panther (Music from the Film Score),Original Score,1:58
Henry Mancini,The Pink Panther Theme (Original Version),Son of the Pink Panther (Original Music from the Motion Picture),Soundtrack,4:23
Henry Mancini,Bier Fest Polka,The Trail of the Pink Panther (Music from the Trail of the Pink Panther and Other Pink Panther Films),Soundtrack,2:47
Herb Alpert & The Tijuana Brass,This Guy's in Love with You,The Beat of the Brass,Jazz,4:00
Herb Alpert & The Tijuana Brass,Tijuana Taxi,!!Going Places!!,Jazz,2:06
Herb Alpert & The Tijuana Brass,I'm Getting Sentimental over You,!!Going Places!!,Jazz,2:11
Herb Alpert & The Tijuana Brass,Spanish Flea,!!Going Places!!,Jazz,2:07
Herb Alpert & The Tijuana Brass,Zorba the Greek,!!Going Places!!,Jazz,4:25
Herb Alpert & The Tijuana Brass,The Lonely Bull (El Solo Toro),The Lonely Bull,Jazz,2:16
Herb Alpert & The Tijuana Brass,Desafinado,The Lonely Bull,Jazz,3:50
Herb Alpert & The Tijuana Brass,Casino Royale,Sounds Like...,Jazz,2:36
Herb Alpert & The Tijuana Brass,A Taste of Honey,Whipped Cream & Other Delights,Jazz,2:44
Herb Alpert & The Tijuana Brass,Lollipops and Roses,Whipped Cream & Other Delights,Jazz,2:29
Herbie Mann,Comin' Home Baby,"Atlantic Jazz: Legends, Vol. 1",Jazz,8:38
Herbie Mann,Watermelon Man,Latin Mann: Afro to Bossa to Blues,Jazz,4:07
Herbie Mann,Right Now (LP Version),Right Now,Brazilian,3:15
Herman's Hermits,I'm Into Something Good,Retrospective (2004 Remaster),Pop,2:34
Herman's Hermits,Silhouettes,Retrospective (2004 Remaster),Pop,1:59
Herman's Hermits,"Mrs. Brown, You've Got a Lovely Daughter",Retrospective (2004 Remaster),Pop,2:47
Hermione Gingold & The Biddys,"Pick-a-Little, Talk-a-Little",The Music Man (Original Soundtrack),Soundtrack,2:03
Hezekiah Walker,Faithful Is Our God,Setlist: The Very Best of Hezekiah Walker (Live),Christian,7:25
Hezekiah Walker,Every Praise (Radio Edit),WOW Gospel 2014,Christian,4:49
Hezekiah Walker & The Love Fellowship Choir,I Need You to Survive (WOW Edit),The Gospel Soundtrack,Christian,5:32
Hillsong UNITED,Lead Me to the Cross,All of the Above,Christian,4:19
Hillsong Worship,Cornerstone (Studio Version),Cornerstone (Deluxe Edition),Christian,3:27
Hillsong Worship & Jad Gillies,Forever Reign (Live),"A Beautiful Exchange (Live At Hillsong Church, AU)",Christian,5:44
Hillsong Worship & Reuben Morgan,Here I Am to Worship (Live),Ultimate Worship: Hillsong (Live),Christian,3:41
The Hit Crew,Bewitched Theme,Drew's Famous Presents As Seen On TV: Comedy Theme Songs,Soundtrack,1:03
The Hollies,Long Cool Woman (In a Black Dress),The Hollies' Greatest Hits,Rock,3:17
The Hollies,"He Ain't Heavy, He's My Brother",The Hollies' Greatest Hits,Rock,4:19
The Hollies,The Air That I Breathe,The Hollies' Greatest Hits,Rock,4:10
Hollywood Classics,I Dream of Genie Theme,I Dream of Genie Theme - Single,Pop,0:42
Hollywood Studio Orchestra,Bonanza,Classic Western Movie Themes,Soundtrack,2:22
Hometown Barbershop Quartet,Goodnite Ladies,The Treasury of Barbershop Quartets,Jazz,2:07
Hootie & The Blowfish,Hold My Hand,The Best of Hootie & The Blowfish (1993-2003),Pop,4:18
Hootie & The Blowfish,Only Wanna Be With You,The Best of Hootie & The Blowfish (1993-2003),Pop,3:50
Hootie & The Blowfish,Time,The Best of Hootie & The Blowfish (1993-2003),Pop,4:57
Hootie & The Blowfish,Let Her Cry,The Best of Hootie & The Blowfish (1993-2003),Pop,5:19
The Hoppers,The Marriage Supper of the Lamb,The Best of the Hoppers,Rock,3:28
The Hoppers,Jerusalem,The Best of the Hoppers,Rock,5:17
The Hoppers,It's Shouting Time In Heaven,The Best of the Hoppers,Rock,4:06
The Hoppers,I've Come Too Far,The Best of the Hoppers,Rock,4:32
Horace Silver & The Jazz Messengers,Doodlin',Horace Silver and the Jazz Messengers,Jazz,6:45
Hot Springs Music Festival Symphony Orchestra & Richard Rosenberg,"Symphonie Romantique No. 2, ""A Montevideu"": I. Andante","Gottschalk: Symphonies Nos. 1 & 2, Escenas Campestres Cubanas, Grande Tarentelle",Classical,2:30
Hot Springs Music Festival Symphony Orchestra & Richard Rosenberg,"Symphonie Romantique No. 2, ""A Montevideu"": II. Presto - Maestoso","Gottschalk: Symphonies Nos. 1 & 2, Escenas Campestres Cubanas, Grande Tarentelle",Classical,8:46
Howlin' Wolf,Smokestack Lightnin',The Definitive Collection,Blues,3:07
Howlin' Wolf,Spoonful,The Definitive Collection,Blues,2:43
Huey Lewis & The News,The Power of Love,Greatest Hits (Remastered),Rock,3:54
Huey Lewis & The News,Stuck With You (Single Edit),Greatest Hits (Remastered),Rock,4:27
Huey Lewis & The News,Do You Believe In Love,Greatest Hits (Remastered),Rock,3:28
Huey Lewis & The News,Heart and Soul,Greatest Hits (Remastered),Rock,4:11
"Hugh Jackman, Josefina Gabriele & Maureen Lipman",The Surrey with the Fringe on Top,Oklahoma! (1998 Royal National Theatre Cast Recording),Soundtrack,5:56
Hugh Masekela,Grazing in the Grass,Still Grazing,Jazz,2:37
Hugh Wolff & The Saint Paul Chamber Orchestra,Antiche danze ed arie: Suite No. 3: III. Siciliana,40 Most Beautiful Orchestral Classics,Classical,3:25
Hugo Wolf & The Saint Paul Chamber Orchestra,"Serenade in E Major, Op. 22: II. Larghetto",40 Most Beautiful Orchestral Classics,Classical,6:12
Humble Pie,I Don't Need No Doctor (Live),The Definitive Collection,Rock,8:48
Humble Pie,30 Days In the Hole,Smokin',Rock,3:57
Ian & Sylvia,Four Strong Winds,Four Strong Winds,Singer/Songwriter,3:29
"Ibolya Verebics, Géza Oberfrank & Nemzeti Filharmonikus Zenekar","Matthäuspassion, BWV 244: Erbarme dich, mein Gott",50 of the Best: J.S. Bach,Classical,7:10
Ike & Tina Turner,Nutbush City Limits,All the Best: The Hits,R&B/Soul,3:02
Ike & Tina Turner,River Deep - Mountain High,River Deep - Mountain High,R&B/Soul,3:35
Ike & Tina Turner,A Fool In Love,River Deep - Mountain High,R&B/Soul,3:07
Il Divo,Hallelujah (Aleluya),The Promise,Pop,3:20
Il Divo,Amazing Grace,The Promise,Pop,4:30
Il Divo & Céline Dion,I Believe In You (Je crois en toi) [English-French Version],Ancora,Classical Crossover,4:00
The Imperials,He Didn't Lift Us Up To Let Us Down,Heed the Call,Gospel,3:24
The Impressions,Man Oh Man,The ABC-Paramount Rarities,R&B/Soul,3:13
The Impressions,It's All Right,It's All Right,R&B/Soul,2:48
The Impressions,Choice of Colors,The Young Mods' Forgotten Story,R&B/Soul,3:20
Indigo Girls,Closer to Fine,Indigo Girls (Expanded Edition),Singer/Songwriter,4:02
"Ingrid Kertesi, Mátyás Antal & Failoni Kamarazenekar","Jauchzet Gott in allen Landen, BWV 51: Jauchzet Gott in allen Landen",50 of the Best: J.S. Bach,Classical,4:34
The Ink Spots,It's a Sin to Tell a Lie,If I Didn't Care: An Anthology,Vocal Pop,2:23
The Ink Spots,I'll Never Smile Again,Ink Spots Favorites,R&B/Soul,3:23
The Ink Spots,"Green, Green Grass of Home",The Ink Spots' Greatest Hits,R&B/Soul,3:07
The Ink Spots,If I Didn't Care (Single Version),20th Century Masters - The Millennium Collection: The Best of The Ink Spots,Jazz,3:05
The Ink Spots,Java Jive (Single Version),20th Century Masters - The Millennium Collection: The Best of The Ink Spots,Jazz,3:04
The Ink Spots,I'm Beginning to See the Light (feat. Ella Fitzgerald),20th Century Masters - The Millennium Collection: The Best of The Ink Spots,Jazz,2:44
The Irish Rovers,The Unicorn,The Best of The Irish Rovers (Remastered),Celtic Folk,3:18
The Irish Rovers,The Black Velvet Band,The Best of The Irish Rovers (Remastered),Celtic Folk,3:42
The Irish Rovers,Music in the Glen: Sweet Biddy Daly / The Carraroe Jig /Charlie Mulvihill's Reel / Music in the Glen,"The Irish Rovers 50 Years, Vol. 1",Worldwide,2:00
The Irish Rovers,Reels: Tie the Bonnet / Scotch Mary / The Mountain Road / Maud Miller's / Tulla Reel,"The Irish Rovers 50 Years, Vol. 1",Worldwide,2:46
The Irish Rovers,Johnny I Hardly Knew Ye,"The Irish Rovers 50 Years, Vol. 2",Worldwide,3:26
The Irish Rovers,Patsy Fagan,"The Irish Rovers 50 Years, Vol. 2",Worldwide,2:22
The Irish Tenors,I'll Take You Home Again Kathleen,Heritage,Singer/Songwriter,3:35
Iron Butterfly,In-A-Gadda-Da-Vida (Single Version),Light and Heavy: The Best of Iron Butterfly,Rock,2:54
Irwin Kostal & Julie Andrews,Prelude / The Sound of Music,The Sound of Music (Original Motion Picture Soundtrack),Musicals,2:44
"Irwin Kostal, Anna Lee, Portia Nelson, Marni Nixon & Evadne Baker",Overture / Preludium (Dixit Dominus),The Sound of Music (Original Motion Picture Soundtrack),Musicals,3:13
Isaac Hayes,Walk On By (Remastered 1991),Greatest Hits Singles (Remastered 1991),R&B/Soul,4:33
Isaac Hayes,I Stand Accused (Remastered 1991),Greatest Hits Singles (Remastered 1991),R&B/Soul,4:03
Isaac Hayes,Do Your Thing (Remastered 1991),Greatest Hits Singles (Remastered 1991),R&B/Soul,3:17
Isaac Hayes,Theme from Shaft,Shaft (Music From the Soundtrack),Soundtrack,4:39
Isaac Hayes,Run Fay Run,Stax Classics,R&B/Soul,2:49
The Isaacs,I Surrender All,Songs of the Faith,Delta Blues,4:27
The Isley Brothers,"Shout, Pts. 1 & 2",The Best of the Early Years,R&B/Soul,4:32
The Isley Brothers,"That Lady, Pts. 1 & 2",The Essential Isley Brothers,R&B/Soul,5:34
The Isley Brothers,Twist and Shout,Twist & Shout,R&B/Soul,2:35
The Isley Brothers,It's Your Thing,The Ultimate Isley Brothers,R&B/Soul,2:46
The Isley Brothers,Work To Do,The Ultimate Isley Brothers,R&B/Soul,3:09
The Isley Brothers,This Old Heart Of Mine (Is Weak For You),"20th Century Masters: The Millennium Collection: The Best Of Motown 1960s, Vol. 2",R&B/Soul,2:55
Ismael Rivera,El Negro Bembon - Original,Ismael Rivera's El Bembon De Elena,Latin,3:50
Israel Houghton,Moving Forward,The Power of One,Christian,4:51
Israel Houghton & New Breed,You Are Good,Decade,Christian,5:23
Israel Houghton & New Breed,Alpha and Omega,Decade,Christian,7:42
Israel Kamakawiwo'ole,Somewhere Over the Rainbow,Alone in IZ World,Worldwide,3:31
Israel Philharmonic Orchestra & Itzhak Perlman,"Violin Concerto in C Minor, RV 199 ""Il sospetto"": I. Allegro",Vivaldi: The Four Seasons,Classical,3:57
Israel Philharmonic Orchestra & Itzhak Perlman,"Violin Concerto in C Minor, RV 199 ""Il sospetto"": II. Andante",Vivaldi: The Four Seasons,Classical,2:54
Israel Philharmonic Orchestra & Itzhak Perlman,"Violin Concerto in C Minor, RV 199 ""Il sospetto"": III. Allegro",Vivaldi: The Four Seasons,Classical,2:30
Israel Philharmonic Orchestra & Itzhak Perlman,"Violin Concerto in A Minor, RV 356: I. Allegro",Vivaldi: The Four Seasons,Classical,3:23
Israel Philharmonic Orchestra & Itzhak Perlman,"Violin Concerto in A Minor, RV 356: II. Largo",Vivaldi: The Four Seasons,Classical,2:39
Israel Philharmonic Orchestra & Itzhak Perlman,"Violin Concerto in A Minor, RV 356: III. Presto",Vivaldi: The Four Seasons,Classical,2:52
Israel Philharmonic Orchestra & Itzhak Perlman,"Violin Concerto in A Major, RV 347: I. Allegro",Vivaldi: The Four Seasons,Classical,4:00
Israel Philharmonic Orchestra & Itzhak Perlman,"Violin Concerto in A Major, RV 347: II. Largo",Vivaldi: The Four Seasons,Classical,2:46
Israel Philharmonic Orchestra & Itzhak Perlman,"Violin Concerto in A Major, RV 347: III. Allegro",Vivaldi: The Four Seasons,Classical,3:34
Israel Philharmonic Orchestra & Zubin Mehta,"1812 Overture, Op. 49: Finale",40 Most Beautiful Classical Masterpieces,Classical,3:43
The Israeli Concert Band,Hatikvah,Shalom: Music of the Jewish People,Worldwide,1:28
It's a Beautiful Day,White Bird (Live),Fillmore: The Last Days (Bill Graham Presents In San Francisco) [Live],Rock,9:01
Ivan Parker,Wait Till You See Me In My New Home,Gaither Gospel Series: Memphis Homecoming,Christian,2:43
J. Brahms,"Cradle Song, Op. 49, No. 4",The Best of Brahms,Classical,2:15
The J. Geils Band,Centerfold,Classic Rock,Rock,3:38
The J. Geils Band,Centerfold,Freeze Frame,Rock,3:38
J. Karjalainen,Pikku Enkeli,Miehen Työ,Rock,2:56
Jaci Velasquez,On My Knees,Heavenly Place,CCM,3:53
Jack Bruce,Theme for an Imaginary Western,Songs for a Tailor (Remastered),Rock,3:28
Jack Greene,There Goes My Everything (Re-Recorded),The Best of Jack Greene (Re-Recorded Versions),Country,2:37
Jack Greene,There Goes My Everything (Rerecorded),The Number 1 Country Collection: 16 Number One Country Favourites (Rerecorded Version),Country,2:37
Jack Jezzro,Myrtle Beach Days,Ocean Boulevard,Jazz,4:24
Jack Johnson,Bubble Toes,Brushfire Fairytales (Remastered) [Bonus Version],Rock,3:59
Jack Johnson,Better Together,Hawaiian Slack Key Kings,Singer/Songwriter,3:45
Jack Johnson,Imagine,Instant Karma: The Amnesty International Campaign to Save Darfur,Rock,3:39
"Jack Johnson, Dave Matthews & Tim Reynolds",A Pirate Looks At Forty (Live),Jack Johnson & Friends - Best of Kokua Festival (A Benefit for the Kokua Hawaii Foundation),Rock,3:52
Jackie Wilson,To Be Loved,20 Greatest Hits (Remastered),R&B/Soul,2:30
Jackie Wilson,Lonely Teardrops,20 Greatest Hits (Remastered),R&B/Soul,2:44
Jackie Wilson,That's Why (I Love You So),20 Greatest Hits (Remastered),R&B/Soul,2:06
Jackie Wilson,Baby Workout,20 Greatest Hits (Remastered),R&B/Soul,3:02
Jackie Wilson,(Your Love Keeps Lifting Me) Higher & Higher,20 Greatest Hits (Remastered),R&B/Soul,3:01
Jackson 5,I Want You Back,The Ultimate Collection,Pop,2:59
Jackson 5,I'll Be There,The Ultimate Collection,R&B/Soul,3:58
Jackson 5,Dancing Machine,The Ultimate Collection,R&B/Soul,2:37
Jackson 5,ABC,20th Century Masters - The Millennium Collection: The Best of Jackson 5,R&B/Soul,3:00
Jackson 5,Santa Claus Is Coming To Town,20th Century Masters: The Christmas Collection: Jackson 5,Holiday,2:24
Jackson Browne,The Pretender,The Pretender,Rock,5:51
Jackson Browne,Doctor My Eyes,The Very Best of Jackson Browne,Rock,3:20
Jackson Browne,These Days,The Very Best of Jackson Browne,Rock,4:45
Jackson Browne,For a Dancer (Single Version),The Very Best of Jackson Browne,Rock,4:49
Jackson Browne,Before the Deluge,The Very Best of Jackson Browne,Rock,6:21
Jackson Browne,Running On Empty,The Very Best of Jackson Browne,Rock,4:58
The Jackson Southernaires,I Will Trust In the Lord,"Lord, We Need Your Blessings",Christian,5:29
The Jacksons,Blame It On the Boogie,The Essential Michael Jackson,Pop,3:35
The Jacksons,Shake Your Body (Down to the Ground) [Single Version],The Essential Michael Jackson,Pop,3:46
Jake Hooker,Get Some Loving Done,One Man World,Country,2:20
James Baskett,"Zip-a-Dee-Doo-Dah (From ""Song of the South"")","Disney's Greatest, Vol. 1",Musicals,2:20
James Blunt,You're Beautiful,Back To Bedlam,Pop,3:34
James Brown,I'll Go Crazy (Live At The Apollo Theater/1962/Single Mix),Live At The Apollo (Expanded Edition),Rock,2:18
James Brown,"Please, Please, Please",That Is Soul,R&B/Soul,2:47
James Brown,I Got the Feelin' (Single Version),20 All-Time Greatest Hits!,R&B/Soul,2:34
James Brown,"Papa's Got A Brand New Bag, Pt. 1",20 All-Time Greatest Hits!,R&B/Soul,2:08
James Brown,"Say It Loud - I'm Black And I'm Proud, Pt. 1",20 All-Time Greatest Hits!,R&B/Soul,2:53
James Brown,Get Up Offa That Thing,20 All-Time Greatest Hits!,R&B/Soul,4:13
James Brown,"It's a Man's, Man's, Man's World",20th Century Masters - The Millennium Collection: The Best of James Brown,Soul,2:50
James Brown,Try Me,20th Century Masters - The Millennium Collection: The Best of James Brown,R&B/Soul,2:34
James Brown & The Famous Flames,I Got You (I Feel Good),20 All-Time Greatest Hits!,R&B/Soul,2:48
"James Cagney, Orchestra & Chorus",Yankee Doodle Dandy (Orchestra Version),Yankee Doodle Dandy (O.S.T - 1942),Soundtrack,5:20
James Galway,"Memory (From ""Cats"")",The Wind Beneath My Wings,Soundtrack,3:30
James Galway & Vincent Fanuele,"Send in the Clowns (From ""A Little Night Music"")",The Wind Beneath My Wings,Soundtrack,4:20
James Galway & Vincent Fanuele,The Wind Beneath My Wings,The Wind Beneath My Wings,Classical,3:25
James Gang,Funk #49,Funk #49,Rock,3:54
James Gang,Walk Away,20th Century Masters - The Millennium Collection: The Best of Joe Walsh,Rock,3:35
James Taylor,Her Town Too,Dad Loves His Work,Rock,4:34
James Taylor,Your Smiling Face,The Essential James Taylor,Pop,2:45
James Taylor,Carolina In My Mind (1976 Version),"Greatest Hits, Vol. 1",Singer/Songwriter,3:59
James Taylor,Fire and Rain,"Greatest Hits, Vol. 1",Singer/Songwriter,3:21
James Taylor,Sweet Baby James,"Greatest Hits, Vol. 1",Singer/Songwriter,2:51
James Taylor,You've Got a Friend,"Greatest Hits, Vol. 1",Singer/Songwriter,4:29
James Taylor,How Sweet It Is (To Be Loved By You),"Greatest Hits, Vol. 1",Singer/Songwriter,3:35
James Taylor,Shower the People,"Greatest Hits, Vol. 1",Singer/Songwriter,4:32
James Taylor,Up On the Roof,"Greatest Hits, Vol. 2",Pop,4:20
James Taylor,Go Tell It On the Mountain,James Taylor at Christmas (Bonus Track Version),Christmas,3:42
James Taylor,Secret O' Life,JT,Singer/Songwriter,3:35
James Taylor,You Can Close Your Eyes (Live),One Man Band (Live),Rock,3:09
James Taylor,Sweet Baby James,Sweet Baby James,Rock,2:54
James Taylor,Steamroller,Sweet Baby James (Remastered),Singer/Songwriter,2:58
Jan & Dean,Surf City,Surf City: The Best of Jan & Dean,Pop,2:43
Jan & Dean,The Little Old Lady (From Pasadena),Surf City: The Best of Jan & Dean,Pop,2:44
Janet Jackson,What Have You Done for Me Lately,Control,Pop,4:59
Janet Jackson,When I Think of You,Design of a Decade 1986/1996,Pop,3:55
Janet Jackson,If,Janet.,Vocal,4:31
Janet Jackson,Escapade,Rhythm Nation 1814,Pop,4:44
Janis Joplin,Me and Bobby McGee,The Essential Janis Joplin,Rock,4:30
Janis Joplin,Mercedes Benz,Janis Joplin's Greatest Hits,Rock,1:46
János Sebestyén,"Church Son In C, K. 336",Mozart: Organ Music,Classical,5:04
János Sebestyén,"Notebooks for Anna Magdalena Bach, Book 2: Menuet in G Major, BWV Anh. 114 (Attrib. C. Petzold)",50 of the Best: J.S. Bach,Classical,1:34
János Sebestyén,"Italienisches Konzert, BWV 971: I. Allegro",50 of the Best: J.S. Bach,Classical,3:49
Jaroslav Dvořák & Capella Istropolitana,"Orchestral Suite No. 2 in B Minor, BWV 1067: VII. Badinerie",50 of the Best: J.S. Bach,Classical,1:29
Jaroslav Dvořák & Capella Istropolitana,"Orchestral Suite No. 3 in D Major, BWV 1068: II. Air (""On a G String"")",50 of the Best: J.S. Bach,Classical,5:18
Jaroslav Dvořák & Capella Istropolitana,"Orchestral Suite No.3 in D Major, BWV 1068: I. Overture",50 of the Best: J.S. Bach,Classical,7:05
Jason Aldean,Dirt Road Anthem,My Kinda Party,Country,3:49
Jason Aldean,She's Country,Wide Open,Country,3:41
Jason Crabb,Go Tell It On the Mountain,Because It's Christmas,CCM,4:58
Jason Crabb,Please Forgive Me,Favorites,Christian,3:21
Jason Crabb,Through the Fire,Jason Crabb,Gospel,3:43
Jason Crabb,Sometimes I Cry,Jason Crabb,Gospel,3:10
Jason Crabb,Love Is Stronger,Love Is Stronger,Christian,3:48
Jason Crabb,Hymns Medley: The Everlasting Arms/The Meeting In the Air/I'll Fly Away (Live),Through the Fire: The Best of Jason Crabb,Christian,4:17
Jason Crabb,He Knows What He's Doing,Whatever the Road,Christian,3:46
Jason Derulo & Michael Bublé,Spicy Margarita,Nu King,Pop,2:34
Jason Nelson,Forever (Radio Edit),Forever (Radio Edit) - Single,Christian,4:17
"Jason Weaver, Rowan Atkinson & Laura Williams",I Just Can't Wait to Be King,The Lion King (Original Motion Picture Soundtrack),Musicals,2:51
Javier Solís,Vereda Tropical,Javier Solís - El Incomparable,Baladas y Boleros,2:47
Javier Solís,Nobleza,Javier Solís - El Incomparable,Baladas y Boleros,2:50
Javier Solís,Sombras,Javier Solís: Éxitos Con Trío,Música Mexicana,3:27
Javier Solís,"Mentira, Mentira",Javier Solís: Éxitos Con Trío,Música Mexicana,3:04
Javier Solís,Si Dios Me Quita la Vida,Javier Solís: Éxitos Con Trío,Música Mexicana,3:49
Javier Solís,En Mi Viejo San Juan,Personalidad,Baladas y Boleros,2:53
Javier Solís,El Loco,Personalidad,Baladas y Boleros,2:54
Jay & The Techniques,"Apples, Peaches, Pumpkin Pie","Apples, Peaches, Pumpkin Pie",Rock,2:28
The Jay Ungar & Molly Mason Family Band,Ashokan Farewell,A Fiddler's Holiday With the Jay Ungar & Molly Mason Family Band,Holiday,5:03
The Jay Ungar & Molly Mason Family Band,Waltz of the Little Girls' Toys,A Fiddler's Holiday With the Jay Ungar & Molly Mason Family Band,Holiday,2:54
Jean Goldkette and His Orchestra & Bix Beiderbecke,Clementine (From New Orleans),The Indispensable Bix Beiderbecke (1924-1930),Jazz,3:01
Jean Shepard,A Satisfied Mind,Greatest Hits - All Original Recordings,Country,2:40
Jean Shepard,Slippin' Away,Greatest Hits - All Original Recordings,Country,2:30
Jean-François Paillard & Orchestre de Chambre Jean-François Paillard,Canon & Gigue in D Major,40 Most Beautiful Orchestral Classics,Classical,7:12
"Jean-François Paillard, Orchestre de Chambre Jean-François Paillard & Pierre Del Vescovo",Horn Concerto No. 4 in E-Flat Major K. 495: II Romanza,40 Most Beautiful Orchestral Classics,Classical,4:22
"Jean-François Paillard, Orchestre de Chambre Jean-François Paillard & Pierre Pierlot",Oboe Concerto in C Minor: II Adagio,40 Most Beautiful Orchestral Classics,Classical,4:23
Jeff & Sheri Easter,I've Been Touched,By Request,Christian,3:15
Jeff & Sheri Easter,"Thank You, Lord, for Your Blessings",Miles and Milestones,Christian,2:55
Jeff & Sheri Easter,You're My Best Friend,Silver Anniversary,Christian,2:53
Jeff & Sheri Easter,Praise His Name,Singing News Fan Awards: Top Ten Southern Gospel Songs of 2000,Christian,4:45
Jeff Beck,Twenty Flight Rock (feat. Brian Setzer) [Live],"Rock 'n' Roll Party (Honoring Les Paul) [Live from the Iridium Jazz Club, June 2010]",Rock,3:45
Jeff Milner & The Embers,My Vow to You (Remastered),My Vow to You (Remastered) - Single,Traditional Pop,2:37
Jefferson Airplane,White Rabbit,Surrealistic Pillow (2003 Bonus Track Edition),Rock,2:31
Jefferson Starship,Miracles,Gold,Rock,6:52
Jefferson Starship,Count on Me,Gold,Rock,3:15
Jennifer Holliday,And I Am Telling You I'm Not Going,Dreamgirls (Original Broadway Cast Album - 1982),Soundtrack,4:06
Jennifer Holliday,I Am Love,20th Century Masters - The Millennium Collection: The Best of Jennifer Holliday (Remastered),Pop,4:35
Jennifer Hudson,Amazing Grace,RESPECT (Original Motion Picture Soundtrack),Soundtrack,5:03
Jenő Jandó,"Keyboard Sonata No. 60 in C Major, Hob. XVI:50: II. Adagio",50 of the Best: Haydn,Classical,6:04
Jenő Jandó,"Keyboard Sonata No. 59 in E-Flat Major, Hob. XVI:49: III. Finale: Tempo di minuet",50 of the Best: Haydn,Classical,4:02
Jenő Jandó,"Keyboard Sonata in F Minor, Hob. XVII:6, ""Un piccolo divertimento"": Variations",50 of the Best: Haydn,Classical,14:56
Jenő Jandó,"Well-Tempered Clavier, Book 1: Prelude and Fugue No. 1 in C Major, BWV 846",50 of the Best: J.S. Bach,Classical,4:25
Jenő Jandó,"Well-Tempered Clavier, Book 2: Prelude & Fugue No. 3 in C-Sharp Major, BWV 872",50 of the Best: J.S. Bach,Classical,3:45
"Jeremy Jordan, Andy Karl, Angela Grovey, Dequina Moore, Dolly Parton, Keke Palmer & Queen Latifah",Higher Medley,Joyful Noise (Original Motion Picture Soundtrack),Pop,5:33
Jeremy Summerly & Oxford Camerata,Ave generosa,Hildegard Von Bingen: Heavenly Revelations,Classical,6:32
Jerry Butler,Only the Strong Survive,20th Century Masters - The Millennium Collection: The Best of Jerry Butler,R&B/Soul,2:37
Jerry Butler,Never Give You Up,20th Century Masters - The Millennium Collection: The Best of Jerry Butler,R&B/Soul,2:59
Jerry Butler & The Impressions,For Your Precious Love,The Iceman,R&B/Soul,2:48
Jerry Lee Lewis,I'll Fly Away,In Loving Memories (The Jerry Lee Lewis Gospel Album),Country,2:19
Jerry Lee Lewis,Great Balls of Fire,Jerry Lee's Greatest!,Rock,1:52
Jerry Lee Lewis,Whole Lotta Shakin' Goin' On,"Sun Records - The Definitive Hits, Vol. 1",Rock,2:53
Jerry Lee Lewis,Chantilly Lace,20 #1's: Classic Country (Reissue),Rock,2:51
Jerry Orbach,Try to Remember,The Fantasticks (Soundtrack from the Musical) [Original Cast Recording],Soundtrack,2:47
Jerry Rivera,Amores Como el Nuestro,20 Éxitos Originales,Música tropical,5:02
Jerry Vale,O Sole Mio,Sings the Great Italian Hits,Vocal,2:43
Jerry Vale,"Arrivederci, Roma",Sings the Great Italian Hits,Vocal,3:04
Jerry Vale,Love Is a Many-Splendored Thing,17 Most Requested Songs,Vocal,2:38
Jersey Boys,My Eyes Adored You,Jersey Boys (Original Broadway Cast Recording),Soundtrack,2:27
Jesse Rice,Island State of Mind,The Pirate Sessions,Country,3:18
Jesse Rice,Golden Isles,The Pirate Sessions IV,Country,3:47
Jethro Tull,Aqualung,The Very Best of Jethro Tull,Rock,6:36
Jethro Tull,Bungle In the Jungle,The Very Best of Jethro Tull,Rock,3:37
Jethro Tull,Thick As a Brick (Edit No. 1),The Very Best of Jethro Tull,Rock,3:03
The Jewish Starlight Orchestra,Mazel Tov,Jewish Songs (The Best of Yiddish Songs and Klezmer Music),Worldwide,4:26
Jim Apostolou,Anapse To Tsigaro,Ala Tourka Horepse Mou (Authentic Recordings 1957-1962),Worldwide,2:53
Jim Apostolou,Ouzo Ouzo,Ala Tourka Horepse Mou (Authentic Recordings 1957-1962),Worldwide,3:15
Jim Apostolou,Enas Mangas Sto Votaniko,O Diavatis (Authentic Recordings 1948-1954),Worldwide,2:59
Jim Brickman,Angel Eyes,The Essential Jim Brickman,New Age,2:30
Jim Brickman,Love of My Life (feat. Michael W. Smith),Greatest Hits,New Age,4:01
Jim Bryant,Maria,West Side Story (Original Motion Picture Soundtrack),Musicals,2:36
Jim Bryant & Marni Nixon,Somewhere,West Side Story (Original Motion Picture Soundtrack),Musicals,2:04
Jim Croce,I'll Have to Say I Love You In a Song,I Got a Name,Singer/Songwriter,2:32
Jim Croce,"Bad, Bad Leroy Brown",Life and Times,Singer/Songwriter,3:01
Jim Croce,Operator (That's Not the Way It Feels),Photographs & Memories: His Greatest Hits,Singer/Songwriter,3:50
Jim Croce,Time in a Bottle,You Don't Mess Around With Jim,Singer/Songwriter,2:29
Jim Nabors,The Impossible Dream,The Best of Jim Nabors,Vocal,2:51
Jim Nabors,"Take My Hand, Precious Lord",More Songs of Inspiration,Christian,3:10
Jim Nabors,Battle Hymn of the Republic,Songs of Inspiration,Pop,3:08
Jim Nabors,Amazing Grace,Songs of Inspiration,Pop,2:27
Jim Quick & Coastline,Mama's Drinking Liquor Again (Live),Live at Hotos,Blues,4:13
Jim Reeves,Bimbo,Anthology,Country,2:47
Jim Reeves,Four Walls,The Essential Jim Reeves,Country,2:49
Jim Reeves,He'll Have to Go,The Essential Jim Reeves,Country,2:18
Jim Reeves,Am I Losing You,The Essential Jim Reeves,Country,2:37
Jim Reeves,It Is No Secret (What God Can Do),The Essential Jim Reeves,Country,2:55
Jim Reeves,May The Good Lord Bless And Keep You,Songs To Warm The Heart,Country,2:35
Jim Reeves,Where We'll Never Grow Old,20 Songs of Inspiration,Country,2:20
Jim Reeves,Whispering Hope,20 Songs of Inspiration,Country,3:03
Jim Reeves,We Thank Thee,20 Songs of Inspiration,Country,2:41
Jim Reeves,"Take My Hand, Precious Lord",20 Songs of Inspiration,Country,2:21
Jimi Hendrix,All Along the Watchtower,Voodoo Child: The Jimi Hendrix Collection,Rock,4:01
The Jimi Hendrix Experience,Purple Haze,Experience Hendrix: The Best of Jimi Hendrix,Rock,2:51
The Jimi Hendrix Experience,Fire,Experience Hendrix: The Best of Jimi Hendrix,Rock,2:44
The Jimi Hendrix Experience,Voodoo Child (Slight Return),Experience Hendrix: The Best of Jimi Hendrix,Rock,5:12
Jimmie Davis,You Are My Sunshine,You Are My Sunshine - Single,Pop,3:42
Jimmie Rodgers,Honeycomb (Single Version),The Best of Jimmie Rodgers,Country,2:17
Jimmie Rodgers,"Oh-Oh, I'm Falling In Love Again",The Best of Jimmie Rodgers,Country,2:16
Jimmy Boyd,I Saw Mommy Kissing Santa Claus,First Christmas Record For Children,Christmas: Children's,2:30
Jimmy Buffett,Brown Eyed Girl,"Boats, Beaches, Bars & Ballads",Pop,3:52
Jimmy Buffett,Cheeseburger In Paradise,Songs You Know By Heart,Rock,2:52
Jimmy Buffett,Son of a Son of a Sailor,Songs You Know By Heart: Jimmy Buffett's Greatest Hit(s),Singer/Songwriter,3:23
Jimmy Buffett,A Pirate Looks at Forty,Songs You Know By Heart: Jimmy Buffett's Greatest Hit(s),Singer/Songwriter,3:52
Jimmy Buffett,Margaritaville,Songs You Know By Heart: Jimmy Buffett's Greatest Hit(s),Singer/Songwriter,4:09
Jimmy Buffett,Come Monday,Songs You Know By Heart: Jimmy Buffett's Greatest Hit(s),Singer/Songwriter,3:08
Jimmy Buffett,"Changes In Latitudes, Changes In Attitudes",Songs You Know By Heart: Jimmy Buffett's Greatest Hit(s),Singer/Songwriter,3:14
Jimmy Buffett,Volcano,Songs You Know By Heart: Jimmy Buffett's Greatest Hit(s),Singer/Songwriter,3:39
Jimmy Dorsey,Maria Elena,Back in Time - The Finest from the 1940's,Pop,3:08
Jimmy Dorsey,Tangerine,Jimmy Dorsey: The Complete Standard Transcriptions,Jazz,3:00
Jimmy Dorsey,Green Eyes,Swing Time! The Fabulous Big Band Era 1925-1955,Jazz,3:19
Jimmy Dorsey and His Orchestra,Blue Champagne,Too Marvelous For Words,Big Band,3:13
Jimmy Dorsey and His Orchestra,My Sister And I,Too Marvelous For Words,Big Band,3:09
Jimmy Reed,Boogie In the Dark (Instrumental),I'm Jimmy Reed,Blues,2:35
Jimmy Reed,Baby What You Want Me to Do,The Very Best of Jimmy Reed,Blues,2:24
Jimmy Roselli,Piscatore'e Pusilleco,The Best of Neopolitan Songs,Pop,3:25
Jimmy Roselli,Anema E Core,The Best of Neopolitan Songs,Pop,3:51
Jimmy Roselli,A Tazza'e Cafe (A Cup of Coffee),The Best of Neopolitan Songs,Pop,2:27
Jimmy Ruffin,What Becomes of the Brokenhearted,20th Century Masters - The Millennium Collection: The Best of Jimmy Ruffin,R&B/Soul,3:02
Jimmy Ruffin & David Ruffin,Turn Back the Hands of Time,I Am My Brother's Keeper (Expanded Edition),R&B/Soul,2:56
Jimmy Sturr and His Orchestra,Monopol,Polka In Paradise,Alternative Folk,3:20
Jo Dee Messina,Bye Bye,Jo Dee Messina: Greatest Hits,Country,3:20
Jo Stafford & Paul Weston and His Orchestra,You Belong to Me,Reader's Digest Music: Rare Covers and Re-Records,Vocal,3:03
Joan Baez,"It's All Over Now, Baby Blue",Baez Sings Dylan,Singer/Songwriter,3:26
Joan Baez,Forever Young (Single Version),The Complete A&M Recordings,Pop,3:53
Joan Baez,Blowin' In The Wind (Live),The Complete A&M Recordings,Alternative Folk,2:30
Joan Baez,The Night They Drove Old Dixie Down (Live On Tour / 1975),The Complete A&M Recordings,Pop,3:26
Joan Baez,There but for Fortune,The First 10 Years,Rock,3:15
Joan Baez,Sweet Sir Galahad,The First 10 Years,Rock,3:44
Joan Baez,Diamonds and Rust,Greatest Hits,Alternative Folk,4:47
Joan Jett & The Blackhearts,I Love Rock 'N Roll,I Love Rock 'N' Roll (Expanded Edition),Rock,2:55
"Joe ""Fingers"" Webster & His River City Jazzmen",Five Foot Two Medley,Hooked On Dixie,Jazz,7:22
Joe Bataan,Subway Joe,Under the Streetlamps: Anthology 1967-72,Música tropical,3:00
Joe Bataan,Gypsy Woman (Demo Version),Under the Streetlamps: Anthology 1967-72,Música tropical,4:06
Joe Bataan,Ordinary Guy,Under the Streetlamps: Anthology 1967-72,Música tropical,2:53
Joe Cocker & Jennifer Warnes,"Up Where We Belong (From ""An Officer and a Gentleman"")",20th Century Masters - The Millennium Collection: The Best of Joe Cocker,Rock,3:53
Joe Liggins and His Orchestra,They Were Doing the Mambo,"The Mercury Blues Story (1945 - 1955) - West Coast Blues, Vol. 2",Blues,2:48
Joe Pace,I Still Have Joy,Mighty Long Way,Christian,5:58
Joe Walsh,Rocky Mountain Way,20th Century Masters - The Millennium Collection: The Best of Joe Walsh,Rock,5:15
Joey + Rory,He Touched Me,Hymns,Country,3:20
Joey + Rory,Softly and Tenderly,Hymns,Country,2:41
Joey + Rory,I Need Thee Every Hour,Hymns,Country,3:27
Johannes Wildner & Camerata Cassovia,"Symphony No. 101 in D Major, Hob. I:101, ""The Clock"": I. Adagio - Presto",50 of the Best: Haydn,Classical,8:30
Johannes Wildner & Camerata Cassovia,"Symphony No. 101 in D Major, Hob. I:101, ""The Clock"": II. Andante",50 of the Best: Haydn,Classical,7:34
Johannes Wildner & Camerata Cassovia,"Symphony No. 101 in D Major, Hob. I:101, ""The Clock"": III. Menuet: Allegretto",50 of the Best: Haydn,Classical,8:51
Johannes Wildner & Camerata Cassovia,"Symphony No. 101 in D Major, Hob. I:101, ""The Clock"": IV. Finale: Vivace",50 of the Best: Haydn,Classical,4:51
Johannes Wildner & Camerata Cassovia,"Symphony No. 100 in G Major, Hob. I:100, ""Military"": I. Adagio - Allegro",50 of the Best: Haydn,Classical,7:41
Johannes Wildner & Camerata Cassovia,"Symphony No. 100 in G Major, Hob. I:100, ""Military"": II. Allegretto",50 of the Best: Haydn,Classical,5:19
Johannes Wildner & Camerata Cassovia,"Symphony No. 100 in G Major, Hob. I:100, ""Military"": III. Menuet: Moderato",50 of the Best: Haydn,Classical,5:10
Johannes Wildner & Camerata Cassovia,"Symphony No. 100 in G Major, Hob. I:100, ""Military"": IV. Finale: Presto",50 of the Best: Haydn,Classical,5:28
Johannes Wildner & Camerata Cassovia,"Symphony No. 94 in G Major, Hob. I:94, ""The Surprise"": I. Adagio cantabile - Vivace assai",50 of the Best: Haydn,Classical,8:49
Johannes Wildner & Camerata Cassovia,"Symphony No. 94 in G Major, Hob. I:94, ""The Surprise"": II. Andante",50 of the Best: Haydn,Classical,5:57
Johannes Wildner & Camerata Cassovia,"Symphony No. 94 in G Major, Hob. I:94, ""The Surprise"": III. Menuetto",50 of the Best: Haydn,Classical,4:48
Johannes Wildner & Camerata Cassovia,"Symphony No. 94 in G Major, Hob. I:94, ""The Surprise"": IV. Finale: Allegro di molto",50 of the Best: Haydn,Classical,4:20
John Barry,"The James Bond Theme (From ""Dr. No"")",The Film Music of John Barry,Soundtrack,2:54
John Coltrane,Naima,Giant Steps,Jazz,4:25
John Coltrane,Giant Steps (2020 Remaster),Giant Steps (2020 Remaster),Jazz,4:48
John Coltrane,"My Favorite Things, Pt. 1 (Single Version)",My Favorite Things (Expanded Edition),Jazz,2:47
John Conlee,Rose Colored Glasses,Rose Colored Glasses,Urban Cowboy,3:20
John Cougar,Hurts So Good,Words & Music: John Mellencamp's Greatest Hits,Rock,3:39
John Cougar,Jack & Diane,Words & Music: John Mellencamp's Greatest Hits,Rock,4:16
John Cougar Mellencamp,Pink Houses,Words & Music: John Mellencamp's Greatest Hits,Pop,4:44
John Cowan,Carry On,The Massenberg Sessions,Country,4:58
John Davidson,More,More,Vocal,2:28
John Davidson,You Don't Have to Say You Love Me (Io che non vivo senza te),The Time of My Life,Pop,2:28
John Denver,Back Home Again,Back Home Again,Pop,4:45
John Denver,Thank God I'm a Country Boy,Back Home Again,Pop,3:13
John Denver,Leaving on a Jet Plane,The Essential John Denver,Pop,3:38
John Denver,Rocky Mountain High,The Essential John Denver,Folk,4:44
John Denver,"Sunshine on My Shoulders (""Greatest Hits"" Version)",The Essential John Denver,Pop,5:12
John Denver,Annie's Song,The Essential John Denver,Pop,3:00
John Denver,"Take Me Home, Country Roads","The John Denver Collection, Vol. 1: Take Me Home Country Roads",Pop,3:18
John Denver,"Follow Me (""Greatest Hits"" Version)",John Denver's Greatest Hits,Pop,2:57
John Denver,"The Eagle and the Hawk (""Greatest Hits"" Version)",John Denver's Greatest Hits,Pop,2:17
John Eliot Gardiner & Orchestre National De L'Opera De Monte Carlo,La Vierge: X. The Last Sleep of the Virgin,40 Most Beautiful Orchestral Classics,Classical,4:03
John Grout,Pacific Ocean,Relaxing Sounds of Nature,New Age,7:45
"John Gustafsen, Gene Kelly, Van Johnson, Paul Roberts & MGM Studio Chorus",I'll Go Home with Bonnie Jean,Brigadoon (Original 1954 Motion Picture Soundtrack),Soundtrack,5:18
John Legend,All of Me,Love in the Future (Expanded Edition),R&B/Soul,4:30
John Lennon,Beautiful Boy (Darling Boy),Double Fantasy,Rock,4:06
John Lennon,Watching The Wheels,Double Fantasy,Rock,4:00
John Lennon,Woman,Double Fantasy (Stripped Down),Pop,3:33
John Lennon,Imagine,Imagine,Rock,3:07
John Lennon,Jealous Guy,Imagine,Rock,4:18
John Lennon,Love,John Lennon/Plastic Ono Band,Rock,3:22
John Lennon,Mind Games,Mind Games,Rock,4:12
John Lennon,Stand By Me,Rock 'N' Roll,Rock,3:31
John Lennon,Whatever Gets You Thru the Night,Walls and Bridges,Rock,3:28
"John Lennon, The Harlem Community Choir, The Plastic Ono Band & Yoko Ono",Happy Xmas (War Is Over) [Remastered],A Very Special Christmas - Essential,Holiday,3:33
John McDermott,The Mountains Of Mourne,Love Is a Voyage,Vocal,4:25
"John McDermott, Anthony Kearns, & Ronan Tynan",When Irish Eyes Are Smiling,The Irish Tenors,Vocal,3:36
John Michael Montgomery,I Swear,The Very Best of John Michael Montgomery,Country,4:25
John Michael Talbot,"One Bread, One Body",Table of Plenty,Christian,4:38
John Michael Talbot,On Eagle's Wings,Table of Plenty,Christian,3:37
John P. Kee & The New Life Community Choir,We Glorify,The Essential John P. Kee,Christian,5:07
John Philip Sousa & United States Marine Band,The Washington Post,The March King: John Philip Sousa Conducts His Own Marches and Other Favorites (An Historical Recording),Classical,3:12
John Prine,That's the Way the World Goes Round,Bruised Orange,Rock,3:20
John Prine,Paradise,John Prine,Rock,3:14
John Prine,Angel From Montgomery,John Prine,Rock,3:47
John Prine & Bonnie Raitt,Angel from Montgomery (Live),Tribute to Steve Goodman (Live),Country,4:38
John Rubinstein,Corner of the Sky,Pippin (1972 Original Broadway Cast Recording),Soundtrack,3:18
John Sebastian,"Welcome Back (Theme from Welcome Back, Kotter)",The Best of John Sebastian,Rock,2:53
John Story,"Ballad of Jeremiah Johnson (From ""Jeremiah Johnson"") [Solo Piano Version]",Movie Soundtrack Masterpieces (Cinematic Chillout),Soundtrack,1:31
John Travolta & Jeff Conaway,Greased Lightnin',Grease (The Original Soundtrack from the Motion Picture),Musicals,3:13
John Travolta & Olivia Newton-John,Summer Nights,Grease (The Original Soundtrack from the Motion Picture),Musicals,3:35
John Travolta & Olivia Newton-John,You're the One That I Want,Grease (The Original Soundtrack from the Motion Picture),Musicals,2:49
John Williams,Prelude,The Art of Guitar,Classical,4:00
John Williams,Allemande,The Art of Guitar,Classical,4:11
John Williams & Boston Pops Orchestra,"Raiders of the Lost Ark (From ""Raiders of the Lost Ark"")",Greatest Hits 1969-1999,Soundtrack,5:11
John Williams & Boston Pops Orchestra,"Theme (From ""Jurassic Park"")",Greatest Hits 1969-1999,Soundtrack,5:29
John Williams & Boston Pops Orchestra,Seventy-Six Trombones,I Love a Parade,Big Band,3:07
John Williams & Skywalker Symphony Orchestra,"Main Theme (From ""Star Wars, Episode IV: A New Hope"") [Instrumental]",John Williams Conducts The Star Wars Trilogy,Soundtrack,5:50
Johnny Cash,Further On Up the Road,American V: A Hundred Highways,Country,3:25
Johnny Cash,Big River (feat. The Tennessee Two),Ballad Of A Teenage Queen / Big River (feat. The Tennessee Two) - Single,Country,2:31
Johnny Cash,A Boy Named Sue,"Columbia Country Classics, Vol. 3: Americana",Country,3:44
Johnny Cash,Ring of Fire,The Essential Johnny Cash,Country,2:36
Johnny Cash,One Piece at a Time,The Essential Johnny Cash,Country,4:01
Johnny Cash,(Ghost) Riders In the Sky,The Essential Johnny Cash,Country,3:45
Johnny Cash,Hey Good Lookin' (feat. The Tennessee Two),Greatest (feat. The Tennessee Two),Country,1:42
Johnny Cash,Get Rhythm (feat. The Tennessee Two),Greatest (feat. The Tennessee Two),Country,2:13
Johnny Cash,The Old Rugged Cross,Johnny Cash Sings Precious Memories,Country,2:48
Johnny Cash,At the Cross,Johnny Cash Sings Precious Memories,Country,2:50
Johnny Cash,I Walk the Line,Johnny Cash with His Hot and Blue Guitar!,Country,2:43
Johnny Cash,Wabash Cannonball,The Legend,Country,2:40
Johnny Cash,(There'll Be) Peace In the Valley,The Legend,Country,2:49
Johnny Cash,Do Lord,My Mother's Hymn Book,Country,2:12
Johnny Cash,When the Roll Is Called Up Yonder,My Mother's Hymn Book,Country,1:36
Johnny Cash,I'll Fly Away,My Mother's Hymn Book,Country,1:53
Johnny Cash,In the Sweet By and By,My Mother's Hymn Book,Country,2:25
Johnny Cash,Folsom Prison Blues (1988 Version),20th Century Masters - The Millennium Collection: The Best of Johnny Cash,Country,2:45
Johnny Cash & June Carter,Long-Legged Guitar Pickin' Man (Mono),Carryin' On With Johnny Cash & June Carter,Country,2:36
Johnny Cash & The Carter Sisters,Will the Circle Be Unbroken,"Winding Stream: The Carters, The Cashes and the Course of Country Music",Country,3:21
Johnny Cash with June Carter Cash,Jackson (with June Carter Cash),The Essential Johnny Cash,Country,2:45
Johnny Cash with June Carter Cash,If I Were a Carpenter,The Essential Johnny Cash,Country,2:59
"Johnny Cash with Willie Nelson, Waylon Jennings & Kris Kristofferson",Highwayman,The Essential Johnny Cash,Country,3:03
Johnny Horton,North to Alaska,Johnny Horton's Greatest Hits,Country,2:50
Johnny Horton,The Battle of New Orleans,Johnny Horton's Greatest Hits,Country,2:32
Johnny Mathis,Wonderful! Wonderful! (with Ray Conniff) [Single Version],The Essential Johnny Mathis,Pop,2:50
Johnny Mathis,Chances Are (Single Version),The Essential Johnny Mathis,Pop,3:02
Johnny Mathis,The Twelfth of Never (Single Version),The Essential Johnny Mathis,Pop,2:28
Johnny Mathis,Misty,The Essential Johnny Mathis,Pop,3:37
Johnny Mathis,"Too Much, Too Little, Too Late (with Deniece Williams)",The Essential Johnny Mathis,Pop,3:00
Johnny Mathis,Because You Loved Me,The Essential Johnny Mathis,Pop,4:36
Johnny Mathis,It's Not for Me to Say,Johnny's Greatest Hits,Vocal,3:06
Johnny Mathis,Winter Wonderland,Merry Christmas,Holiday,3:20
Johnny Mathis,Sleigh Ride,Merry Christmas,Holiday,3:00
Johnny Mathis,O Holy Night,Merry Christmas,Holiday,4:36
Johnny Mathis,Small World,More: Johnny's Greatest Hits,Vocal,3:21
Johnny Mathis,A Certain Smile,More: Johnny's Greatest Hits,Vocal,2:48
Johnny Mercer & The Pied Pipers,Personality (Remastered),Personality (Remastered) - Single,Vocal,2:47
Johnny Nash,I Can See Clearly Now,The Best of Johnny Nash,Pop,2:47
Johnny O'Toole & His Naughty Band,Daisy Daisy,Gay 90's,Vocal,2:05
Johnny Otis,Harlem Nocturne,Stompin' At the Savoy: Harlem Nocturne (1944-1947),Jazz,3:10
Johnny Otis,Willie and the Hand Jive (Rerecorded),20th Century Rocks: 50's Rock 'n Roll - Whole Lot of Shakin' (Rerecorded Version),Rock,2:37
Johnny Pacheco,Cha Cha Rene,Early Rhythms,Música tropical,2:33
Johnny Pacheco & Celia Cruz,Quimbara,Anthology,Música tropical,4:52
"Johnny Pacheco & Pete ""El Conde"" Rodríguez",La Esencia Del Guaguancó,La Perfecta Combinación,Latin,4:07
"Johnny Pacheco, Celia Cruz & Pete ""El Conde"" Rodríguez",La Madre Rumba,"Celia, Johnny and Pete",Música tropical,4:01
Johnny Rivers,Memphis (Live),Greatest Hits,Rock,2:36
Johnny Rivers,The Poor Side of Town,Greatest Hits,Rock,3:37
Johnny Rivers,"Baby, I Need Your Lovin'",Greatest Hits,Rock,3:09
Johnny Ventura,El Floron (Merengue),Figurando,Latin,3:06
Johnny Ventura,La Parranda (Merengue),Figurando,Latin,2:59
Johnny Ventura,Cabo E' Vela,12 Golden Hits: Remastered (Original Recordings),Música tropical,3:39
Johnny Western,The Ballad of Paladin,Television Themes 16 Most Requested Songs,Soundtrack,2:09
Jon Bon Jovi,Blaze of Glory,Cross Road,Soundtrack,5:40
Joni Mitchell,All I Want,Blue,Pop,3:34
Joni Mitchell,Blue,Blue,Pop,3:05
Joni Mitchell,California,Blue,Pop,3:51
Joni Mitchell,River,Blue,Pop,4:05
Joni Mitchell,Chelsea Morning,Clouds,Rock,2:32
Joni Mitchell,"Both Sides, Now",Clouds,Rock,4:34
Joni Mitchell,Help Me,Court and Spark,Pop,3:22
Joni Mitchell,Big Yellow Taxi,Ladies of the Canyon,Pop,2:15
Joni Mitchell,Woodstock,Ladies of the Canyon,Pop,5:29
Joni Mitchell,The Circle Game,Ladies of the Canyon,Pop,4:51
Jorge Negrete,Peregrina,El Sueño,Música Mexicana,3:28
Jorge Negrete,Flor de Azalea,Fiesta Mexicana: Jorge Negrete,Música Mexicana,3:06
Jorge Negrete,Ella,Jorge Negrete,Música Mexicana,3:25
Jorge Negrete,Cuando Quiere un Mexicano,Jorge Negrete,Música Mexicana,3:20
Jorge Negrete,México Lindo,The Originals: The Emperor Of The Corrido (Remastered),Baladas y Boleros,3:13
José Alfredo Jiménez,Amaneci en Tus Brazos,Cuando Lloran los Hombres Jose Alfredo Jimenez,Música Mexicana,2:17
"José Carreras, James Levine, Orchestre De Paris, Plácido Domingo & Luciano Pavarotti",Sous le ciel de Paris (Live In Paris / 1998),The Three Tenors - The Best of the 3 Tenors (Live),Classical,1:59
"José Carreras, James Levine, Orchestre De Paris, Plácido Domingo & Luciano Pavarotti",El Gato Montes: Si Torero Quiero Se: El Gato Montes: Si Torero Quiero Se (Live In Paris / 1998),The Three Tenors - The Best of the 3 Tenors (Live),Classical,1:09
"José Carreras, James Levine, Orchestre De Paris, Plácido Domingo & Luciano Pavarotti","Parlami d'amore, Mariù (Live In Paris / 1998)",The Three Tenors - The Best of the 3 Tenors (Live),Classical,2:52
"José Carreras, James Levine, Orchestre De Paris, Plácido Domingo & Luciano Pavarotti",Black Orpheus: Manha do Carnaval (Live In Paris / 1998),The Three Tenors - The Best of the 3 Tenors (Live),Classical,2:33
"José Carreras, James Levine, Orchestre De Paris, Plácido Domingo & Luciano Pavarotti",Lolita (Live In Paris / 1998),The Three Tenors - The Best of the 3 Tenors (Live),Classical,2:38
"José Carreras, James Levine, Orchestre De Paris, Plácido Domingo & Luciano Pavarotti",Dicitencello vuie (Live In Paris / 1998),The Three Tenors - The Best of the 3 Tenors (Live),Classical,3:37
"José Carreras, James Levine, Orchestre De Paris, Plácido Domingo & Luciano Pavarotti",Core 'ngrato (Live In Paris / 1998),The Three Tenors - The Best of the 3 Tenors (Live),Classical,3:37
"José Carreras, James Levine, Orchestre De Paris, Plácido Domingo & Luciano Pavarotti",Carousel: You'll never walk alone (Live In Paris / 1998),The Three Tenors - The Best of the 3 Tenors (Live),Classical,3:37
"José Carreras, Zubin Mehta, Los Angeles Philharmonic, Plácido Domingo & Luciano Pavarotti","Funiculì, funiculà (Live In Los Angeles / 1994)",The Three Tenors - The Best of the 3 Tenors (Live),Classical,1:22
"José Carreras, Zubin Mehta, Los Angeles Philharmonic, Plácido Domingo & Luciano Pavarotti",Because (Live In Los Angeles / 1994),The Three Tenors - The Best of the 3 Tenors (Live),Classical,2:21
"José Carreras, Zubin Mehta, Los Angeles Philharmonic, Plácido Domingo & Luciano Pavarotti",Singin' in the Rain: Singin' in the Rain (Live In Los Angeles / 1994),The Three Tenors - The Best of the 3 Tenors (Live),Classical,1:58
"José Carreras, Zubin Mehta, Los Angeles Philharmonic, Plácido Domingo & Luciano Pavarotti",Lippen schweigen (Live In Los Angeles / 1994),The Three Tenors - The Best of the 3 Tenors (Live),Classical,2:37
"José Carreras, Zubin Mehta, Los Angeles Philharmonic, Plácido Domingo & Luciano Pavarotti",Brazil (Live In Los Angeles / 1994),The Three Tenors - The Best of the 3 Tenors (Live),Classical,1:25
"José Carreras, Zubin Mehta, Los Angeles Philharmonic, Plácido Domingo & Luciano Pavarotti",Sous les ponts de Paris (Under The Bridges Of Paris) [Live In Los Angeles / 1994],The Three Tenors - The Best of the 3 Tenors (Live),Classical,2:00
"José Carreras, Zubin Mehta, Los Angeles Philharmonic, Plácido Domingo & Luciano Pavarotti",Torna a Surriento (Live In Los Angeles / 1994),The Three Tenors - The Best of the 3 Tenors (Live),Classical,3:37
"José Carreras, Zubin Mehta, Los Angeles Philharmonic, Plácido Domingo & Luciano Pavarotti",La donna è mobile (Live In Los Angeles / 1994),The Three Tenors - The Best of the 3 Tenors (Live),Classical,2:31
"José Carreras, Zubin Mehta, Los Angeles Philharmonic, Plácido Domingo, Luciano Pavarotti & Los Angeles Music Center Opera Chorus",Libiamo ne'lieti calici  (Brindisi) [Live In Los Angeles / 1994],The Three Tenors - The Best of the 3 Tenors (Live),Classical,3:06
"José Carreras, Zubin Mehta, Orchestra del Maggio Musicale Fiorentino, Plácido Domingo, Orchestra of the Rome Opera House & Luciano Pavarotti",Ochi tchorniye -  Caminito - La vie en rose (Live In Rome / 1990),The Three Tenors - The Best of the 3 Tenors (Live),Classical,4:05
"José Carreras, Zubin Mehta, Orchestra del Maggio Musicale Fiorentino, Plácido Domingo, Orchestra of the Rome Opera House & Luciano Pavarotti","Mattinata. - Wien, Wien, nur du allein -  - Amapola (Live In Rome / 1990)",The Three Tenors - The Best of the 3 Tenors (Live),Classical,5:49
"José Carreras, Zubin Mehta, Orchestra of the Rome Opera House, Plácido Domingo, Orchestra del Maggio Musicale Fiorentino & Luciano Pavarotti",'O sole mio (Live In Rome / 1990),The Three Tenors - The Best of the 3 Tenors (Live),Classical,2:40
"José Carreras, Zubin Mehta, Orchestra of the Rome Opera House, Plácido Domingo, Orchestra del Maggio Musicale Fiorentino & Luciano Pavarotti",West Side Story - 'O paese d'o sole - Cielito lindo (Live In Rome / 1990),The Three Tenors - The Best of the 3 Tenors (Live),Classical,5:34
"José Carreras, Zubin Mehta, Orchestra of the Rome Opera House, Plácido Domingo, Orchestra del Maggio Musicale Fiorentino & Luciano Pavarotti",Nessun dorma (Live In Rome / 1990),The Three Tenors - The Best of the 3 Tenors (Live),Classical,3:15
José Feliciano,Qué Será,Collection,Pop,3:32
José Feliciano,Feliz Navidad,Feliz Navidad,Holiday,3:02
José Feliciano,La Copa Rota,Lo Esencial: José Feliciano,Latin,2:38
José Feliciano,Por Ella,Lo Esencial: José Feliciano,Latin,3:36
José José,Lo Dudo,"El Príncipe Con Trío, Vol. 2",Baladas y Boleros,4:14
José José,¿Y Quién Puede Ser?,El Príncipe de la Canción,Baladas y Boleros,3:42
José José,El Triste,"Serie Platino 20 Exitos: José José, Vol. 2",Pop Latino,4:12
José José,Amar y Querer,20 Triunfadoras de José José,Pop Latino,3:07
José Serebrier & Bournemouth Symphony Orchestra,"Fugue in G Minor, BWV 578 ""Little Fugue"" (Arr. L. Stokowski for Orchestra)",50 of the Best: J.S. Bach,Classical,3:41
Josef Krips & London Symphony Orchestra,"Symphony No. 9 in D Minor, Op. 125 ""Choral"": II. Molto vivace",Beethoven: The Complete Symphony Collection,Classical,9:44
"Joseph Williams, Sally Dworsky, Nathan Lane, Ernie Sabella & Kristle Edwards",Can You Feel the Love Tonight,The Lion King (Original Motion Picture Soundtrack),Musicals,2:58
Josh Groban,You Raise Me Up,Closer,Pop,4:50
Josh Groban,Believe,The Polar Express (Soundtrack from the Motion Picture),Soundtrack,4:18
Josh Turner,Amazing Grace,I Serve a Savior,Country,5:19
Josh Turner,Long Black Train,Long Black Train,Country,4:11
"Joshua Bell, Nigel Hess & Royal Philharmonic Orchestra",Méditation from Thaïs,Ladies in Lavender (Original Motion Picture Soundtrack),Soundtrack,5:00
The Joslin Grove Choral Society,Holy Holy Holy,100 Best Loved Hymns,Christian,2:59
The Joslin Grove Choral Society,The Church's One Foundation,100 Best Loved Hymns,Christian,2:05
The Joslin Grove Choral Society,All Hail Power of Jesus Name,100 Best Loved Hymns,Christian,2:15
The Joslin Grove Choral Society,Onward Christian Soldiers,100 Hits: Hymns & Praise Favorites,Christian,2:39
The Joslin Grove Choral Society,To God Be the Glory,100 Inspirational Hymns,Christian,2:44
Journey,Only the Young (2024 Remaster),Greatest Hits (2024 Remaster),Rock,4:04
Journey,Don't Stop Believin' (2024 Remaster),Greatest Hits (2024 Remaster),Rock,4:11
Journey,Faithfully (2024 Remaster),Greatest Hits (2024 Remaster),Rock,4:27
Journey,Any Way You Want It (2024 Remaster),Greatest Hits (2024 Remaster),Rock,3:24
Journey,Lights (2024 Remaster),Greatest Hits (2024 Remaster),Rock,3:11
Journey,"Lovin', Touchin', Squeezin' (2024 Remaster)",Greatest Hits (2024 Remaster),Rock,3:52
Journey,Open Arms (2024 Remaster),Greatest Hits (2024 Remaster),Rock,3:19
Juan Formell & Los Van Van,Chapeando (Remasterizado),Chapeando (Remasterizado),Música tropical,5:15
Juan Luis Guerra 4.40,Burbujas de Amor,Bachata Rosa,Música tropical,4:10
Juan Luis Guerra 4.40,Bachata Rosa,Bachata Rosa,Música tropical,4:20
Juan Luis Guerra 4.40,Ojalá Que Llueva Cafe,Ojalá Que Llueva Café,Música tropical,4:13
The Judds,Why Not Me,Number One Hits,Country,3:29
The Judds,Grandpa (Tell Me 'Bout the Good Old Days),Number One Hits,Country,4:15
Judy Collins,I Saw Three Ships (Live Version),Christmas At the Biltmore Estate,Pop,2:44
Judy Collins,Both Sides Now,The Very Best of Judy Collins,Singer/Songwriter,3:14
Judy Collins,Someday Soon,The Very Best of Judy Collins,Singer/Songwriter,3:45
Judy Collins,Send In the Clowns,The Very Best of Judy Collins,Singer/Songwriter,4:01
Judy Collins,Amazing Grace,The Very Best of Judy Collins,Singer/Songwriter,4:09
Judy Garland,Zing! Went The Strings Of My Heart (Single Version),The Complete Decca Masters (Plus),Pop,2:56
Judy Garland,Dear Mr. Gable: You Made Me Love You (Single Version),The Definitive Collection,Pop,3:10
Judy Garland,Get Happy (Live),Greatest Hits Live,Vocal,2:57
Judy Garland,The Man That Got Away,A Star Is Born (Original Film Soundtrack) [Digitally Re-Mastered 2009],Soundtrack,3:20
Judy Garland,Over the Rainbow,The Wizard of Oz (Original Motion Picture Soundtrack),Soundtrack,2:46
Judy Garland,Over the Rainbow,The Wizard of Oz (Original Motion Picture Soundtrack),Soundtrack,2:46
Judy Garland,"The Trolley Song (""Meet Me In St. Louis"" Original Cast Recording)",20th Century Masters - The Millennium Collection: The Best of Judy Garland,Pop,2:54
Judy Garland & Gene Kelly,For Me And My Gal (Single Version),The Complete Decca Masters (Plus),Pop,2:30
Judy Garland & The Munchkins,Follow the Yellow Brick Road / You're Off to See the Wizard,The Wizard of Oz (Original Motion Picture Soundtrack),Soundtrack,0:52
Juice Newton,Angel of the Morning,Juice Newton's Greatest Hits (And More),Adult Contemporary,4:14
Juice Newton,The Sweetest Thing (I've Ever Known),Juice Newton's Greatest Hits (And More),Adult Contemporary,4:08
Julia Brown,"Toccata & Fugue in D Minor, BWV 565: Toccata",50 of the Best: J.S. Bach,Classical,3:06
Julia Brown,"6 Chorale Preludes ""Schübler-Chorales"": Wachet auf, ruft uns die Stimme, BWV 645",50 of the Best: J.S. Bach,Classical,4:38
Julia Brown,"Fantasia in G Major, BWV 572: Très vitement - Gravement - Lentement",50 of the Best: J.S. Bach,Classical,10:40
"Julia Migenes, Tanya Everett & Joanna Merlin",Matchmaker,Fiddler on the Roof (Original Broadway Cast Recording) (Deluxe Edition),Soundtrack,3:43
Julie Andrews,Deck The Halls,Greatest Christmas Songs,Christmas: Pop,2:28
Julie Andrews,A Spoonful of Sugar,Mary Poppins (Original Motion Picture Soundtrack),Musicals,4:09
Julie Andrews,Wouldn't It Be Loverly,My Fair Lady (Original 1956 Broadway Cast),Musicals,3:56
Julie Andrews,I Have Confidence,The Sound of Music (Original Motion Picture Soundtrack),Musicals,3:26
Julie Andrews,My Favorite Things,The Sound of Music (Original Motion Picture Soundtrack),Musicals,2:18
Julie Andrews & Bill Lee,Something Good,The Sound of Music (Original Motion Picture Soundtrack),Musicals,3:17
Julie Andrews & Disney Studio Chorus,Feed the Birds (Tuppence a Bag ),Mary Poppins (Original Motion Picture Soundtrack),Musicals,3:51
"Julie Andrews, Bill Lee, Charmian Carr, Heather Menzies, Nicholas Hammond, Duane Chase, Angela Cartwright, Debbie Turner & Kym Karath",Edelweiss (Reprise),The Sound of Music (Original Motion Picture Soundtrack),Musicals,1:50
"Julie Andrews, Charmian Carr, Heather Menzies, Nicholas Hammond, Duane Chase, Angela Cartwright, Debbie Turner & Kym Karath",Do-Re-Mi,The Sound of Music (Original Motion Picture Soundtrack),Musicals,5:33
"Julie Andrews, Charmian Carr, Heather Menzies, Nicholas Hammond, Duane Chase, Angela Cartwright, Debbie Turner & Kym Karath",The Lonely Goatherd,The Sound of Music (Original Motion Picture Soundtrack),Musicals,3:10
"Julie Andrews, Dick Van Dyke & The Pearly Chorus",Supercalifragilisticexpialidocious,Mary Poppins (Original Motion Picture Soundtrack),Musicals,2:03
Julie London,Fly Me to the Moon (In Other Words),The Very Best of Julie London,Easy Listening,2:34
Julie London,Cry Me a River,The Very Best of Julie London,Jazz,2:54
Julio Iglesias,All of You (duet With Diana Ross),My Life: The Greatest Hits,Latin,3:57
Julio Iglesias,Por el Amor de una Mujer,My Life: The Greatest Hits,Latin,3:52
Julio Iglesias,Quiéreme Mucho,Personalidad,Pop Latino,4:04
Julio Iglesias,"Bla, Bla, Bla",Yo Canto,Pop Latino,3:46
Julio Iglesias,Hace Unos Años,Yo Canto,Pop Latino,3:54
Julio Iglesias,Mis Recuerdos,Yo Canto,Pop Latino,2:45
Julio Iglesias & Willie Nelson,To All the Girls I've Loved Before,1100 Bel Air Place,Pop Latino,3:33
Junior Walker,What Does It Take,Shake and Fingerpop,Soul,2:27
Justin Ryan,Blest Be the Tie that Binds,Revive Us Again Timeless Hymns Treasured Friends,Christian,2:33
Kansas,Carry On Wayward Son,The Best of Kansas,Rock,5:21
Kansas,Dust In the Wind,The Best of Kansas,Rock,3:26
"Karl Engel, Leopold Hager & Mozarteum Orchestra Salzburg","Piano Concerto No. 20 in D Minor, K. 466: III. Allegro assai",40 Most Beautiful Piano Classics,Classical,6:55
Kate Smith,God Bless America,The Best Of Kate Smith,Vocal,2:15
Kathryn Grayson & Howard Keel,Make Believe,Show Boat (1951 Original Motion Picture Soundtrack),Soundtrack,4:01
Kathy Mattea,Eighteen Wheels And A Dozen Roses,A Collection Of Hits,Country,3:22
Katrina and the Waves,Walking On Sunshine,Anthology,Pop,4:01
Katy Perry,Last Friday Night (T.G.I.F.),Teenage Dream (Deluxe Edition),Pop,3:51
Kay Kyser,"(I Got Spurs That) Jingle, Jangle, Jingle [Remastered]","(I Got Spurs That) Jingle, Jangle, Jingle [Remastered] - Single",Vocal,3:23
Kay Kyser,Ole Buttermilk Sky (Remastered),Ole Buttermilk Sky (Remastered) - Single,Vocal,3:00
Kay Kyser and His Orchestra,Woody Woodpecker Song,Best of the Big Bands,Jazz,3:03
"Kay Kyser and His Orchestra, Harry Babbitt & Julie Conway",Jingle Jangle Jingle,Jingle Jangle Jingle (Remastered) - Single,Vocal,3:17
KC and the Sunshine Band,Get Down Tonight,The Best of KC and the Sunshine Band,Pop,3:12
KC and the Sunshine Band,That's the Way (I Like It) [Single Version],The Best of KC and the Sunshine Band,Pop,3:05
KC and the Sunshine Band,Keep It Comin' Love (Single Version),The Best of KC and the Sunshine Band,Pop,3:52
KC and the Sunshine Band,Boogie Shoes,The Best of KC and the Sunshine Band,Pop,2:12
KC and the Sunshine Band,Give It Up (Single Version),The Best of KC and the Sunshine Band,Pop,4:06
Keely Smith,All the Way,The Essential Capitol Collection,Vocal Jazz,3:07
"Keith ""Wonderboy"" Johnson & The Spiritual Voices",Hide Behind the Mountain,Quartet Hits '09 (Kerry Douglas Presents),Christian,2:45
Keith Green,How Can They Live Without Jesus,The Ministry Years 1977-1979,Christian,3:10
Keith Lancaster & The Acappella Company,O Worship the King,Holy God: Praise & Harmony (A Cappella Worship),Gospel,1:26
Keith Urban,For You,Act of Valor (The Album) [Music from the Motion Picture],Soundtrack,4:50
Keith Urban,Raise 'Em Up (feat. Eric Church),Fuse (Deluxe Version),Country,3:05
Keith Urban,Where the Blacktop Ends,Greatest Hits,Country,3:06
Keith Urban,Somebody Like You,Greatest Hits,Country,5:23
Keith Urban,MESSED UP AS ME,HIGH,Country,3:16
Keith Urban,Blue Ain't Your Color,Ripcord,Country,3:51
Keith Whitley,When You Say Nothing At All,16 Biggest Hits: Keith Whitley,Country,3:41
Keith Whitley & Ricky Skaggs,Wildwood Flower,Second Generation,Bluegrass,3:04
Kelly Clarkson,Oh Holy Night (Home Holiday Version),Home for the Holidays (Original Soundtrack),Soundtrack,2:16
Ken Boothe,Freedom Street,Freedom Street,Reggae,2:46
Ken Boothe,The Train Is Coming,You're No Good,Reggae,3:38
Kenny Chesney,American Kids,The Big Revival,Country,3:03
Kenny Chesney,You Had Me from Hello,Greatest Hits,Country,3:51
Kenny Chesney,You and Tequila (feat. Grace Potter),Hemingway's Whiskey (Deluxe Edition),Country,4:03
Kenny G,Silent Night,The Classic Christmas Album,Christmas: Jazz,3:45
Kenny G,Silver Bells,The Classic Christmas Album,Christmas: Jazz,3:58
Kenny G,The Moment,The Essential Kenny G,Jazz,6:01
Kenny G,Forever In Love,Kenny G: Greatest Hits,Jazz,4:59
Kenny G,Baby G,Kenny G: Greatest Hits,Jazz,3:36
Kenny G,Always,The Moment,Smooth Jazz,5:34
Kenny G,Going Home,Playlist: The Very Best of Kenny G,Jazz,5:31
Kenny G,Silhouette,Ultimate Kenny G,Jazz,4:27
Kenny G,Songbird,Ultimate Kenny G,Jazz,3:56
Kenny Loggins,This Is It,The Essential Kenny Loggins,Pop,3:56
Kenny Loggins,"Danger Zone (From ""Top Gun"" Original Soundtrack)",The Essential Kenny Loggins,Rock,3:36
Kenny Loggins,Footloose,Footloose (Soundtrack) [15th Anniversary Collectors' Edition],Soundtrack,3:47
Kenny Loggins,"Whenever I Call You ""Friend"" (feat. Stevie Nicks)","Yesterday, Today, Tomorrow - The Greatest Hits Of Kenny Loggins",Rock,4:01
Kenny Loggins,"Meet Me Half Way (From ""Over The Top"" Soundtrack)","Yesterday, Today, Tomorrow - The Greatest Hits Of Kenny Loggins",Rock,3:39
Kenny Rogers,Lucille,The Best of Kenny Rogers: Through the Years,Pop,3:41
Kenny Rogers,Coward of the County,The Best of Kenny Rogers: Through the Years,Country,4:20
Kenny Rogers,You Decorated My Life,The Best of Kenny Rogers: Through the Years,Country,3:37
Kenny Rogers,Ruby Don't Take Your Love to Town,Country Classics: Kenny Rogers,Country,2:52
Kenny Rogers,You And I,Eyes That See In The Dark,Country,4:38
Kenny Rogers,The Gambler,The Gambler,Country,3:31
Kenny Rogers,She Believes in Me,The Gambler,Country,4:12
Kenny Rogers,We've Got Tonight,"Kenny Rogers: Love Songs, Vol. 2",Country,3:50
Kenny Rogers,Endless Love,Love Songs,Country,3:50
Kenny Rogers,Through the Years,Love Songs,Country,4:23
Kenny Rogers,Lady,Love Songs,Country,3:54
Kenny Rogers & Dolly Parton,Christmas Without You,Once Upon a Christmas,Christmas: Country,3:51
Kenny Rogers & Kim Carnes,Don't Fall In Love with a Dreamer,The Best of Kenny Rogers: Through the Years,Country,3:40
Kenny Rogers with Wynonna Judd,"Mary, Did You Know? (Duet With Wynonna Judd)",The Gift,Holiday,3:53
Kenny Wayne Shepherd,Deja Voodoo,Ledbetter Heights,Pop,6:09
Kenny Wayne Shepherd,Blue On Black,Trouble Is...,Rock,5:31
Kent Nagano & Orchestre National de Lyon,"Coppelia, Act 1, No. 2: Waltz",40 Most Beautiful Ballet Classics,Classical,2:23
Kent Nagano & Orchestre National de Lyon,"Coppelia: Act III - No. 26, La Prière",40 Most Beautiful Orchestral Classics,Classical,2:47
Kid Ory & His Creole Jazz Band,"Bill Bailey, Won't You Please Come Home",Mardi Gras in New Orleans with Louis Armstrong and More Dixieland Legends,Jazz,4:45
Kid Ory & His Creole Jazz Band,"Eh, la Bas",Sounds of New Orleans Vol. 9,Jazz,4:49
Kidsongs,Itsy Bitsy Spider,Baby Songs - 75 Nursery Rhymes,Children's Music,1:01
Kidzone,Go to Sleep My Baby,Songs for Having Quiet Time,Children's Music,2:34
Kim Carnes,Bette Davis Eyes,Gypsy Honeymoon - The Best of Kim Carnes,Rock,3:46
King George,Keep On Rollin,Keep On Rollin - Single,Blues,3:55
King Harvest,Dancing In the Moonlight (Original Recording),Dancing In the Moonlight - Single,Rock,2:54
The King's Own Scottish Borderers Military Band,Amazing Grace,The Complete Scottish Bagpipe Collection,Europe,3:26
The Kingsmen,When My Feet Touch The Streets Of Gold,Honoring The Heritage Vol. 3,Christian,1:31
The Kingsmen,What a Happy Time,The Iconic Artists of Southern Gospel Music,Southern Gospel,2:07
The Kingsmen,Glory Road,40th Anniversary Reunion - Perfecting the Crown,Christian,3:46
The Kingston Trio,Tom Dooley,The Capitol Collector's Series: The Kingston Trio,Soft Rock,3:05
The Kingston Trio,The Tijuana Jail,The Capitol Collector's Series: The Kingston Trio,Soft Rock,2:51
The Kingston Trio,M.T.A.,The Capitol Collector's Series: The Kingston Trio,Soft Rock,3:17
The Kingston Trio,A Worried Man,The Capitol Collector's Series: The Kingston Trio,Soft Rock,3:27
The Kingston Trio,Where Have All the Flowers Gone?,The Capitol Collector's Series: The Kingston Trio,Soft Rock,3:04
The Kingston Trio,Greenback Dollar,The Capitol Collector's Series: The Kingston Trio,Soft Rock,2:52
The Kingston Trio,Sloop John B,The Capitol Years,Folk,3:32
The Kingston Trio,Three Jolly Coachmen (Live),"Live At Newport, 1959",Singer/Songwriter,2:25
Kirk Franklin,I Smile,Hello Fear,Christian,5:08
Kirk Franklin,Looking for You,Hero,Christian,4:07
Kirk Franklin & The Family,Now Behold the Lamb,Christmas,Holiday,6:59
Kiss,Rock and Roll All Nite,Greatest Kiss,Hard Rock,2:47
Kitty Wells,It Wasn't God Who Made Honky Tonk Angels,Country Music Hall of Fame Series: Kitty Wells,Country,2:34
Kitty Wells,Making Believe,Country Music Hall of Fame Series: Kitty Wells,Country,2:54
Kitty Wells,Searching (For Someone Like You),20th Century Masters - The Millennium Collection: The Best of Kitty Wells,Country,2:39
Kitty Wells,Heartbreak U.S.A.,20th Century Masters - The Millennium Collection: The Best of Kitty Wells,Country,2:38
Kitty Wells,You Don't Hear,20th Century Masters - The Millennium Collection: The Best of Kitty Wells,Country,2:28
Kodály Quartet,"String Quartet No. 53 in D Major, Op. 64, No. 5, Hob. III:63, ""The Lark"": II. Adagio cantabile",50 of the Best: Haydn,Classical,6:46
Kodály Quartet,"String Quartet No. 59 in G Minor, Op. 74, No. 3, Hob. III:74, ""The Rider"": I. Allegro",50 of the Best: Haydn,Classical,5:17
Kodály Quartet,"String Quartet No. 59 in G Minor, Op. 74, No. 3, Hob. III:74, ""The Rider"": III. Menuetto: (Allegretto)",50 of the Best: Haydn,Classical,3:46
Kodály Quartet,"String Quartet No. 59 in G Minor, Op. 74, No. 3, Hob. III:74, ""The Rider"": IV. Finale: Allegro con brio",50 of the Best: Haydn,Classical,5:38
Kodály Quartet,"String Quartet No. 61 in D Minor, Op. 76, No. 2, Hob. III:76, ""Fifths"": I. Allegro",50 of the Best: Haydn,Classical,6:42
Kodály Quartet,"String Quartet No. 61 in D Minor, Op. 76, No. 2, Hob. III:76, ""Fifths"": II. Andante o piu tosto allegretto",50 of the Best: Haydn,Classical,5:18
Kodály Quartet,"String Quartet No. 61 in D Minor, Op. 76, No. 2, Hob. III:76, ""Fifths"": III. Menuetto",50 of the Best: Haydn,Classical,3:37
Kodály Quartet,"String Quartet No. 61 in D Minor, Op. 76, No. 2, Hob. III:76, ""Fifths"": IV. Finale: Vivace assai",50 of the Best: Haydn,Classical,4:03
Kodály Quartet,"String Quartet No. 62 in C Major, Op. 76, No. 3, Hob. III:77, ""Emperor"": I. Allegro",50 of the Best: Haydn,Classical,6:46
Kodály Quartet,"String Quartet No. 62 in C Major, Op. 76, No. 3, Hob. III:77, ""Emperor"": II. Poco adagio, cantabile",50 of the Best: Haydn,Classical,7:42
Kodály Quartet,"String Quartet No. 62 in C Major, Op. 76, No. 3, Hob. III:77, ""Emperor"": III. Menuetto",50 of the Best: Haydn,Classical,4:44
Kodály Quartet,"String Quartet No. 62 in C Major, Op. 76, No. 3, Hob. III:77, ""Emperor"": IV. Finale: Presto",50 of the Best: Haydn,Classical,5:26
Koko Taylor,I'd Rather Go Blind,Deluxe Edition: Koko Taylor,Blues,4:56
Konrad Ruhland & Choralschola of the Niederaltaicher Scholaren,Magnificat Anima Mea Dominum (Antiphon and Canticle of the Blessed Virgin Mary),Gregorian Chant,Classical,4:27
Konrad Ruhland & Choralschola of the Niederaltaicher Scholaren,Salve Regina Misericordiae (Marian Antiphon and Trope),Gregorian Chant,Classical,6:44
Kool & The Gang,Celebration (Single Version),Celebrate!,R&B/Soul,4:59
Kool & The Gang,Celebration (Single Version),Celebrate!,R&B/Soul,4:59
Kool & The Gang,Get Down On It,The Very Best of Kool & The Gang,R&B/Soul,3:33
Kool & The Gang,Cherish,The Very Best of Kool & The Gang,R&B/Soul,3:59
Kris Kristofferson,Me and Bobby McGee,The Essential Kris Kristofferson,Country,4:20
Kris Kristofferson,Jesus Was a Capricorn (Owed to John Prine),The Essential Kris Kristofferson,Country,2:28
Kris Kristofferson,Help Me Make It Through the Night,16 Biggest Hits: Kris Kristofferson,Country,2:23
Kris Kristofferson,Why Me,16 Biggest Hits: Kris Kristofferson,Country,3:28
Kristin Chenoweth & Idina Menzel,What Is This Feeling?,Wicked (Original Broadway Cast Recording),Musicals,3:32
Kristin Chenoweth & Idina Menzel,Defying Gravity,Wicked (Original Broadway Cast Recording),Musicals,5:54
Kungsbacka Piano Trio,"Keyboard Trio No. 25 in G Major, Hob. XV:25, ""Gypsy Rondo"": I. Andante",50 of the Best: Haydn,Classical,6:02
Kungsbacka Piano Trio,"Keyboard Trio No. 25 in G Major, Hob. XV:25, ""Gypsy Rondo"": II. Poco adagio",50 of the Best: Haydn,Classical,5:19
Kungsbacka Piano Trio,"Keyboard Trio No. 25 in G Major, Hob. XV:25, ""Gypsy Rondo"": III. Rondo all'ongarese: Presto",50 of the Best: Haydn,Classical,3:26
Kurt Carr & The Kurt Carr Singers,In the Sanctuary,Playlist: The Very Best of Kurt Carr,Christian,6:09
Kurt Carr & The Kurt Carr Singers,For Every Mountain,Playlist: The Very Best of Kurt Carr,Christian,7:25
Kurt Masur & New York Philharmonic,"Symphony No. 2 in D Major, Op. 73: II. Adagio non troppo",40 Most Beautiful Orchestral Classics,Classical,10:02
Kurt Masur & New York Philharmonic,"Symphony No. 9 in E Minor Op. 95, ""From the New World"": I. Adagio - Allegro molto",40 Most Beautiful Orchestral Classics,Classical,12:14
Kurt Sanderling & Philharmonia Orchestra,"Symphony No. 2 in E Minor, Op. 27: III. Adagio",40 Most Beautiful Orchestral Classics,Classical,8:04
"l'Orchestra della Scala di Milano, Herbert von Karajan & Maria Callas","Madama Butterfly, Act II: Un bel di vedremo",The Very Best of Maria Callas,Classical,4:43
La Sonora Santanera,Solamente una Vez,20 Éxitos,Música Mexicana,3:23
Lady A,Need You Now,Need You Now,Country,4:38
Lady Gaga,Born This Way,Born This Way (Special Edition),Pop,4:20
Lady Gaga,The Edge of Glory,Born This Way (Special Edition),Pop,5:22
Laila Mourad,Sanatain Wa Ana Ahail Feek,Arabic Golden Oldies: Layla Morad,Worldwide,6:44
Lale Andersen,Lili Marleen,Deutsche Schlager 1954,German Pop,3:33
Lale Anderson,Blaue Nacht am Hafen,Das Goldene Schlagerarchiv 1953,German Pop,3:47
"Lang Lang, Valery Gergiev & The Mariinsky Orchestra","Piano Concerto No. 2 in C Minor, Op. 18: 2. Adagio sostenuto",Rachmaninov: Piano Concerto No. 2; Paganini Rhapsody,Classical,12:27
Larry Gatlin & The Gatlin Brothers,All the Gold In California,Best of Larry Gatlin & the Gatlin Brothers (Re-Recorded in Stereo),Country,2:51
Larry Graham,One In a Million You,One In a Million You,Pop,4:13
Larry Groce & Disneyland Children's Sing-Along Chorus,"Twinkle, Twinkle, Little Star","Children's Favorites, Vol. 1",Pop,1:21
Lauren Daigle,Trust in You,How Can It Be,Christian,3:32
Lauren Daigle,O' Lord (Radio Version),How Can It Be,Christian,3:29
Lauren Daigle,You Say,Look Up Child,Christian,4:35
The Laurie Berkner Band,If You're Happy And You Know It,Laurie Berkner's Favorite Classic Kids' Songs,Children's Music,1:13
Lawrence Foster & Monte Carlo Philharmonic Orchestra,Adagio for Strings Op. 11,40 Most Beautiful Orchestral Classics,Classical,8:26
Lawrence Welk,I Wanna Say Hello,The Essential Lawrence Welk,Jazz,2:16
Lawrence Welk,Bubbles In the Wine,The Essential Lawrence Welk,Jazz,2:55
Lawrence Welk,I'm Happy About the Whole Thing,The Essential Lawrence Welk,Jazz,2:44
Lawrence Welk,Oh Happy Day,The Essential Lawrence Welk,Jazz,2:41
Lawrence Welk,Old Time Religion,Gospel: Southern,Christian,2:43
Lawrence Welk,Ain't She Sweet,Lawrence Welk: 16 Most Requested Songs,Easy Listening,2:26
Lawrence Welk,Beer Barrel Polka,Lawrence Welk: 16 Most Requested Songs,Easy Listening,2:35
Lawrence Welk,"Take the ""a"" Train",Summer Cocktail Party!,Alternative,3:15
Lawrence Welk and His Orchestra,Calcutta,The Lawrence Welk Collection: Lawrence Welk & His Champagne Music (1938-1962),Pop,2:16
LeAnn Rimes,I Need You,Greatest Hits,Country,3:50
LeAnn Rimes,Unchained Melody,Greatest Hits,Country,3:53
Led Zeppelin,The Lemon Song,Led Zeppelin II (Remastered),Hard Rock,6:19
Led Zeppelin,Ramble On,Led Zeppelin II (Remastered),Hard Rock,4:34
Led Zeppelin,Moby Dick,Led Zeppelin II (Remastered),Hard Rock,4:21
Led Zeppelin,Stairway to Heaven,Led Zeppelin IV (Remastered),Rock,8:03
Led Zeppelin,Whole Lotta Love,Mothership (Remastered),Rock,5:30
Led Zeppelin,Heartbreaker,Mothership (Remastered),Rock,4:16
Led Zeppelin,Black Dog,Mothership (Remastered),Rock,4:56
Led Zeppelin,Kashmir,Physical Graffiti (Remastered),Rock,8:37
Lee Greenwood,God Bless America,American Patriot,Country,2:19
Lee Greenwood,God Bless The U.S.A.,20th Century Masters - The Millennium Collection: Best of Lee Greenwood,Honky Tonk,3:12
Lee Williams,Another Blessing,Crazy Like Love,Christian,4:59
Lee Williams & The Spiritual QC's,I've Learned to Lean,Love Will Go All the Way,Christian,7:20
Lee Williams & The Spiritual QC's,Running for My Life,Love Will Go All the Way,Christian,5:17
Lee Williams & The Spiritual QC's,I Can't Give Up,Love Will Go All the Way,Christian,5:50
Lee Williams & The Spiritual QC's,Welcome Home,My Brother's Keeper II,Christian,4:58
Lee Williams & The Spiritual QC's,Cooling Water,My Brother's Keeper III,Christian,5:09
Lee Williams & The Spiritual QC's,Come See About Me,So Much to Be Thankful For,Christian,4:59
Lee Williams & The Spiritual QC's & The Williams Brothers,Good Time,Good Time Gospel,Christian,4:49
Lefty Frizzell,"She's Gone, Gone, Gone",The Essential Lefty Frizzell,Country,2:21
Leo Dan,Toquen Mariachis Canten,Las 20 principales,Pop Latino,3:30
Leo Dan,Ojos Azules Como el Cielo,Los Esenciales: Leo Dan,Pop Latino,3:21
Leo Dan,Pídeme la Luna,Mis Favoritas,Pop Latino,3:42
Leo Dan,Como Te Extraño Mi Amor,Personalidad,Latin,2:56
Leo Dan,Te He Prometido,Personalidad,Latin,3:06
Leo Sayer,You Make Me Feel Like Dancing,The Very Best of Leo Sayer,Rock,2:53
Leonard Bernstein & New York Philharmonic,Appalachian Spring: I. Very Slowly,"Bernstein Century - Copland: Appalachian Spring, Rodeo, Billy the Kid, Fanfare for the Common Man (Billy The Kid)",Classical,2:42
Leonard Bernstein & New York Philharmonic,Appalachian Spring: II. Allegro,"Bernstein Century - Copland: Appalachian Spring, Rodeo, Billy the Kid, Fanfare for the Common Man (Billy The Kid)",Classical,2:43
Leonard Bernstein & New York Philharmonic,Appalachian Spring: III. Moderato,"Bernstein Century - Copland: Appalachian Spring, Rodeo, Billy the Kid, Fanfare for the Common Man (Billy The Kid)",Classical,3:52
Leonard Bernstein & New York Philharmonic,Appalachian Spring: IV. Fast,"Bernstein Century - Copland: Appalachian Spring, Rodeo, Billy the Kid, Fanfare for the Common Man (Billy The Kid)",Classical,3:34
Leonard Bernstein & New York Philharmonic,Appalachian Spring: V. Subito Allegro,"Bernstein Century - Copland: Appalachian Spring, Rodeo, Billy the Kid, Fanfare for the Common Man (Billy The Kid)",Classical,3:44
Leonard Bernstein & New York Philharmonic,Appalachian Spring: VI. As At First (slowly),"Bernstein Century - Copland: Appalachian Spring, Rodeo, Billy the Kid, Fanfare for the Common Man (Billy The Kid)",Classical,1:14
Leonard Bernstein & New York Philharmonic,Appalachian Spring: VII. Doppio movimento,"Bernstein Century - Copland: Appalachian Spring, Rodeo, Billy the Kid, Fanfare for the Common Man (Billy The Kid)",Classical,3:03
Leonard Bernstein & New York Philharmonic,Appalachian Spring: VIII. Moderato  Coda,"Bernstein Century - Copland: Appalachian Spring, Rodeo, Billy the Kid, Fanfare for the Common Man (Billy The Kid)",Classical,3:40
Leonard Bernstein & New York Philharmonic,Rodeo: I. Buckaroo Holiday. Allegro Con Spirito,"Bernstein Century - Copland: Appalachian Spring, Rodeo, Billy the Kid, Fanfare for the Common Man (Billy The Kid)",Classical,6:58
Leonard Bernstein & New York Philharmonic,Rodeo: II. Corral Nocturne. Moderato,"Bernstein Century - Copland: Appalachian Spring, Rodeo, Billy the Kid, Fanfare for the Common Man (Billy The Kid)",Classical,3:59
Leonard Bernstein & New York Philharmonic,Rodeo: III. Saturday Night Waltz. Introduction - Slow Waltz,"Bernstein Century - Copland: Appalachian Spring, Rodeo, Billy the Kid, Fanfare for the Common Man (Billy The Kid)",Classical,4:09
Leonard Bernstein & New York Philharmonic,Rodeo: IV. Hoe-Down.  Allegro,"Bernstein Century - Copland: Appalachian Spring, Rodeo, Billy the Kid, Fanfare for the Common Man (Billy The Kid)",Classical,3:06
Leonard Bernstein & New York Philharmonic,Billy the Kid: I. Introduction. The Open Prairie,"Bernstein Century - Copland: Appalachian Spring, Rodeo, Billy the Kid, Fanfare for the Common Man (Billy The Kid)",Classical,3:14
Leonard Bernstein & New York Philharmonic,Billy the Kid: II. Street In a Frontier Town,"Bernstein Century - Copland: Appalachian Spring, Rodeo, Billy the Kid, Fanfare for the Common Man (Billy The Kid)",Classical,3:23
Leonard Bernstein & New York Philharmonic,Billy the Kid: III. Mexican Dance and Finale,"Bernstein Century - Copland: Appalachian Spring, Rodeo, Billy the Kid, Fanfare for the Common Man (Billy The Kid)",Classical,3:10
Leonard Bernstein & New York Philharmonic,Billy the Kid: IV. Prairie Night (Card Game At Night),"Bernstein Century - Copland: Appalachian Spring, Rodeo, Billy the Kid, Fanfare for the Common Man (Billy The Kid)",Classical,3:13
Leonard Bernstein & New York Philharmonic,Billy the Kid: V. Gun Battle,"Bernstein Century - Copland: Appalachian Spring, Rodeo, Billy the Kid, Fanfare for the Common Man (Billy The Kid)",Classical,1:49
Leonard Bernstein & New York Philharmonic,Billy the Kid: VI. Celebration (after Billy's Capture),"Bernstein Century - Copland: Appalachian Spring, Rodeo, Billy the Kid, Fanfare for the Common Man (Billy The Kid)",Classical,2:21
Leonard Bernstein & New York Philharmonic,Billy the Kid: VII. Billy's Death,"Bernstein Century - Copland: Appalachian Spring, Rodeo, Billy the Kid, Fanfare for the Common Man (Billy The Kid)",Classical,1:19
Leonard Bernstein & New York Philharmonic,Billy the Kid: VIII. The Open Prairie Again,"Bernstein Century - Copland: Appalachian Spring, Rodeo, Billy the Kid, Fanfare for the Common Man (Billy The Kid)",Classical,1:47
Leonard Bernstein & New York Philharmonic,"Fanfare for the Common Man (Version of Symphony No. 3, Fourth Movement)","Bernstein Century - Copland: Appalachian Spring, Rodeo, Billy the Kid, Fanfare for the Common Man (Billy The Kid)",Classical,2:03
"Leonard Bernstein, New York Philharmonic & John Corigliano, Sr",Grand Canyon Suite: I. Sunrise,Grofé: Grand Canyon Suite & Mississippi Suite,Classical,5:10
Leonard Cohen,Suzanne,The Essential Leonard Cohen,Singer/Songwriter,3:47
Leonard Cohen,"So Long, Marianne",The Essential Leonard Cohen,Singer/Songwriter,5:37
Leonard Cohen,Bird on the Wire,The Essential Leonard Cohen,Singer/Songwriter,3:25
Leonard Cohen,Chelsea Hotel #2,The Essential Leonard Cohen,Singer/Songwriter,3:05
Leonard Cohen,Hallelujah,The Essential Leonard Cohen,Singer/Songwriter,4:39
"Leontyne Price, William Warfield, The RCA Victor Orchestra, Skitch Henderson, Leonard de Paur & RCA Victor Chorus","Porgy & Bess: Bess, You Is My Woman",Leontyne Price - Great Scenes from Gershwin's Porgy and Bess,Classical,5:04
Leroy Van Dyke,The Auctioneer,Leroy Van Dyke's Precious Memories,Country,2:46
Leroy Van Dyke & Leroy Dyke,Walk on By,Walk On By,Country,2:24
"Les Arts Florissants, Véronique Gens & William Christie","King Arthur: Act V - ""Fairest Isle""",40 Most Beautiful Orchestral Classics,Classical,4:46
Les Compagnons de la Chanson & Édith Piaf,Les trois cloches,The Best of Édith Piaf,French Pop,4:10
Les Misérables Cast,One Day More,Les Misérables (Highlights from the Motion Picture Soundtrack),Soundtrack,3:40
Les Misérables Original London Cast,I Dreamed a Dream,Les Miserables (The Original London Cast Recording),Soundtrack,4:28
Les Misérables Original London Cast,Do You Hear the People Sing?,Les Miserables (The Original London Cast Recording),Soundtrack,2:16
Les Misérables Original London Cast,Bring Him Home,Les Miserables (The Original London Cast Recording),Soundtrack,2:54
Les Paul & Mary Ford,Vaya Con Dios (May God Be With You),The Best of the Capitol Masters: 90th Birthday Edition,Pop,2:53
Lesley Garrett,O Mio Babbino Caro,A Soprano At the Movies,Vocal,2:28
Lesley Garrett,Barcarolle,A Soprano At the Movies,Vocal,3:13
Lesley Gore,"Sunshine, Lollipops and Rainbows (Rerecorded)",The Sunshine Collection - 18 Songs for a Sunny Day (Rerecorded Version),Rock,1:36
Lesley Gore,It's My Party,20th Century Masters - The Millennium Collection: The Best of Lesley Gore,Pop,2:22
Leslie West,Dreams of Milk & Honey,The Best Of Mountain,Rock,3:35
Leslie West,Blood of the Sun,Mountain,Rock,2:35
"Lester Flatt, Earl Scruggs & The Foggy Mountain Boys",Foggy Mountain Breakdown,20th Century Masters: The Millennium Collection: Best Of Flatt & Scruggs,Country,2:43
The Lettermen,Goin' Out of My Head / Can't Take My Eyes Off You,All-Time Greatest Hits,Pop,3:12
The Lettermen,When I Fall In Love,All-Time Greatest Hits,Pop,2:29
The Lettermen,Put Your Head On My Shoulder,All-Time Greatest Hits,Pop,2:38
The Lettermen,The Way You Look Tonight,All-Time Greatest Hits,Pop,2:22
The Lettermen,"Maria (From ""West Side Story"")",Best of Broadway,Pop,3:56
Lil Nas X,Old Town Road (feat. Billy Ray Cyrus) [Remix],Old Town Road (feat. Billy Ray Cyrus) [Remix] - Single,Country,2:37
Lila Downs,La Llorona,La Sandunga,Música Mexicana,4:36
The Limeliters,The Folk Medley: Hard Travelin' Mount Zion/Wayfarin' Stranger/Lonesome Traveler (Live),"Alive! In Concert, Vol. 1",Singer/Songwriter,7:25
The Limeliters,America the Beautiful/This Land Is Your Land (Live),"Alive! In Concert, Vol. 1",Singer/Songwriter,3:49
The Limeliters,Take My True Love By the Hand,The Limeliters,Singer/Songwriter,3:01
Linda Ronstadt,Long Long Time (Remastered),The Best of Linda Ronstadt: The Capitol Years,Pop,4:22
Linda Ronstadt,You're No Good (Remastered),The Best of Linda Ronstadt: The Capitol Years,Pop,3:42
Linda Ronstadt,When Will I Be Loved (Remastered),The Best of Linda Ronstadt: The Capitol Years,Pop,2:04
Linda Ronstadt,Desperado,Don't Cry Now,Pop,3:32
Linda Ronstadt,Don't Know Much (with Aaron Neville),Duets,Pop,3:32
Linda Ronstadt,Perfidia,Jardín Azul - Las Canciones Favoritas,Música Mexicana,3:48
Linda Ronstadt,I've Got a Crush On You,'Round Midnight with Nelson Riddle and His Orchestra,Pop,3:30
Linda Ronstadt,Someone to Watch Over Me,'Round Midnight with Nelson Riddle and His Orchestra,Pop,4:13
Linda Ronstadt,What'll I Do,'Round Midnight with Nelson Riddle and His Orchestra,Pop,4:09
Linda Ronstadt,I Love You for Sentimental Reasons,'Round Midnight with Nelson Riddle and His Orchestra,Pop,3:44
Linda Ronstadt,Blue Bayou,Simple Dreams,Pop,3:59
Lionel Hampton & His Just Jazz All Stars,Flying Home,The Complete Lionel Hampton Quartets and Quintets with Oscar Peterson on Verve,Jazz,3:15
Lionel Hampton & His Just Jazz All Stars & Quincy Jones and His Orchestra,Hey! Ba-Ba-Re-Bop,Priceless Jazz Collection: Lionel Hampton,Jazz,3:19
Lionel Hampton & His Just Jazz All Stars & Quincy Jones and His Orchestra,Rag Mop,Priceless Jazz Collection: Lionel Hampton,Jazz,2:50
Lionel Hampton and His Orchestra,Jivin' the Vibes,100 Years Celebration,Jazz,2:21
Lionel Richie,Lady,Time,R&B/Soul,4:27
Lionel Richie,You Are (feat. Blake Shelton),Tuskegee,Pop/Rock,5:00
Lionel Richie,"Say You, Say Me (feat. Jason Aldean)",Tuskegee,Pop/Rock,5:09
Lionel Richie,Stuck On You (feat. Darius Rucker),Tuskegee,Pop/Rock,3:22
Lionel Richie,Deep River Woman (feat. Little Big Town),Tuskegee,Pop/Rock,4:10
Lionel Richie,My Love (feat. Kenny Chesney),Tuskegee,Pop/Rock,5:33
Lionel Richie,Dancing On the Ceiling (feat. Rascal Flatts),Tuskegee,Pop/Rock,4:20
Lionel Richie,Hello (feat. Jennifer Nettles),Tuskegee,Pop/Rock,4:30
Lionel Richie,Sail On (feat. Tim McGraw),Tuskegee,Pop/Rock,5:06
Lionel Richie,Endless Love (feat. Shania Twain),Tuskegee,Pop/Rock,4:20
Lionel Richie,Just for You (feat. Billy Currington),Tuskegee,Pop/Rock,4:12
Lionel Richie,Lady (feat. Kenny Rogers),Tuskegee,Pop/Rock,4:10
Lionel Richie,Easy (feat. Willie Nelson),Tuskegee,Pop/Rock,4:31
Lionel Richie,All Night Long (feat. Jimmy Buffett),Tuskegee,Pop/Rock,4:55
Lionel Richie,You Are,20th Century Masters - The Millennium Collection: The Best of Lionel Richie,R&B/Soul,5:01
Lionel Richie,All Night Long (All Night),20th Century Masters - The Millennium Collection: The Best of Lionel Richie,R&B/Soul,6:23
Lionel Richie,Hello,20th Century Masters - The Millennium Collection: The Best of Lionel Richie,R&B/Soul,4:09
Lionel Richie,Dancing On the Ceiling,20th Century Masters - The Millennium Collection: The Best of Lionel Richie,R&B/Soul,4:32
Lionel Richie & Diana Ross,Endless Love (Endless Love Soundtrack Version),The Definitive Collection,R&B/Soul,4:26
"Lipps, Inc.",Funkytown,Shrek 2 (Original Motion Picture Soundtrack),Disco,4:00
Lisa Goode Crawford,"Partita Partita No. 4 in D Major, BWV 828: I. Ouverture. 4 in D Major, BWV 828: I. Overture",50 of the Best: J.S. Bach,Classical,6:31
Little Anthony & The Imperials,Tears On My Pillow,"Doo Wop Classics, Vol. 6",Pop,2:19
Little Big Town,Boondocks,The Road to Here,Country,4:32
Little Big Town,Pontoon,Tornado,Country,3:32
Little Eva,The Locomotion,The Locomotion,R&B/Soul,2:19
Little Feat,Willin',The Best of Little Feat (Remastered),Rock,2:54
Little Feat,Dixie Chicken,The Best of Little Feat (Remastered),Rock,3:56
Little Richard,Tutti-Frutti (Re-Recorded),20 Greatest Hits (Re-Recorded Versions),Rock,2:21
Little Richard,Good Golly Miss Molly (Re-Recorded),20 Greatest Hits (Re-Recorded Versions),Rock,2:05
Little Richard,Lucille (Re-Recorded),20 Greatest Hits (Re-Recorded Versions),Rock,2:26
Little River Band,Lonesome Loser,Greatest Hits (Expanded Edition),Rock,3:54
Liz Story,Reconciliation,Welcome Home: The Best of Liz Story,New Age,4:22
Liz Story,Hymn,Welcome Home: The Best of Liz Story,New Age,4:18
Liza Minnelli,All That Jazz,The Best of Liza Minnelli,Pop,3:05
Liza Minnelli,Cabaret,Cabaret (Original 1972 Movie Soundtrack),Pop,3:31
Lloyd Price,Stagger Lee,Greatest Hits: The Original ABC-Paramount Recordings,R&B/Soul,2:25
Loggins & Messina,Watching the River Run,The Best: Sittin' In Again,Soft Rock,3:26
Loggins & Messina,Your Mama Don't Dance,The Best: Sittin' In Again,Soft Rock,2:48
Loggins & Messina,Angry Eyes,The Best: Sittin' In Again,Soft Rock,7:41
Loggins & Messina,Danny's Song,Sittin' In,Pop,4:16
Loggins & Messina,House at Pooh Corner,Sittin' In,Pop,4:24
Lola Beltrán,Tres Días,Historia Musical de Tomás Mendez,Latin,1:50
Lola Beltrán,Cucurrucucú Paloma,A 10 Años....un Recuerdo Permanente,Música Mexicana,3:28
Lola Beltrán,La feria de las flores,"30 grandes corridos, rancheras y huapangos",Contemporary Latin,2:57
London Philharmonic Choir & National Philharmonic Orchestra,"Eternal Father, Strong To Save",Hymns Triumphant: The Complete Collection,Christian,2:03
London Philharmonic Choir & National Philharmonic Orchestra,Praise To the Lord the Almighty,Hymns Triumphant: The Complete Collection,Christian,3:13
London Philharmonic Choir & National Philharmonic Orchestra,God of Our Fathers,Hymns Triumphant: The Complete Collection,Christian,1:40
London Philharmonic Choir & National Philharmonic Orchestra,Now Thank We All Our God,Hymns Triumphant: The Complete Collection,Christian,2:40
London Philharmonic Choir & National Philharmonic Orchestra,O God Our Help In Ages Past,Hymns Triumphant: The Complete Collection,Christian,2:05
London Philharmonic Orchestra & David Parry,Adagio for Strings,The 50 Greatest Pieces of Classical Music,Classical,8:23
London Philharmonic Orchestra & David Parry,"The Planets, Op. 32: IV. Jupiter, the Bringer of Jollity",The 50 Greatest Pieces of Classical Music,Classical,7:46
London Philharmonic Orchestra & David Parry,"On the Beautiful Blue Danube, Op. 314",The 50 Greatest Pieces of Classical Music,Classical,5:51
London Philharmonic Orchestra & David Parry,Hungarian Dance No. 5 in G Minor,The 50 Greatest Pieces of Classical Music,Classical,2:39
London Philharmonic Orchestra & David Parry,The Barber of Seville: Overture,The 50 Greatest Pieces of Classical Music,Classical,6:58
London Philharmonic Orchestra & Itzhak Perlman,"The Four Seasons, Concerto No. 1 in E Major, RV 269 ""Spring"": I. Allegro",Vivaldi: The Four Seasons,Classical,3:23
London Philharmonic Orchestra & Itzhak Perlman,"The Four Seasons, Concerto No. 1 in E Major, RV 269 ""Spring"": II. Largo",Vivaldi: The Four Seasons,Classical,2:43
London Philharmonic Orchestra & Itzhak Perlman,"The Four Seasons, Concerto No. 1 in E Major, RV 269 ""Spring"": III. Allegro pastorale",Vivaldi: The Four Seasons,Classical,4:49
London Philharmonic Orchestra & Itzhak Perlman,"The Four Seasons, Concerto No. 2 in G Minor, RV 315 ""Summer"": I. Allegro non molto",Vivaldi: The Four Seasons,Classical,6:15
London Philharmonic Orchestra & Itzhak Perlman,"The Four Seasons, Concerto No. 2 in G Minor, RV 315 ""Summer"": II. Adagio - Presto",Vivaldi: The Four Seasons,Classical,2:45
London Philharmonic Orchestra & Itzhak Perlman,"The Four Seasons, Concerto No. 2 in G Minor, RV 315 ""Summer"": III. Presto",Vivaldi: The Four Seasons,Classical,3:06
London Philharmonic Orchestra & Itzhak Perlman,"The Four Seasons, Concerto No. 3 in F Major, RV 293 ""Autumn"": I. Allegro",Vivaldi: The Four Seasons,Classical,5:22
London Philharmonic Orchestra & Itzhak Perlman,"The Four Seasons, Concerto No. 3 in F Major, RV 293 ""Autumn"": II. Adagio molto",Vivaldi: The Four Seasons,Classical,3:07
London Philharmonic Orchestra & Itzhak Perlman,"The Four Seasons, Concerto No. 3 in F Major, RV 293 ""Autumn"": III. Allegro",Vivaldi: The Four Seasons,Classical,3:21
London Philharmonic Orchestra & Itzhak Perlman,"The Four Seasons, Concerto No. 4 in F Minor, RV 297 ""Winter"": I. Allegro non molto",Vivaldi: The Four Seasons,Classical,3:36
London Philharmonic Orchestra & Itzhak Perlman,"The Four Seasons, Concerto No. 4 in F Minor, RV 297 ""Winter"": II. Largo",Vivaldi: The Four Seasons,Classical,2:32
London Philharmonic Orchestra & Itzhak Perlman,"The Four Seasons, Concerto No. 4 in F Minor, RV 297 ""Winter"": III. Allegro",Vivaldi: The Four Seasons,Classical,3:29
"London Philharmonic Orchestra, David Parry & London Philharmonic Choir",Ave Maria (After J.S. Bach),The 99 Most Essential Choral Masterpieces,Classical,2:34
"London Philharmonic Orchestra, David Parry, London Philharmonic Choir & The London Chorus",Carmina Burana: O Fortuna,The 50 Greatest Pieces of Classical Music,Classical,2:43
"London Philharmonic Orchestra, Walter Susskind & London Philharmonic Choir","Messiah, HWV 56: No. 21, His Yoke Is Easy, His Burdon Is Light","Handel: Messiah, HWV 56",Classical,2:41
London Symphony Orchestra & Antal Doráti,"The Nutcracker, Op. 71, Act II: Dance of the Toy Flutes",50 Classical Masterpieces,Classical,2:56
London Symphony Orchestra & Claudio Abbado,"Symphony No. 2 in B flat, Op.52 - ""Hymn of Praise"": 1. Sinfonia: Maestoso con moto",Mendelssohn: 5 Symphonies; 7 Overtures,Classical,13:48
London Symphony Orchestra & Josef Krips,"Symphony No. 5 in C Minor, Op. 67: I. Allegro con brio",Beethoven: The Complete Symphony Collection,Classical,8:19
London Symphony Orchestra & Josef Krips,"Symphony No.9 In D Minor, Op. 125 ""Choral"": Ode to Joy",111 Classical Masterpieces,Classical,5:01
London Symphony Orchestra & Leopold Ludwig,"Symphony No. 40 In G Minor, K. 550: I. Molto Allegro",111 Classical Masterpieces,Classical,5:54
London Symphony Orchestra & Sir Colin Davis,"Symphony No. 8 in G Minor, Op. 88, B. 163: III. Allegretto grazioso - Molto vivace",Dvořák: Symphony No. 8,Classical,7:00
London Symphony Orchestra & Sir Colin Davis,"The Planets, Op. 32: I. Mars, the Bringer of War","Holst: The Planets, Op. 32",Classical,7:08
London Symphony Orchestra & Valery Gergiev,"Symphony No. 5 in B-Flat, Op. 100: IV. Allegro giocoso",Prokofiev: The Symphonies,Classical,9:08
London Symphony Orchestra & Vienna Boys' Choir,Good King Wenceslas,The Millennia Collection: Best-Loved Christmas Carols,Holiday,2:34
The London Trombone Sound & Geoffrey Simon,Someone to Watch Over Me,The London Trombone Sound,Easy Listening,5:50
The London Trombone Sound & Geoffrey Simon,Layla,The London Trombone Sound,Easy Listening,4:41
Lonestar,Mountains,Playlist: The Very Best of Lonestar,Country,3:55
Looking Glass,Brandy (You're A Fine Girl),Looking Glass,Pop,3:09
Lord Kitchener,Bee's Melody,"Soca 101, Vol. 2",Reggae,5:24
Loretta Lynn,You Ain't Woman Enough (To Take My Man),All Time Greatest Hits,Country,2:12
Loretta Lynn,Don't Come Home a Drinkin' (With Lovin' On Your Mind),All Time Greatest Hits,Country,2:08
Loretta Lynn,Coal Miner's Daughter,All Time Greatest Hits,Country,2:58
Loretta Lynn,Blue Kentucky Girl (Single Version),The Definitive Collection: Loretta Lynn,Country,2:41
Loretta Lynn,Fist City (Single Version),The Definitive Collection: Loretta Lynn,Country,2:13
Loretta Lynn,You're Lookin' At Country (Single Version),The Definitive Collection: Loretta Lynn,Country,2:18
Loretta Lynn,I'm a Honky Tonk Girl,Honky Tonk Girl: The Loretta Lynn Collection,Country,2:18
Loretta Lynn,Success,Honky Tonk Girl: The Loretta Lynn Collection,Country,2:42
Loretta Lynn,Before I'm Over You,Honky Tonk Girl: The Loretta Lynn Collection,Pop,2:34
Loretta Lynn & Conway Twitty,Easy Loving,The Definitive Collection: Conway Twitty & Loretta Lynn (Remastered),Country,2:40
Loretta Lynn & Conway Twitty,"Louisiana Woman, Mississippi Man",20th Century Masters - The Millennium Collection: The Best of Conway Twitty & Loretta Lynn,Country,2:32
Los Copacabana,Quiereme Mucho (Yours),Mexico's Greatest Hits,Latin,3:52
Los del Río,Macarena (Bayside Boys Remix),Fiesta Macarena,Pop Latino,4:12
Los Lobos,Don't Worry Baby,How Will the Wolf Survive?,Rock,2:50
Los Lonely Boys,Heaven,Los Lonely Boys (Bonus Version),Rock,3:47
Los Panchos,"No, No y No",Eternamente...La Historia,Baladas y Boleros,2:52
Los Panchos,El Reloj,"Grandes Éxitos del Trio, Los Panchos Vol.1",Baladas y Boleros,2:45
Los Panchos,Sabor a Mí,"Grandes Éxitos del Trio, Los Panchos Vol.3",Baladas y Boleros,2:48
Los Panchos,Perdón (Bolero),Los Panchos vs. Trío Calaveras,Música Mexicana,2:33
Los Panchos,Bésame mucho,The Music of Mexico / Trio los Panchos / Boleros Románticos (1954),Latin,3:05
Los Panchos,Solamente una Vez,The Music of Mexico / Trio los Panchos / Boleros Románticos (1954),Latin,2:52
Los Panchos,Aquellos Ojos Verdes,The Music of Mexico / Trio los Panchos / Boleros Románticos (1954),Latin,2:26
Los Panchos,Sin Ti,Serie Inmortales - Grandes Éxitos (Remastered),Baladas y Boleros,2:46
Los Panchos,Espérame en el Cielo,Trio Los Panchos - Sus Mejores 40 Éxitos,Baladas y Boleros,2:35
Los Panchos,Mi Último Fracaso,Tríos de México,Baladas y Boleros,3:05
Los Panchos,Sin un Amor (Remastered 2021),23 Éxitos Remasterizados,Baladas y Boleros,2:59
Los Silvertones,Mi Soledad,Combos Nacionales Panama Fresh,Funk,3:34
Los Superiores,Mi Triste Confesión,Clásicas de Los Combos Nacionales de Panama,Latin,2:48
Los Tres Diamantes,Amor Que Malo Eres,The Originals: Boleros In Trío (Remastered),Baladas y Boleros,2:37
Los Tres Diamantes,Usted,The Originals: Boleros In Trío (Remastered),Baladas y Boleros,3:16
Los Tres Diamantes,Condición,The Originals: Boleros In Trío (Remastered),Baladas y Boleros,2:52
The Lost Generation,"The Sly, Slick & the Wicked",Brunswick Top 40 R&B Singles 1966-1975,R&B/Soul,2:57
Lou Christie,Lightnin' Strikes,Lightnin’ Strikes: The Very Best Of The MGM Recordings,Pop,3:01
Lou Rawls,Nobody But Me,The Best of Lou Rawls: The Capitol Jazz & Blues Sessions,Vocal Jazz,2:49
Lou Rawls,You'll Never Find Another Love Like Mine,The Essential Lou Rawls,R&B/Soul,4:26
Lou Rawls,Lady Love,The Essential Lou Rawls,R&B/Soul,4:03
Lou Rawls,Nobody But Me,Great Gentlemen of Song: Spotlight On Lou Rawls,R&B/Soul,2:48
Lou Rawls,Amazing Grace,I'm Blessed,Soul,2:47
Lou Rawls,A Natural Man,Natural Man/Classic Lou,R&B/Soul,3:42
Louis Armstrong,La Vie En Rose (Single),"The Best of the Decca Years, Vol. 1 - The Singer",Jazz,3:24
Louis Armstrong,Blueberry Hill,The Essence of Louis Armstrong,Jazz,4:08
Louis Armstrong,When You're Smiling (The Whole World Smiles With You) [Without Intro],Louis Armstrong: Highlights from His Decca Years (The Original Decca Recordings),Jazz,4:04
Louis Armstrong,Cool Yule,Number 1's: Christmas,Holiday,2:55
Louis Armstrong,What a Wonderful World,What a Wonderful World,Jazz,2:19
Louis Armstrong,"Hello, Dolly!",20th Century Masters: The Best of Louis Armstrong - The Millennium Collection,Jazz,2:27
Louis Armstrong,A Kiss To Build a Dream On (Single Version),20th Century Masters: The Best of Louis Armstrong - The Millennium Collection,Jazz,3:04
Louis Armstrong & Ella Fitzgerald,Summertime,Porgy and Bess,Jazz,4:58
Louis Armstrong & The Mills Brothers,Flat Foot Floogie,Great Gatsby Party,Children's Music,2:59
Louis Armstrong and His All Stars,Dream a Little Dream of Me,What a Wonderful World,Jazz,3:17
Louis Armstrong and His Orchestra,Ain't Misbehavin',Ken Burns Jazz - The Story of America's Music,Jazz,3:12
Louis Armstrong and His Orchestra,When the Saints Go Marching In (Single Version),The Ultimate Collection: Louis Armstrong,Jazz,2:43
Louis Jordan,I Like Em Fat Like That,Five Guys Named Moe,Jazz,2:37
Louis Prima,Just a Gigolo / I Ain't Got Nobody,Capitol Collectors Series: Louis Prima,Jazz,4:43
Louis Prima,Buona Sera,Capitol Collectors Series: Louis Prima,Jazz,3:07
Louis Prima,Angelina / Zooma Zooma,Capitol Collectors Series: Louis Prima,Jazz,4:17
The Love Unlimited Orchestra,Love's Theme,The Best of Barry White's Love Unlimited Orchestra,R&B/Soul,4:08
The Lovin' Spoonful,Do You Believe In Magic?,Do You Believe In Magic,Rock,2:06
The Lovin' Spoonful,Summer In the City,Hums of the Lovin' Spoonful (Remastered),Pop,2:40
LSU Tiger Marching Band,Drumline Cadences,Gameday Faves: LSU Tigers Classics,Pop,2:56
Lucho Bermúdez,Tolu,El Maestro,Latin,2:46
Lucho Bermúdez,Salsipuedes,El Maestro,Latin,2:44
Lucho Bermúdez,Colombia Tierra Querida,El Maestro,Latin,2:39
Lucho Bermúdez & Pacho Galan,Fiesta de Negritos,Grandes Compositores: Pacho Galan & Lucho Bermudez,Música tropical,2:52
Lucho Gatica,Contigo en la Distancia (Remastered),15 de Colección,Baladas y Boleros,3:22
"Luciano Pavarotti, Herbert von Karajan & Berlin Philharmonic","La Bohème: ""Che gelida manina""",Pavarotti's Greatest Hits,Classical,4:39
"Luciano Pavarotti, London Symphony Orchestra & Richard Bonynge","Rigoletto, Act III: ""La donna è mobile""",Luciano Pavarotti - The Best,Classical,2:26
"Luciano Pavarotti, National Philharmonic Orchestra & Giancarlo Chiaramello",'O sole mio (Arr. Chiaramello),Luciano Pavarotti - The Best,Classical,3:22
"Luciano Pavarotti, National Philharmonic Orchestra & Giuseppe Patanè","Pagliacci, Act I: ""Recitar!.Vesti la giubba""",Luciano Pavarotti - The Best,Classical,4:08
"Luciano Pavarotti, The John Alldis Choir, Wandsworth School Boys Choir, London Philharmonic Orchestra & Zubin Mehta","Turandot, Act III: ""Nessun dorma!""",Luciano Pavarotti - The Best,Classical,3:00
Lucille Starr,(Bonjour Tristesse) Hello Sadness,Lonely Street,Pop,2:26
"Ludovit Kanta, Peter Breiner & Capella Istropolitana","Cello Concerto No. 1 in C Major, Hob. VIIb:1: II. Adagio",50 of the Best: Haydn,Classical,8:31
Luis Carlos Meyer,La Historia,"Aquellas Lindas Melodias, Vol. 1",Latin,3:13
Luis Carlos Meyer,La Puerca,"Aquellas Lindas Melodias, Vol. 1",Latin,3:07
Luis Carlos Meyer,Micaela,Porros Que Hicieron Historia,Tango,2:53
Luis Fonsi,Si Tu Quisieras,Comenzaré,Pop Latino,4:27
Luis Fonsi,Aquí Estoy Yo (Solo Version),6 Super Hits: Luis Fonsi - EP,Pop Latino,4:08
Luke Bryan,That's My Kind of Night,Crash My Party,Country,3:09
Luke Bryan,Drink a Beer,Crash My Party,Country,3:23
Luke Bryan,To the Moon and Back,Kill the Lights,Country,3:58
Luke Bryan,Knockin' Boots,Knockin' Boots - Single,Country,3:19
Luke Bryan,Most People Are Good,What Makes You Country,Country,3:42
Luke Combs,Fast Car,Gettin' Old,Country,4:25
Luke Combs,Hurricane,This One's for You,Country,3:43
Luke Combs,When It Rains It Pours,This One's for You,Country,4:03
Luke Combs,Beautiful Crazy,This One’s for You Too (Deluxe Edition),Country,3:13
Luther Barnes,So Satisfied,The Best of Luther Barnes & the Red Budd Gospel Choir: The Early Years,Christian,6:44
Luther Barnes,Oh How I Love Jesus,Come Fly With Me,Christian,6:15
Luther Barnes & The Sunset Jubilaires,It's Your Time,It's Your Time,Christian,6:00
Luther Barnes & The Red Budd Gospel Choir,I'm Still Holding On,He Cares,Christian,5:17
Luther Barnes & The Sunset Jubilaires,I Know It Was Jesus,Heaven On My Mind,Christian,7:07
Luther Barnes & The Sunset Jubilaires,Stand By Me,Heaven On My Mind,Christian,6:29
Luther Vandross,Here and Now,The Essential Luther Vandross,R&B/Soul,5:23
Luther Vandross,Never Too Much,The Ultimate Luther Vandross (2006 Version),R&B/Soul,3:51
Luther Vandross,A House Is Not a Home,The Ultimate Luther Vandross (2006 Version),R&B/Soul,7:07
Lyle Lovett,Cowboy Man,Anthology Volume One: Cowboy Man,Rock,2:50
Lyle Lovett,If I Had a Boat,Anthology Volume One: Cowboy Man,Rock,3:07
Lynyrd Skynyrd,The Ballad of Curtis Loew,All Time Greatest Hits,Rock,4:51
Lynyrd Skynyrd,What's Your Name,All Time Greatest Hits,Rock,3:31
Lynyrd Skynyrd,Sweet Home Alabama,20th Century Masters: The Millennium Collection: Best Of Lynyrd Skynyrd,Rock,4:45
Lynyrd Skynyrd,Free Bird,20th Century Masters: The Millennium Collection: Best Of Lynyrd Skynyrd,Rock,9:10
"M. McLain, Ray Linn, Robert Wacker, Faith Kruger, Ernie Newton, Pete Roberts, MGM Studio Chorus, Lucille Smith, Eddie Quillan, Bill Reeve, Dick Beavers, Warren Tipie, Dorothy Tennant, Richard Peel & Lucille Jean Norman",Down on MacConnachy Square,Brigadoon (Original 1954 Motion Picture Soundtrack),Soundtrack,3:14
Machel Montano,The Fog,"Machelements, Vol. 1",Reggae,3:46
Machel Montano,Possessed (feat. Kerwin Du Bois & Ladysmith Black Mambazo),"Machelements, Vol. 1",Reggae,3:58
Machel Montano,Mr. Fete,Mr. Fete - Single,Worldwide,3:51
Madonna,Don't Cry for Me Argentina,Evita (Highlights from the Motion Picture),Soundtrack,5:36
Madonna,Like a Virgin,Like a Virgin,Pop,3:39
Madonna,Frozen,Ray of Light,Pop,6:07
Mahalia Jackson,Joshua Fit the Battle of Jericho,The Best of Mahalia Jackson,Christian,2:05
Mahalia Jackson,I Will Move On Up a Little Higher,The Best of Mahalia Jackson,Christian,5:25
Mahalia Jackson,O Holy Night,Christmas with Mahalia,Holiday,3:33
Mahalia Jackson,He's Got the Whole World In His Hands (Live),The Essential Mahalia Jackson,Christian,2:37
Mahalia Jackson,Walk In Jerusalem,The Essential Mahalia Jackson,Christian,2:39
Mahalia Jackson,His Eye Is On the Sparrow,The Essential Mahalia Jackson,Christian,4:21
Mahalia Jackson,"Take My Hand, Precious Lord",The Essential Mahalia Jackson,Christian,4:12
Mahalia Jackson,When the Saints Go Marching In (Live),The Essential Mahalia Jackson,Christian,3:01
Mahalia Jackson,Everytime I Feel the Spirit I Pray,Everytime I Feel the Spirit,Christian,3:41
Mahalia Jackson,Didn't It Rain,"Gospels, Spirituals, & Hymns",Christian,2:40
Mahalia Jackson,"My God Is Real (Yes, God Is Real)","Gospels, Spirituals, & Hymns",Christian,3:39
Mahalia Jackson,It Is Well with My Soul,"Gospels, Spirituals, & Hymns",Christian,5:35
Mahalia Jackson,Great Gettin' Up Morning,"Gospels, Spirituals, & Hymns",Christian,3:42
Mahalia Jackson,If I Could Hear My Mother Pray Again,"Gospels, Spirituals, & Hymns",Christian,3:24
Mahalia Jackson,Amazing Grace (In Concert),Greatest Gospel Hits,Christian,3:37
Mahalia Jackson,It Is No Secret,O Holy Night: Gospel Christmas,CCM,3:02
Mahalia Jackson,Just a Closer Walk with Thee,"Sings the Best-Loved Hymns of Dr. Martin Luther King, Jr.",Christian,3:35
Mahalia Jackson,The Old Rugged Cross,"Sings the Best-Loved Hymns of Dr. Martin Luther King, Jr.",Christian,2:50
Mahalia Jackson,Sweet Little Jesus Boy,Sweet Little Jesus Boy,Holiday,4:38
The Main Ingredient,Everybody Plays the Fool,Everybody Plays the Fool: The Best of the Main Ingredient,R&B/Soul,3:22
Major Lance,Do the Tighten Up,"Brunswick Lost Soul, Vol. 1",R&B/Soul,2:14
The Mamas & The Papas,California Dreamin',Greatest Hits,Pop,2:43
The Mamas & The Papas,"Monday, Monday",Greatest Hits,Pop,3:29
The Mamas & The Papas,I Saw Her Again (Single Version),Greatest Hits,Pop,3:16
The Mamas & The Papas,Dedicated to the One I Love,Greatest Hits,Pop,3:01
The Mamas & The Papas,Dream a Little Dream of Me,Greatest Hits,Pop,3:14
Manfred Mann's Earth Band,Blinded By the Light (Single Version),"The Best of Manfred Mann's Earth Band Re-Mastered, Vol. 1",Rock,3:49
The Manhattans,Shining Star,Love Songs,R&B/Soul,4:39
Mannheim Steamroller,Conjuring the Number 7,Fresh Aire 7,New Age,4:03
Mannheim Steamroller,Chakra 4,Fresh Aire 7,New Age,5:32
Mannheim Steamroller,The Seven Stars of the Big Dipper,Fresh Aire 7,New Age,3:02
The Mar-Keys,Last Night (Single),The Last Night!,R&B/Soul,2:39
Maranatha! Music,You Are My All in All,Top 50 Praise Songs,Praise & Worship,4:12
The Maranatha! Singers,Spirit Song,Praise 3,Praise & Worship,3:26
Maranatha! Vocal Band,The Servant Song,Scripture In Song,Christian,3:05
Marc Anthony,Si Te Vas,Contra la Corriente,Música tropical,4:46
Marc Anthony,Preciosa,Desde un Principio / From the Beginning,Música tropical,5:12
Marc Anthony,Dímelo,Marc Anthony,Pop Latino,3:48
Marc Anthony,Hasta Que Te Conocí,Otra Nota (Remastered),Música tropical,5:05
Marc Anthony,Nadie Como Ella,Todo a Su Tiempo,Música tropical,4:56
Marc Anthony,Lamento Borincano,Valió la Pena,Música tropical,5:05
Marc Anthony,Vivir Mi Vida,3,Música tropical,4:12
The Marcels,Blue Moon,Blue Moon - Single,R&B/Soul,2:10
Marco Antonio Muñiz,Escándalo,Colección Diamante: Marco Antonio Muñíz,Baladas y Boleros,2:33
Marco Antonio Muñiz Con Guitarras,Te Amaré Toda la Vída,RCA 100 Años de Música: Marco Antonio Muñiz,Baladas y Boleros,1:43
Marek Janowski & Orchestre Philharmonique de Radio France,Le carnaval des Animaux: VII. Aquarium,40 Most Beautiful Piano Classics,Classical,2:33
Maren Morris,The Bones,GIRL,Country,3:17
Maren Morris,Rich,Hero,Country,3:29
Maren Morris,80s Mercedes,Hero,Country,3:32
Margaret Whiting,The Party's Over,Capitol Collectors Series,Pop,2:46
Margaret Whiting,"It Might As Well Be Spring (From ""State Fair"")","Reader's Digest Music: Great Film Songs of the '40s, Vol. 1",Jazz,2:48
Margaret Whiting,A Tree In The Meadow (Digitally Remastered),A Tree In The Meadow (Digitally Remastered) - Single,Pop,2:41
Mariachi Torales,Adelita,100% Mexican Fiesta,Música Mexicana,2:14
Mariah Carey,Hero,Greatest Hits,Pop,4:18
Mariah Carey,All I Want for Christmas Is You,Merry Christmas,Christmas: Pop,4:02
Mariinsky Orchestra & Valery Gergiev,"The Nutcracker, Op. 71: XIVc. Pas de deux: Variation II (Dance of the Sugar-Plum Fairy)",Tchaikovsky: The Nutcracker,Classical,2:06
Marilyn Monroe,"Diamonds Are a Girl's Best Friend (From ""Gentlemen Prefer Blondes"")",Diamonds Are a Girl's Best Friend,Pop,3:31
Mario Lanza,Danny Boy,Be My Love,Vocal,2:57
Mario Lanza,Mamma Quel Vino È Generoso de Mario Lanza,Gran Concerto Classico Romanze,Classical,3:33
Mario Lanza,Valencia,When Day Is Done (Remastered - 1998),Vocal,2:38
Mario Lanza & Carlo Savina,O Sole Mio,Be My Love,Vocal,2:29
Mario Lanza & Constantine Callinicos,Ave Maria,The Essential Mario Lanza,Standards,4:27
Mario Lanza & Constantine Callinicos,"The Song Angels Sing (From ""Because You're Mine"")",The Mario Lanza Collection (Remastered),Vocal,3:32
Mario Lanza & Ray Sinatra,"With a Song In My Heart (From ""Spring Is Here"")",The Essential Mario Lanza,Standards,3:32
"Mario Lanza, Ray Sinatra & The Jeff Alexander Choir","Be My Love (From ""the Toast of New Orleans"")",Lanza: Greatest Hits,Vocal,3:29
Marisela,"Quizás, Quizás, Quizás",Historia de un Amor,Pop Latino,2:57
Mark Knopfler,Sailing to Philadelphia,Private Investigations: The Best of Dire Straits & Mark Knopfler,Rock,5:53
Mark Lowry,"Mary, Did You Know?","Mary, Did You Know?",Holiday,4:45
Mark Ronson,Uptown Funk (feat. Bruno Mars),Uptown Special,Pop,4:30
Marni Nixon & Mona Washbourne,I Could Have Danced All Night,My Fair Lady (Original 1964 Motion Picture Soundtrack),Musicals,3:55
Marni Nixon & Rex Thompson,I Whistle a Happy Tune,The King and I (Original Motion Picture Soundtrack),Musicals,2:43
The Marshall Tucker Band,Heard It in a Love Song,Carolina Dreams,Rock,4:58
The Marshall Tucker Band,Can't You See,The Marshall Tucker Band,Rock,6:05
The Marshall Tucker Band,Fire on the Mountain,Searchin' for a Rainbow,Rock,3:56
Martha Reeves,Jimmy Mack (Rerecorded),Dancing In the Streets - The Best of Martha Reeves,R&B/Soul,2:53
Martha Reeves & The Vandellas,(Love Is Like A) Heat Wave (Single Version),The Ultimate Collection: Martha Reeves & The Vandellas,R&B/Soul,2:45
Martha Reeves & The Vandellas,Dancing In the Street (Single Version),"20th Century Masters - The Millennium Collection: Best of Motown 1960s, Vol. 1",R&B/Soul,2:40
"Martina Koppelstetter, Christian Brembeck & Capella Istropolitana","Mass in B Minor, BWV 232: IVc. Agnus Dei",50 of the Best: J.S. Bach,Classical,5:48
The Martins,The Promise,Above It All,Christian,5:04
The Martins,Count Your Blessing,Dream Big,Christian,3:39
"Marty May, William O'Neal, Ray Middleton & Ethel Merman",There's No. Business Like Show Business,Annie Get Your Gun (Original 1946 Broadway Cast Recording) [2000 Remaster],Musicals,3:11
Marty Robbins,The Story of My Life,The Essential Marty Robbins (1951-1982),Country,2:32
Marty Robbins,A White Sport Coat,The Essential Marty Robbins (1951-1982),Country,2:29
Marty Robbins,(Ghost) Riders In the Sky,The Essential Marty Robbins (1951-1982),Country,3:34
Marty Robbins,El Paso,Gunfighter Ballads and Trail Songs,Country,4:19
Marty Robbins,Don't Worry,Marty Robbins' All-Time Greatest Hits,Country,3:13
Marty Robbins,Red River Valley,Marty Robbins' All-Time Greatest Hits,Country,2:24
The Marvelettes,Please Mr. Postman (Single Version / Mono),"20th Century Masters - The Millennium Collection: Best of Motown 1960s, Vol. 1",Pop,2:30
Marvin Gaye,I Heard It Through the Grapevine,Every Great Motown Hit of Marvin Gaye,R&B/Soul,3:17
Marvin Gaye,Too Busy Thinking About My Baby,Every Great Motown Hit of Marvin Gaye,R&B/Soul,2:58
Marvin Gaye,What's Going On,Every Great Motown Hit of Marvin Gaye,R&B/Soul,3:53
Marvin Gaye,Mercy Mercy Me (The Ecology),Every Great Motown Hit of Marvin Gaye,R&B/Soul,3:17
Marvin Gaye,I'll Be Doggone (Juke Box Single Version),Gold: Marvin Gaye,R&B/Soul,2:46
Marvin Gaye,Ain't That Peculiar,Gold: Marvin Gaye,R&B/Soul,2:58
Marvin Gaye,Let's Get It On,Gold: Marvin Gaye,R&B/Soul,4:52
Marvin Gaye,Sexual Healing,Midnight Love & The Sexual Healing Sessions,R&B/Soul,3:59
Marvin Gaye,How Sweet It Is (To Be Loved By You) [Single Version / Mono],"20th Century Masters - The Millennium Collection: Best of Motown 1960s, Vol. 1",R&B/Soul,3:01
Marvin Gaye,Stubborn Kind of Fellow,"20th Century Masters - The Millennium Collection: The Best of Marvin Gaye, Vol. 1 - The '60s",R&B/Soul,2:51
Marvin Gaye & Tammi Terrell,You're All I Need to Get By,Every Great Motown Hit of Marvin Gaye,R&B/Soul,2:52
Marvin Gaye & Tammi Terrell,Ain't No Mountain High Enough,Gold: Marvin Gaye,R&B/Soul,2:26
Marvin Hamlisch,Solace (The Sting Soundtrack Version - Orchestra Version),The Sting (25th Anniversary Edition) [Original Motion Picture Soundtrack],Soundtrack,3:35
Marvin Hamlisch,Pineapple Rag (The Sting Soundtrack Version),The Sting (25th Anniversary Edition) [Original Motion Picture Soundtrack],Soundtrack,2:37
Marvin Santiago,Vasos de Colores,Éxitos Eternos,Música tropical,5:33
Marvin Santiago,Fuego A La Jicotea,Salsa Legends,Latin,3:22
Marvin Sapp,Give Thanks (Ult Version),Beginnings,Christian,5:27
Marvin Sapp,Thank You for It All,Chosen Vessel,Christian,5:09
Marvin Sapp,He Has His Hands On You,Playlist: The Very Best of Marvin Sapp,Christian,6:31
Marvin Sapp,Magnify,Thirsty,Christian,4:55
Marvin Sapp,Never Would Have Made It,Thirsty,Christian,6:55
"Marvin Winans, Donnie McClurkin, Mary Mary, Marvin Sapp & Bishop Paul S. Morton","Church Medley (feat. Donnie McClurkin, Mary Mary, Marvin Sapp & Bishop Paul S. Morton)",Marvin L. Winans Presents: The Praise & Worship Experience,Christian,8:47
Mary Chapin Carpenter,He Thinks He'll Keep Her,Come On Come On,Country,4:02
Mary Chapin Carpenter,I Take My Chances,The Essential Mary Chapin Carpenter,Country,3:45
Mary Hopkin,Those Were the Days,Come and Get It: The Best of Apple Records (Remastered),Rock,5:11
Mary Martin & South Pacific Ensemble,I'm Gonna Wash That Man Right Outa My Hair,South Pacific (Original 1949 Broadway Cast Recording),Soundtrack,3:27
"Mary Seers, Mary Hitch, Caroline Ashton, The Cambridge Singers, John Scott, Gary Kettel, Eric Allen, Philip Jones Brass Ensemble & John Rutter",Gloria: II. Andante,Gloria: The Sacred Music Of John Rutter,Classical,6:59
Mary Travers,Follow Me,"The Very Best of Peter, Paul and Mary",Singer/Songwriter,2:39
Mary Wells,You Beat Me to the Punch,20th Century Masters - The Millennium Collection: The Best of Mary Wells,R&B/Soul,2:45
Mary Wells,My Guy,20th Century Masters - The Millennium Collection: The Best of Mary Wells,R&B/Soul,2:53
Mason Williams,Classical Gas,Rhino Hi-Five: Mason Williams - EP,Rock,3:04
Matt Boswell & Boyce College Choir,His Mercy Is More (Live),Messenger Hymns Live - Single,Christian,3:47
Matt Boswell & Boyce College Choir,Christ the Sure and Steady Anchor (Live),Messenger Hymns Live - Single,Christian,3:55
Matt Redman,"10,000 Reasons (Bless the Lord) [Live]","10,000 Reasons (Live)",Christian,5:42
Maurice Jarre,Doctor Zhivago (Main Title),Doctor Zhivago (Original Motion Picture Soundtrack),Soundtrack,2:41
Maurice Williams & The Zodiacs,Stay,Stay (Bonus Track Version),R&B/Soul,1:36
Maverick City Music & UPPERROOM,"I Thank God (feat. Dante Bowe, Maryanne Joshua George & Aaron Moses)",Move Your Heart,Christian,7:46
"Maverick City Music, Chandler Moore & Naomi Raine",Jireh (feat. Mav City Gospel Choir),Jubilee: Juneteenth Edition,Christian,6:00
"Maverick City Music, Naomi Raine & Chandler Moore",In The Room (feat. Tasha Cobbs Leonard),The Maverick Way Complete,Christian,9:57
"Maverick City Music, Naomi Raine & Joe L Barnes",Promises (Radio Version),Promises (Radio Version) - Single,Christian,4:09
Mavis Staples,Have a Little Faith,Have a Little Faith,Blues,4:35
Mavis Staples,Eyes on the Prize,We'll Never Turn Back,R&B/Soul,4:06
Mavis Staples,You Are Not Alone,You Are Not Alone,R&B/Soul,3:57
Max Geldray,Mouth Organ Swing N°1 (1939),Harmonica,Jazz,2:49
Max Steiner,Main Title (Gone With the Wind),Gone With the Wind (Original Motion Picture Soundtrack),Soundtrack,4:07
Maze & Frankie Beverly,Happy Feelin's,"The Greatest Hits: Lifelines, Vol. 1",R&B/Soul,7:13
Maze & Frankie Beverly,Before I Let Go,"The Greatest Hits: Lifelines, Vol. 1",R&B/Soul,5:09
McFadden & Whitehead,Ain't No Stoppin' Us Now,The Sound of Philadelphia: Gamble & Huff's Greatest Hits,R&B/Soul,7:01
The McGuire Sisters,Sincerely,The Anthology,Pop,2:59
Meghan Trainor,All About That Bass,Title (Deluxe Edition),Pop,3:11
Meghan Trainor,Lips Are Movin,Title (Deluxe Edition),Pop,3:02
Mel McDaniel,Baby's Got Her Blue Jeans On,Baby's Got Her Blue Jeans On,Country,3:01
Mel Tormé,Comin' Home Baby,Comin' Home Baby!,Jazz,2:45
Mel Tormé,Blue Moon,20th Century Masters - The Millenium Collection: The Best of Mel Tormé,Jazz,3:42
Melinda Caroll,Alouette,"Girl Scouts Greatest Hits Vol 3, Girl Scout Brownies Growing Strong!",Children's Music,2:21
Melos Choir & Period Instruments,Sonata nona Opus 16,Voces Feminarum,Classical,4:10
Mercedes Sosa,Duerme negrito (Remastered),Grandes éxitos (Remastered),South America,2:25
MercyMe,I Can Only Imagine,Almost There,Christian,4:08
Merle Haggard,Silver Wings,The Best of the Best of Merle Haggard,Country,2:44
Merle Haggard,Today I Started Loving You Again,20 Greatest Hits,Country,2:20
Merle Haggard,I Think I'll Just Stay Here and Drink,20th Century Masters - The Millennium Collection: The Best of Merle Haggard,Country,4:33
Merle Haggard,The Bottle Let Me Down (Re-Recorded),"40 Greatest Hits, Vol. 1 (Re-Recorded Versions)",Country,2:46
Merle Haggard,Mama Tried (Re-Recorded),"40 Greatest Hits, Vol. 1 (Re-Recorded Versions)",Country,2:13
Merle Travis,Nine Pound Hammer,Folk Songs of the Hills,Singer/Songwriter,2:40
MFSB,T.S.O.P. (The Sound of Philadelphia) [feat. The Three Degrees],"The Philly Sound: Kenny Gamble, Leon Huff and the Story of Brotherly Love",R&B/Soul,5:48
Michael Bolton,Soul Provider (Single Version),Greatest Hits 1985-1995,Pop,4:26
Michael Bolton,How Am I Supposed to Live Without You,Greatest Hits 1985-1995,Pop,4:14
Michael Bublé,Comin' Home Baby (Duet with Boyz II Men),Call Me Irresponsible,Pop,3:27
Michael Bublé,Everything,Call Me Irresponsible,Pop,3:33
Michael Card,Immanuel,Joy in the Journey-10 Years of Greatest Hits,Christian,3:58
Michael Crawford,The Music of the Night,The Phantom of the Opera (Original 1986 London Cast),Musicals,5:42
"Michael Crawford, Sarah Brightman, Rosemary Ashe, David Firth, John Savident, Mary Millar, Steve Barton & Janet Devenish",The Point of No Return,The Phantom of the Opera (Original 1986 London Cast),Musicals,5:32
Michael Franks,Popsicle Toes,The Best of Michael Franks: A Backward Glance,Jazz,4:36
Michael Franks,When I Give My Love to You,The Best of Michael Franks: A Backward Glance,Jazz,4:22
Michael Jackson,Rock With You (Single Version),The Essential Michael Jackson,Pop,3:24
Michael Jackson,Billie Jean (Single Version),The Essential Michael Jackson,Pop,4:55
Michael Jackson,Beat It (Single Version),The Essential Michael Jackson,Pop,4:19
Michael Jackson,Bad,The Essential Michael Jackson,Pop,4:07
Michael Jackson,The Way You Make Me Feel (Single Version),The Essential Michael Jackson,Pop,4:27
Michael Jackson,Man In the Mirror,The Essential Michael Jackson,Pop,5:21
Michael Jackson,Black or White,The Essential Michael Jackson,Pop,4:17
Michael Jackson,Will You Be There (Single Version),The Essential Michael Jackson,Pop,3:44
Michael Jackson,Thriller,Thriller,Pop,5:59
Michael Jackson,Got to Be There,The Ultimate Collection,R&B/Soul,3:24
Michael Jackson,Rockin' Robin,The Ultimate Collection,R&B/Soul,2:32
Michael McDonald,I Keep Forgettin (Every Time You're Near),If That's What It Takes,Rock,3:42
Michael McDonald & Patti LaBelle,On My Own (Single),Patti LaBelle: Greatest Hits,R&B/Soul,4:43
Michael O'Flattery,Irish Two Step,"Irish Dance Music Jigs, Reels & Marches",Alternative,2:31
Michael W. Smith,Place In This World,The First Decade: 1983-1993,Christian,3:57
Michael W. Smith,Friends,The First Decade: 1983-1993,Christian,4:40
Michael W. Smith,Great Is the Lord,The First Decade: 1983-1993,Christian,2:55
Mickey & Sylvia,Love Is Strange,Dirty Dancing (Original Motion Picture Soundtrack),Soundtrack,2:53
The Mighty Clouds of Joy,Order My Steps (Live),Best of the Mighty Clouds of Joy,Gospel,9:07
The Mighty Clouds of Joy,Walk Around Heaven All Day,The Definitive Gospel Collection,Christian,3:57
The Mighty Clouds of Joy,Nearer My God to Thee,Gospel Legacy,Christian,4:58
The Mighty Clouds of Joy,I've Been In the Storm Too Long,The Greatest Hits,Christian,4:57
Miguel Aceves Mejía,La Malagueña,10 de Colección,Música Mexicana,3:56
Miguel Aceves Mejía,Los Laureles,10 de Colección,Música Mexicana,2:15
Miguel Aceves Mejía,El Jinete,10 de Colección,Música Mexicana,3:03
Mike + The Mechanics,The Living Years,Living Years,Rock,5:30
Mike + The Mechanics,All I Need Is a Miracle,Mike + The Mechanics (US Release),Rock,4:12
Mike Posner,Cooler Than Me (Single Mix),31 Minutes to Takeoff,Pop,3:33
Mikis Theodorakis,Theme from Zorba the Greek,Zorba the Greek (Original Soundtrack),Soundtrack,1:12
Mikis Theodorakis,Zorba's Dance,Zorba the Greek (Original Soundtrack),Soundtrack,4:01
Milan Rericha & Marc Reift Orchestra,Yackety Sax (Benny Hill),Feelings,Rock,1:37
Miles Davis,Bags' Groove (Take 1),Bags' Groove (Remastered),Jazz,11:16
Miles Davis,Bags' Groove (Take 2),Bags' Groove (Remastered),Jazz,9:24
Miles Davis,Airegin,Bags' Groove (Remastered),Jazz,5:02
Miles Davis,Oleo,Bags' Groove (Remastered),Jazz,5:14
Miles Davis,But Not for Me (Take 2),Bags' Groove (Remastered),Jazz,5:46
Miles Davis,Doxy,Bags' Groove (Remastered),Jazz,4:55
Miles Davis,But Not for Me (Take 1),Bags' Groove (Remastered),Jazz,4:37
Miles Davis,Digital Booklet - Bags' Groove (Remastered),Bags' Groove (Remastered),Jazz,
Miles Davis,Out of the Blue,Dig (Remastered),Jazz,6:19
Miles Davis,So What,Kind of Blue,Jazz,9:08
Miley Cyrus,The Climb,Hannah Montana: The Movie (Original Motion Picture Soundtrack),Soundtrack,3:56
Milli Vanilli,Blame It On the Rain,Milli Vanilli: Greatest Hits,Pop,4:09
Millie Dillmount and Her Glad Rag Band,Virginia Blues,Square Dance Tonight!,Country,4:10
The Mills Brothers,Cab Driver,The Anthology 1931-1968,Pop,2:56
The Mills Brothers,Bringing in the Sheaves,Peacock Gospel Classics: A Tribute to Gospel,Christian,1:37
The Mills Brothers,Paper Doll,20th Century Masters - The Millennium Collection: The Best of the Mills Brothers,Vocal,2:38
The Mills Brothers,I've Got My Love to Keep Me Warm,20th Century Masters - The Millennium Collection: The Best of the Mills Brothers,Vocal,3:12
The Mills Brothers,The Glow Worm,20th Century Masters - The Millennium Collection: The Best of the Mills Brothers,Vocal,2:40
Milton Brown,The Eyes of Texas,"Essential Pioneers of Country Music, Vol. 2: 1920's - 1940",Blues,3:10
The Miracles,Shop Around,20th Century Masters - The Millennium Collection: The Best of Smokey Robinson & The Miracles,R&B/Soul,2:51
The Miracles,Love Machine (feat. Billy Griffin) [feat. Billy Griffin],20th Century Masters - The Millennium Collection: The Best of Smokey Robinson & The Miracles,R&B/Soul,6:53
Miriam Makeba,The Click Song,The Click Song,Worldwide,2:33
The Mississippi Mass Choir,When I Rose This Morning,I'll See You In the Rapture,Christian,6:46
Mississippi Mass Choir,Your Grace and Mercy,It Remains to Be Seen...,Christian,5:31
Mississippi Mass Choir,It's Good to Know Jesus,Mississippi Mass Choir: Greatest Hit's,Christian,3:42
The Mississippi Mass Choir,I Love to Praise Him,Then Sings My Soul,Christian,5:56
Mitch Miller,Beautiful Ohio,The Essential,Pop,2:39
Mitch Miller,The Yellow Rose of Texas,Greatest Hits,Vocal,3:01
Mitch Miller,Down By the Old Mill Stream,Sing Along With Mitch,Vocal,2:35
Mitch Miller,I'm Looking Over a Four Leaf Clover,16 Most Requested Songs,Easy Listening,1:57
The Mixed Emotions,Carolina Girls,I Need a Walk On the Beach,Pop,3:37
The Modern Jazz Quartet,Django,Atlantic Jazz: Best of the 50's,Jazz,4:39
Monique Haas,Suite bergamasque: III. Clair de lune,40 Most Beautiful Piano Classics,Classical,5:27
Monique Haas,Pavane pour une infante défunte,40 Most Beautiful Piano Classics,Classical,7:08
Monique Haas,Jeux d'eaux,40 Most Beautiful Piano Classics,Classical,5:37
Monique Haas,Deux arabesques: No. 1 in E Major,40 Most Beautiful Piano Classics,Classical,3:50
Monique Haas,Children's Corner: III. Serenade for the Doll,40 Most Beautiful Piano Classics,Classical,2:45
Monique Haas,Children's Corner: I. Docteur Gradus ad Parnassum,40 Most Beautiful Piano Classics,Classical,2:16
Monique Namaste,Water Harp,Life Everlasting - EP,Devotional & Spiritual,2:46
The Monkees,I'm a Believer,The Best of the Monkees,Pop,2:46
The Monkees,Daydream Believer,The Best of the Monkees,Pop,3:00
Monks And Choirboys Of Downside Abbey,Salve Regina,Essential Gregorian Chant,Classical,2:35
Monks And Choirboys Of Downside Abbey,Veni Sancte Spiritus,Essential Gregorian Chant,Classical,2:41
The Monotones,The Book of Love,"Doo Wop Classics, Vol. 1",Pop,2:18
Monty Python,Look On the Bright Side of Life (All Things Dull and Ugly) [Life Of Brian / Soundtrack Version],Monty Python's Life of Brian (Original Motion Picture Soundtrack),Comedy,3:58
The Moody Blues,"Nights In White Satin (The Night) [Incl. ""Late Lament""]",Days of Future Passed,Pop,7:29
The Moody Blues,Tuesday Afternoon (Forever Afternoon) [Edit Single Version],Gold: The Moody Blues (Remastered),Rock,4:10
The Moody Blues,I'm Just a Singer (In a Rock and Roll Band),Seventh Sojourn (Remastered),Rock,4:18
The Moody Blues,I Know You're Out There Somewhere,20th Century Masters - The Millennium Collection: The Best of The Moody Blues,Rock,6:37
The Moody Blues & New World Philharmonic,The Voice,Gold: The Moody Blues (Remastered),Rock,5:12
"The Moody Blues, London Festival Orchestra & Peter Knight",Nights in White Satin (Single Edit),20th Century Masters - The Millennium Collection: The Best of The Moody Blues,Rock,4:26
Morris Day,The Bird (Live),It's About Time,R&B/Soul,4:12
Morris Day,Jungle Love (Live),It's About Time,R&B/Soul,2:56
Morris Stoloff,Moonglow And Theme From Picnic (Digitally Remastered),Moonglow And Theme From Picnic (Digitally Remastered) - Single,Vocal,2:51
Mose Allison,Autumn Song,Autumn Song,Jazz,3:40
Mose Allison,I Don't Worry About a Thing,The Best of Mose Allison,Jazz,2:18
Mose Allison,Your Mind Is On Vacation,The Best of Mose Allison,Jazz,2:37
Mose Allison,If You're Going to the City,The Best of Mose Allison,Jazz,3:47
Mose Allison,Parchman Farm,Mose Allison Sings (Rudy Van Gelder Remaster),Jazz,3:20
Mother's Finest,Micky's Monkey,Another Mother Further,R&B/Soul,4:43
Mother's Finest,Baby Love,Another Mother Further,R&B/Soul,4:23
Mother's Finest,Thank You for the Love,Another Mother Further,R&B/Soul,5:03
Mother's Finest,Piece of the Rock,Another Mother Further,R&B/Soul,3:24
"Mstislav Rostropovich, Berlin Philharmonic & Herbert von Karajan","Cello Concerto in B Minor, Op. 104, B. 191: 2. Adagio ma non troppo","Dvorák: Cello Concerto in B Minor, Op. 104 - Tchaikovsky: Variations on a Rococo Theme, Op. 33",Classical,12:42
Muddy Waters,Got My Mojo Working,Anthology,Blues,2:51
Muddy Waters,I Just Want to Make Love to You (Single Version),His Best 1947 To 1956 - The Chess 50th Anniversary Collection (Reissue),Blues,2:52
Muddy Waters,Mannish Boy (Single Version),His Best 1947 To 1956 - The Chess 50th Anniversary Collection (Reissue),Blues,2:58
Muddy Waters,Forty Days and Forty Nights,His Best 1956-1964: The Chess 50th Anniversary Collection,Blues,2:53
Mungo Jerry,In the Summertime,In the Summertime,Adult Contemporary,3:36
The Munich Brewer Boys,In München steht ein Hofbräuhaus,Oktoberfest,Europe,2:27
The Munich Brewer Boys,"Trink, trink, Brüderlein trink",Oktoberfest,Europe,1:09
Najah Salam,Mitna Wa Fishna (We Died and We Lived),Lebanese Songs from the 50's - History of Arabic Song,Worldwide,3:19
Najah Salam & Wedih Essafi,Tal Al Qamar (The Moon Rose),Lebanese Songs from the 50's - History of Arabic Song,Worldwide,3:29
Nana Mouskouri,White Rose of Athens,Super Best (Remastered),French Pop,2:39
Nanci Griffith,Lone Star State of Mind,The Complete MCA Studio Recordings: Nanci Griffith,Country,3:58
Nanci Griffith,From a Distance,The Complete MCA Studio Recordings: Nanci Griffith,Country,4:12
Nanci Griffith,Once in a Very Blue Moon (Live),From a Distance - The Very Best of Nanci Griffith,Country,2:26
Nanci Griffith,Listen to the Radio,The MCA Years - A Retrospective: Nanci Griffith,Country,3:45
Nanci Griffith & Mac McAnally,Gulf Coast Highway,The Complete MCA Studio Recordings: Nanci Griffith,Country,3:06
Nancy Sinatra,These Boots Are Made for Walkin',Boots,Pop,2:46
Nancy Sinatra,Summer Wine,Nancy In London,Pop,3:44
Nancy Wilson,(You Don't Know) How Glad I Am,Anthology,Jazz,2:38
Nancy Wilson,"Face It Girl, It's Over",Anthology,Jazz,3:10
Nancy Wilson,The Very Thought of You,The Great American Songbook,Jazz,2:54
Nancy Wilson,You Leave Me Breathless,Like In Love,Jazz,2:27
Nancy Wilson,"Gee Baby, Ain't I Good to You",Save Your Love for Me: Nancy Wilson Sings the Great Blues Ballads,Jazz,2:29
Nancy Wilson,I Wish You Love,Something Wonderful (Remastered),Pop,2:00
Nancy Wilson,Try a Little Tenderness,The Very Best of Nancy Wilson: The Capitol Recordings 1960-1976,Jazz,2:44
Nancy Wilson,What Are You Doing New Year's Eve,"Yesterday's Love Songs, Today's Blues",Jazz,2:26
Nashville Cast,His Eye Is on the Sparrow (feat. Rhiannon Giddens),His Eye Is on the Sparrow (feat. Rhiannon Giddens) - Single,Country,2:18
The Nashville String Machine,Jesus Paid It All,"America's 25 Favorite Hymns, Vol. 2",Christian,2:44
Nasri Shamseddine,Mahboubit Qalbi Hala,Best of Nasri Shamseddine,Arabic,6:27
Nasri Shamseddine,Ya Marek Al Tawahine,Best Of Nasri Shamseddine 1 - EP,Arabic,2:45
Nasri Shamsedine & Nasri Shamseddine,Haddoni,Best of Nasri Shamseddine 7,Arabic,2:24
Nasri Shamsedine & Nasri Shamseddine,Yom Assafar,Best of Nasri Shamseddine 7,Arabic,6:08
"Nat ""King"" Cole",The Christmas Song (Merry Christmas to You),The Christmas Song (Expanded Edition),Holiday,3:12
"Nat ""King"" Cole",El Bodeguero (Grocer's Cha-Cha),Cole Español,Easy Listening,2:23
"Nat ""King"" Cole",Let's Face the Music and Dance,The Extraordinary (Deluxe Edition),Easy Listening,2:25
"Nat ""King"" Cole",The Very Thought of You,Love Songs,Easy Listening,3:48
"Nat ""King"" Cole",When I Fall In Love,Nat King Cole,Jazz,3:11
"Nat ""King"" Cole",L-O-V-E,Nat King Cole,Jazz,2:33
"Nat ""King"" Cole",The Blues Don't Care,Welcome to the Club,Pop,2:11
"Nat ""King"" Cole",Smile,The World of Nat King Cole,Jazz,2:56
"Nat ""King"" Cole",(Get Your Kicks On) Route 66,The World of Nat King Cole,Pop,3:03
"Nat ""King"" Cole",Nature Boy,The World of Nat King Cole,Jazz,2:41
"Nat ""King"" Cole",Send for Me,The World of Nat King Cole,Jazz,2:32
"Nat ""King"" Cole",Looking Back,The World of Nat King Cole,Jazz,2:28
"Nat ""King"" Cole",Love Is a Many Splendored Thing,The World of Nat King Cole,Jazz,2:43
"Nat ""King"" Cole",Mona Lisa,The World of Nat King Cole,Jazz,3:17
"Nat ""King"" Cole",Ramblin' Rose,The World of Nat King Cole,Jazz,2:51
"Nat ""King"" Cole",Stardust,The World of Nat King Cole,Jazz,3:14
"Nat ""King"" Cole & Natalie Cole",Unforgettable,The World of Nat King Cole,Jazz,3:32
Natalie Cole,Miss You Like Crazy,Good To Be Back,Adult Contemporary,3:54
Natalie Cole,This Will Be (An Everlasting Love),Inseparable,R&B/Soul,2:52
"Nathan Lane, Ernie Sabella, Jason Weaver & Joseph Williams",Hakuna Matata,The Lion King (Original Motion Picture Soundtrack),Musicals,3:34
The National Lutheran Choir,Silent Night,Carols We Love to Sing,Christmas: Religious,4:15
National Philharmonic Orchestra & Gianandrea Gavazzeni,Cavalleria rusticana: Intermezzo,50 More Essential Pieces Of Classical Music,Classical,3:13
"Nature Sounds, Rain Sounds & Nature Sounds Nature Music",Meditation Rain,"Rain and Ambient Sounds, Relaxation, Meditation, Yoga",Nature,3:08
Neal and Leandra,Listen to the Angels,Listen to the Angels,Holiday,4:04
Neal and Leandra,"Tell Me the Old, Old Story",Listen to the Angels,Holiday,5:41
Ned Milller,From a Jack to a King (Rerecorded),Country Classics (Rerecorded Version),Country,2:07
Neil Diamond,Kentucky Woman (Single Version),All-Time Greatest Hits,Pop,2:25
Neil Diamond,I Am...I Said (Single Version),All-Time Greatest Hits (Deluxe Version),Pop,3:34
Neil Diamond,Song Sung Blue (Single Version),All-Time Greatest Hits (Deluxe Version),Pop,3:17
Neil Diamond,Cherry Cherry,The Bang Years 1966-1968 (The 23 Original Mono Recordings),Pop,2:44
Neil Diamond,Brother Love's Traveling Salvation Show (Live),Hot August Night II,Pop,5:34
Neil Diamond,America,The Jazz Singer (Original Songs From the Motion Picture),Pop,4:19
Neil Diamond,"One Hand, One Heart",Lovescape,Pop,3:03
Neil Diamond,Sweet Caroline,Sweet Caroline,Pop,3:23
Neil Diamond,Cracklin' Rosie (Single Version),Tap Root Manuscript,Pop,3:00
Neil Diamond,Forever in Blue Jeans,You Don't Bring Me Flowers,Pop,3:39
Neil Sedaka,Laughter In the Rain,The Definitive Collection,Pop,2:50
Neil Sedaka,Calendar Girl,The Very Best of Neil Sedaka,Vocal,2:37
Neil Sedaka,"Happy Birthday, Sweet Sixteen",The Very Best of Neil Sedaka,Vocal,2:38
Neil Sedaka,Breaking Up Is Hard to Do,The Very Best of Neil Sedaka,Vocal,2:17
Neil Young,The Needle and the Damage Done,Greatest Hits,Rock,2:11
Neil Young,Old Man,Greatest Hits,Rock,3:23
Neil Young,Heart of Gold,Greatest Hits,Rock,3:07
Neil Young,Harvest Moon,Greatest Hits,Rock,5:03
"Neil Young & Crosby, Stills, Nash & Young",Ohio,Greatest Hits,Rock,3:00
The New Christy Minstrels,Today,The New Christy Minstrels' Greatest Hits,Singer/Songwriter,2:44
New Hinsons,Old Ship of Zion,New Hinsons: Greatest Hits,Christian,4:14
The New Life Community Choir,At The Cross,Blessed By Association,Christian,5:00
The New Life Community Choir,You Blessed Me,The Essential John P. Kee,Christian,6:33
The New Life Community Choir,Greater,The Essential John P. Kee,Christian,6:27
The New Life Community Choir,Jesus Is Real,The Essential John P. Kee,Christian,4:37
The New Life Community Choir,The Lord Is Able (feat. John P. Kee),Show Up! (feat. John P. Kee),Christian,4:17
The New Seekers,Free to Be...You and Me,Free to Be...You and Me,Children's Music,3:15
New Speer Family,The King Is Coming,A Singing Heritage,Christian,4:42
New York Philharmonic & Zubin Mehta,Symphony No. 5 in C-Sharp Minor: IV. Adagietto [Excerpt],40 Most Beautiful Orchestral Classics,Classical,7:25
New York Philharmonic & Zubin Mehta,"Symphony No. 2 in D Major, Op. 43: IV. Finale (Allegro moderato) [Excerpt]",40 Most Beautiful Orchestral Classics,Classical,4:11
"New York Philharmonic, Alan Gilbert, New York Choral Artists, Joseph Flummerfelt, Twyla Robinson, Alice Coote, Allan Clayton, Gerald Finley, Jennifer Johnston & Benjamin P. Wenzelberg","Elijah, Oratorio on Words of the Old Testament, Op. 70 : Aria (The Angel): O rest in the Lord",Release 5: Mendelssohn: Elijah,Classical,3:20
"New York Philharmonic, Alan Gilbert, New York Choral Artists, Joseph Flummerfelt, Twyla Robinson, Alice Coote, Allan Clayton, Gerald Finley, Jennifer Johnston & Benjamin P. Wenzelberg","Elijah, Oratorio on Words of the Old Testament, Op. 70 : Final Chorus: And then, then shall your light break forth",Release 5: Mendelssohn: Elijah,Classical,3:18
Newbeats,Bread and Butter,The Best of Newbeats,Pop,2:05
Newsboys,He Reigns,Adoration: The Worship Album,Christian,4:55
Newsboys,Something Beautiful,Go,Christian,3:51
"Nicholas Gedge, Oxford Schola Cantorum, Nicholas Ward & Northern Chamber Orchestra","Ich habe genug, BWV 82: Schlummert ein",50 of the Best: J.S. Bach,Classical,9:26
Nickelback,Savin' Me,All the Right Reasons,Rock,3:39
Nickelback,Far Away,All the Right Reasons,Rock,3:58
Nickelback,Rockstar,All the Right Reasons,Rock,4:15
Nightnoise,Night In That Land,Shadow of Time,New Age,3:16
"Niklas Eklund, Roy Goodman & Swedish Chamber Orchestra","Trumpet Concerto in E-Flat Major, Hob. VIIe:1: I. Allegro",50 of the Best: Haydn,Classical,6:45
"Niklas Eklund, Roy Goodman & Swedish Chamber Orchestra","Trumpet Concerto in E-Flat Major, Hob. VIIe:1: II. Andante cantabile",50 of the Best: Haydn,Classical,3:23
"Niklas Eklund, Roy Goodman & Swedish Chamber Orchestra","Trumpet Concerto in E-Flat Major, Hob. VIIe:1: III. Finale: Allegro",50 of the Best: Haydn,Classical,4:37
Nikolai Lugansky,"10 Preludes, Op. 23: No. 4 in D Major",40 Most Beautiful Piano Classics,Classical,4:37
Nikolai Lugansky,"10 Pieces from Romeo and Juliet, Op. 75: VI. Montagues and Capulets",40 Most Beautiful Piano Classics,Classical,3:58
Nikolai Lugansky,"10 Preludes, Op. 23: No. 5 in G Minor",40 Most Beautiful Piano Classics,Classical,3:48
Nikolai Rimsky-Korsakov,Flight of the Bumblebee,Flight of the Bumblebee - Single,Children's Music,1:20
Nina Simone,I Put a Spell On You,The Best of Nina Simone,Jazz,2:38
Nina Simone,I Wish I Knew How It Would Feel to Be Free,The Essential Nina Simone,Jazz,3:07
Nina Simone,Feeling Good,I Put a Spell On You,Jazz,2:58
Nina Simone,My Baby Just Cares for Me,Mood Indigo: The Complete Bethlehem Singles,Jazz,3:39
Nina Simone,In The Morning (Live),A Very Rare Evening (Live),Jazz,4:00
Nirvana,In Bloom,Nevermind (Remastered),Rock,4:15
Nirvana,Smells Like Teen Spirit,Nirvana,Alternative,5:01
Nirvana,Come As You Are,Nirvana,Alternative,3:39
Nirvana,Lithium,Nirvana,Alternative,4:15
Nitty Gritty Dirt Band,Mr. Bojangles,Certified Hits: Nitty Gritty Dirt Band,Rock,3:35
Nitty Gritty Dirt Band,Fishin' In the Dark,"More Great Dirt: The Best of the Nitty Gritty Dirt Band, Vol. 2",Country,3:23
Nitty Gritty Dirt Band,Keep On the Sunny Side,Will the Circle Be Unbroken,Country,4:27
Nitty Gritty Dirt Band,Tennessee Stud,Will the Circle Be Unbroken,Country,4:51
Nitty Gritty Dirt Band,I'm Thinking Tonight of My Blue Eyes,Will the Circle Be Unbroken,Country,4:26
Nitty Gritty Dirt Band,Wildwood Flower,Will the Circle Be Unbroken,Country,3:34
Nitty Gritty Dirt Band,Will the Circle Be Unbroken,Will the Circle Be Unbroken,Country,4:48
Nitty Gritty Dirt Band,Will the Circle Be Unbroken,"Will the Circle Be Unbroken, Vol. 2",Country,5:38
Noël Coward,World Weary,Coward Songs (Coward Songs: The Last British Recordings Made By Coward/World Weary: The Songs of Coward Sung By Harry Noble),Vocal,2:52
Noël Coward,Sail Away,Noël Coward in New York,Soundtrack,2:23
Noel Paul Stookey,Wedding Song (There Is Love),"The Very Best of Peter, Paul and Mary",Singer/Songwriter,3:48
Norah Jones,Don't Know Why,Come Away With Me,Singer/Songwriter,3:07
Norah Jones,Come Away with Me,Come Away with Me (Remastered),Pop,3:18
Norah Jones,Turn Me On,Come Away with Me (Remastered),Pop,2:35
Norah Jones,Sunrise,Feels Like Home,Singer/Songwriter,3:20
Norman Hutchins,The Answer Is On the Way,Don't Stop Praying,Christian,5:57
Norman Hutchins,God's Got a Blessing (with My Name on It!),The Essential Norman Hutchins,Christian,4:22
Norman Hutchins,God Is Faithful,God Is Faithful,Christian,3:39
Norman Hutchins,Emmanuel,God's Got a Blessing - JDI Celebrates 20 Years of Chart-Topping Hits,Christian,4:24
Norman Hutchins,Jesus I Love You,Nobody but You,Christian,7:23
The Norman Luboff Choir,My Old Kentucky Home,Songs of the South,Pop,3:08
"The Norman Luboff Choir, Doris Day & Paul Weston and His Orchestra",By the Light of the Silv'ry Moon,With a Smile and a Song,Vocal,2:50
Nour El Hoda,Aref Al Habib Mkanh Ftdla,Aref Al Habib Mkanh Ftdla - Single,Arabic,4:58
Nour el Houda,Yaoum Ala Yaoum (Day After Day),Lebanese Songs from the 50's - History of Arabic Song,Worldwide,5:42
Nour el Houda,Aldabka Haati Iidak (Give Me Your Hand to Dance Dabke),Lebanese Songs from the 50's - History of Arabic Song,Worldwide,6:01
Nour el Houda,Ala Oum Almanadiili (The Charm of Your Scarf),Lebanese Songs from the 50's - History of Arabic Song,Worldwide,3:33
Nürnberg Symphony Orchestra & Hanspeter Gmür,The Black Domino: Overture,Great Operetta Overtures,Classical,7:51
O.C. Smith,Brenda,Beach Music Classics & Love Songs,Hip-Hop/Rap,3:51
The O'Jays,Back Stabbers,Back Stabbers,R&B/Soul,3:06
The O'Jays,Love Train,Back Stabbers,R&B/Soul,2:58
The O'Jays,For the Love of Money,The Essential O'Jays,R&B/Soul,7:20
The O'Jays,I Love Music,The Essential O'Jays,R&B/Soul,6:50
The O'Jays,Use Ta Be My Girl,The Essential O'Jays,R&B/Soul,3:18
The O'Jays,Forever Mine,The Essential O'Jays,R&B/Soul,6:06
The O'Jays,Lovin' You,The Essential O'Jays,R&B/Soul,5:18
The O'Jays,Stairway to Heaven,The Ultimate O'Jays,R&B/Soul,6:17
The O'Neill Brothers Group,My Wild Irish Rose (Instrumental Version),Celtic Music on Strings,Traditional Folk,5:06
The O'Neill Brothers Group,Skye Boat (Instrumental Version),Celtic Music on Strings,Traditional Folk,4:43
The Oak Ridge Boys,I Know Who Holds Tomorrow,Early Gospel Recordings,Christian,2:10
The Oak Ridge Boys,Jesus Is Coming Soon,The Gospel Collection,Christian,2:43
The Oak Ridge Boys,I'm Working On a Building,The Gospel Collection,Christian,3:20
The Oak Ridge Boys,Elvira,20th Century Masters - The Millennium Collection: The Best of the Oak Ridge Boys,Country,2:41
The Oak Ridge Boys,Fancy Free,20th Century Masters - The Millennium Collection: The Best of the Oak Ridge Boys,Country,3:39
The Oak Ridge Boys,American Made,20th Century Masters - The Millennium Collection: The Best of the Oak Ridge Boys,Country,2:41
The Oak Ridge Boys,The Old Country Church,30 Gospel Greats,Christian,2:51
The Oak Ridge Boys,No One Cared So Much,30 Gospel Greats,Christian,2:40
Oasis,Wonderwall,Time Flies... 1994-2009,Alternative,4:20
Oasis,Champagne Supernova,Time Flies... 1994-2009,Alternative,7:33
Odetta,Joshua,Absolutely the Best - Odetta,Singer/Songwriter,1:51
Odetta,"This Little Light of Mine (Live at Flaum Auditorium, Rochester, NY)",Gonna Let It Shine: A Concert for the Holidays,Christmas,5:44
Odetta,Glory Glory,The Tradition Masters,Folk,2:10
Ohio Players,Love Rollercoaster,20th Century Masters - The Millennium Collection: The Best of Ohio Players,R&B/Soul,4:53
Ohio Players,Fire,20th Century Masters - The Millennium Collection: The Best of Ohio Players,Funk,4:32
Old Time Gospel Hour Quartet,Victory In Jesus,Hymns,Christian,3:25
Olga Guillot,Miénteme,Los 15 Grandes de Olga Guillot,Baladas y Boleros,3:05
Olga Guillot,Porque Tu Me Acostumbraste,Los 15 Grandes de Olga Guillot,Baladas y Boleros,3:34
Olga Guillot,Vete de Mi,Los 15 Grandes de Olga Guillot,Baladas y Boleros,3:33
Oliver,Jean,Lost Hits of the 60's,Rock,3:20
Oliver,Good Morning Starshine (Rerecorded),The Sunshine Collection - 18 Songs for a Sunny Day (Rerecorded Version),Rock,3:39
Olivia Newton-John,Magic (Remastered 2022),Olivia's Greatest Hits (Vol. 2 / Deluxe Edition / Remastered),Pop,4:33
Olivia Newton-John,Suddenly (feat. Cliff Richard) [Remastered 2022],Olivia's Greatest Hits (Vol. 2 / Deluxe Edition / Remastered),Pop,4:03
Olivia Newton-John,Xanadu (feat. Electric Light Orchestra) [Remastered 2022],Olivia's Greatest Hits (Vol. 2 / Deluxe Edition / Remastered),Pop,3:26
Onix Chamber Orchestra,"Brandenburg Concerto No. 4 in G Major, BWV 1049: I. Allegro",50 of the Best: J.S. Bach,Classical,7:13
Onix Chamber Orchestra,"Brandenburg Concerto No. 3 in G Major, BWV 1048: III. Allegro",50 of the Best: J.S. Bach,Classical,5:09
Original Cast,Sit Down You're Rockin' the Boat,Guys & Dolls,Pop,3:57
Orleans,Still the One,Dance With Me: The Best of Orleans,Rock,3:54
Orquesta América,"La Engañadora (feat. Felix Reina, Joseito Gonzalez & Richard Egües)",Cha Cha Chá,Música tropical,3:13
Orquesta Panamericana,Ya Yo Sé (feat. Ismael Rivera),Orquesta Panamericana,Baladas y Boleros,3:03
Oscar Brand,Rollin' Down the Mountain,Bawdy Songs and Back Room Ballads,Folk,1:51
Oscar Peterson Trio,Night Train,Night Train,Jazz,4:53
Oscar Peterson Trio,Hymn to Freedom,Night Train,Jazz,5:36
Otis Redding,White Christmas,A Classic Soul Christmas,Holiday,3:03
Otis Redding,I've Been Loving You Too Long,The Essentials: Otis Redding,R&B/Soul,2:57
Otis Redding,Try a Little Tenderness,The Essentials: Otis Redding,R&B/Soul,3:22
Otis Redding,Change Is Gonna Come,Otis Blue: Otis Redding Sings Soul,R&B/Soul,4:15
Otis Redding,Down In the Valley,Otis Blue/Otis Redding Sings Soul (Collector's Edition),R&B/Soul,2:58
Otis Redding,"Merry Christmas, Baby","R&B Christmas, Vol. 3 - EP",Holiday,2:36
Otis Redding,These Arms of Mine,The Very Best of Otis Redding,R&B/Soul,2:35
Otis Redding,Mr. Pitiful,The Very Best of Otis Redding,R&B/Soul,2:40
Otis Redding,Respect,The Very Best of Otis Redding,R&B/Soul,2:08
Otis Redding,(Sittin' On) The Dock of the Bay,The Very Best of Otis Redding,R&B/Soul,2:47
Ottmar Liebert,Barcelona Nights,Guitar Greats: The Best of New Flamenco,New Age,4:04
"Oxford Schola Cantorum, Jeremy Summerly & Northern Chamber Orchestra","Magnificat in D Major, BWV 243: I. Magnificat anima mea",50 of the Best: J.S. Bach,Classical,3:14
Ozzy Osbourne,No More Tears,No More Tears (Bonus Track Version),Hard Rock,7:25
Ozzy Osbourne,Crazy Train,Prince of Darkness,Metal,4:50
Ozzy Osbourne,Shot In the Dark,The Ultimate Sin,Metal,4:16
Pablo Cruise,I Go to Rio,Worlds Away,Pop,4:00
Pacho Galan y Su Orquesta,Ay Cosita Linda,Historia Musical de Pacho Galan,Música tropical,3:26
Pacho Galan y Su Orquesta,Boquita Sala,Historia Musical de Pacho Galan,Música tropical,2:43
Pacho Galan y Su Orquesta,Quiero Amanecer,Historia Musical de Pacho Galan,Música tropical,2:39
Pacho Galan y Su Orquesta,El Campeon,Historia Musical de Pacho Galan,Música tropical,2:33
Pacho Galan y Su Orquesta,Nubia,Historia Musical de Pacho Galan,Música tropical,3:31
Pacho Galan y Su Orquesta,Bombo y Maracas,Historia Musical de Pacho Galan,Música tropical,3:00
Pacho Galan y Su Orquesta,Fiesta de Cumbia,Historia Musical de Pacho Galan,Música tropical,2:58
Pacho Galan y Su Orquesta,Atlantico,Historia Musical de Pacho Galan,Música tropical,2:49
Paco Pérez,Luna de Xelaju,"Marimba, Fiesta y Folklore",Latin,6:18
Pam Carson,In This Very Room,"Father, I Thank You",Christian,4:00
Panama Brass,Calypsonian,Panamanian Music (1969),Calypso,2:32
The Parker Brothers,I'll Be Somewhere Listening for My Name,Traditional Black Gospel,Christian,2:36
Passion,Our God (feat. Chris Tomlin),Passion: Awakening,Christian,5:28
Pat Benatar,Heartbreaker (2005 Remaster),Greatest Hits,Rock,3:28
Pat Benatar,Hit Me With Your Best Shot (2002 Remaster),Greatest Hits,Rock,2:52
Pat Benatar,Treat Me Right (Single Version) [2005 Remaster],Greatest Hits,Rock,3:14
Pat Boone,Friendly Persuasion,The Gold Collection,Pop,3:08
Pat Boone,All I Do Is Dream of You,Howdy!,Pop,2:12
Pat Boone,I Almost Lost My Mind,Pat Boone's Greatest Hits,Vocal,2:39
Pat Boone,April Love,Pat Boone's Greatest Hits,Vocal,2:41
Pat Boone,It's Now Or Never,Sings Guess Who?,Pop,2:48
Pat Boone,Love Letters in the Sand (Rerecorded),The Sunshine Collection - 18 Songs for a Sunny Day (Rerecorded Version),Rock,2:16
Pat Boone,Ain't That a Shame (Rerecorded),The 1950's High School Prom: 18 Teenage Memories (Rerecorded Version),Rock,2:18
Patrice Roberts,Rock Me,Coconut Leaf Riddim - EP,Modern Dancehall,2:44
Patrice Roberts,One More Jam,One More Jam - Single,Worldwide,3:23
Patrick Swayze,She's Like the Wind (feat. Wendy Fraser),Dirty Dancing (Original Motion Picture Soundtrack),Soundtrack,3:53
Patsy Cline,Walkin' After Midnight,Patsy Cline's Greatest Hits,Country,1:59
Patsy Cline,Sweet Dreams (Of You),Patsy Cline's Greatest Hits,Country,2:34
Patsy Cline,Crazy,Patsy Cline's Greatest Hits,Country,2:43
Patsy Cline,I Fall To Pieces (feat. The Jordanaires),Patsy Cline's Greatest Hits,Country,2:48
Patsy Cline,She's Got You,Patsy Cline's Greatest Hits,Country,3:00
Patsy Cline,You Belong To Me (feat. The Jordanaires),Sweet Dreams: Her Complete Decca Masters (1960-1963),Country,3:03
Patsy Cline,Always (feat. The Jordanaires),The Very Best of Patsy Cline,Country,2:42
Patsy Montana & The Prairie Ramblers,I Want to Be a Cowboy's Sweetheart,"Columbia Country Classics, Vol. 1 - The Golden Age",Country,3:05
Patti Austin & James Ingram,"Baby, Come to Me","From Q, With Love",R&B/Soul,3:38
Patti LaBelle,Lady Marmalade,Best of Patti Labelle,R&B/Soul,3:55
Patti LaBelle,If Only You Knew,I'm in Love Again,R&B/Soul,4:45
Patti LaBelle,"Jesus, Oh What a Wonderful Child (feat. The Soul Seekers)",Miss Patti's Christmas,R&B/Soul,4:03
Patti Page,Tennessee Waltz,For Sentimental Reasons,Pop,2:29
Patti Page,Old Cape Cod,Golden Hits,Vocal,2:38
Patti Page,Mockin' Bird Hill,Golden Hits,Country,2:59
Patti Page,(How Much Is That) Doggie in the Window,Golden Hits,Country,2:30
Paul Anka,Times of Your Life,The Best of the United Artists Years 1973-1977,Pop,3:13
Paul Anka,Puppy Love,"Paul Anka Sings His Big 10, Vol. 2",Vocal,2:43
Paul Anka & Joe Sherman,Put Your Head On My Shoulder,Put Your Head On My Shoulder: The Very Best Of Paul Anka,Vocal,2:35
Paul Mauriat,Love Is Blue,60's Gold,Pop,2:32
Paul McCartney,Every Night,McCartney (2011 Remaster),Rock,2:35
Paul McCartney,Maybe I'm Amazed,Wingspan: Hits and History,Rock,3:51
Paul McCartney & Wings,Band On the Run,Wings Greatest,Rock,5:14
Paul Revere & The Raiders & Mark Lindsay,Kicks (feat. Mark Lindsay) [Single Version],Greatest Hits (Expanded Edition),Oldies,2:26
Paul Revere & The Raiders & Mark Lindsay,Hungry,Greatest Hits (Expanded Edition),Oldies,2:57
Paul Simon,Mother and Child Reunion,The Essential Paul Simon,Pop,3:10
Paul Simon,Kodachrome,The Essential Paul Simon,Pop,3:35
Paul Simon,50 Ways to Leave Your Lover,The Essential Paul Simon,Pop,3:38
Paul Simon,Still Crazy After All These Years,The Essential Paul Simon,Pop,3:26
Paul Simon,Diamonds On the Soles of Her Shoes,The Essential Paul Simon,Pop,5:51
Paul Simon,The Boy In the Bubble,Graceland,Singer/Songwriter,3:59
Paul Simon,Graceland,Graceland,Singer/Songwriter,4:51
Paul Simon,You Can Call Me Al,Graceland,Singer/Songwriter,4:41
Paul Wilbur,Lord God of Abraham,The Watchman,Christian,5:54
Paul Wilbur & Integrity's Hosanna! Music,For Your Name Is Holy / Let the Weight of Your Glory Fall (Reprise) [Live],Jerusalem Arise (Live),Christian,6:21
Paul Wilbur & Integrity's Hosanna! Music,"In Your Presence, O God (Live)",Shalom Jerusalem (Live),Folk,9:38
Paul Winter,Sunwheel,Winter Consort: Icarus,Jazz,4:41
Paula Abdul,Cold Hearted,Greatest Hits,Pop,3:37
Peabo Bryson,If Ever You're In My Arms Again,Straight from the Heart,Rock,4:15
Peabo Bryson,By the Time This Night Is Over,Through the Fire,R&B/Soul,4:46
Peabo Bryson & Roberta Flack,"Tonight, I Celebrate My Love","Bedroom Classics, Vol. 2",Rock,3:30
Peaches & Herb,Reunited (Single Version),Number 1's: '70s Pop,Vocal,3:57
Pearl Bailey,That's Life,The Real Pearl Bailey,Pop,2:40
Pearl Bailey,St. Louis Blues,St. Louis Blues,Classical,2:54
Pearl Bailey,Jingle Bells Cha Cha,"Won't You Come Home, Pearly Bailey?",Vocal Jazz,2:20
Pearl Bailey,Zing Went the Strings,"Won't You Come Home, Pearly Bailey?",Vocal Jazz,2:51
Pearl Jam,Daughter,Rearviewmirror: Greatest Hits 1991-2003,Alternative,3:56
Pearl Jam,Better Man,Rearviewmirror: Greatest Hits 1991-2003,Alternative,4:29
Pearl Jam,Even Flow,Ten,Rock,4:53
Pearl Jam,Alive,Ten,Rock,5:41
Pedro Infante,Amorcito Corazón,Pedro Infante: 15 Inmortales,Baladas y Boleros,3:02
Pedro Infante,Mi Cariñito,Pedro Infante: 15 Inmortales,Baladas y Boleros,2:41
Pedro Infante,Flor Sin Retoño,Pedro Infante: 15 Inmortales,Baladas y Boleros,3:09
Pedro Infante,Cien Años,50 Años Light,Música Mexicana,3:33
Pedro Infante,Pénjamo,60 Rancheras Inmortales,Música Mexicana,3:16
Pedro Infante,Cuándo Sale la Luna,60 Rancheras Inmortales,Música Mexicana,3:27
Pedro Infante,Cielito Lindo,"60 Rancheras Inmortales, Vol. 2",Música Mexicana,3:07
Peggy Lee,"Chi-Baba, Chi-Baba (My Bambino Go to Sleep)",The Best of Miss Peggy Lee,Pop,3:03
Peggy Lee,Manana (Is Soon Enough for Me),The Best of Miss Peggy Lee,Pop,2:59
Peggy Lee,Fever,The Best of Miss Peggy Lee,Pop,3:22
Peggy Lee,Is That All There Is?,The Best of Miss Peggy Lee,Pop,4:19
Peggy Lee,It's a Good Day,The Capitol Collectors Series: Peggy Lee,Vocal,2:52
Peggy Lee,On the Sunny Side of the Street,The Complete Recordings 1941-1947,Jazz,3:11
Peggy Wood,Climb Ev'ry Mountain,The Sound of Music (Original Motion Picture Soundtrack),Musicals,2:16
Peggy Wood,Climb Ev'ry Mountain,The Sound of Music (Original Motion Picture Soundtrack) [50th Anniversary Edition],Soundtrack,2:38
The Penguins,Earth Angel (Will You Be Mine) [No. 2],Best of the Penguins: The Mercury Years,Rock,2:51
Pentatonix,Hallelujah,A Pentatonix Christmas,Holiday,4:29
Percy Faith,Somewhere ('West Side Story'),The Golden Age of Light Music: Three Great American Light Orchestras,Classical,3:01
Percy Faith,"Theme from ""A Summer Place"" (Single Version)",Percy Faith's Greatest Hits,Easy Listening,2:25
Percy Sledge,When a Man Loves a Woman,The Ultimate Collection: When a Man Loves a Woman,R&B/Soul,2:50
Percy Sledge,You Really Got a Hold On Me,The Ultimate Collection: When a Man Loves a Woman,R&B/Soul,2:54
Pérez Prado and His Orchestra,Patricia,The Best of Perez Prado: The Original Mambo #5,Latin,2:21
Perry Como,God Rest Ye Merry Gentlemen (1953 Version),The Complete RCA Christmas Collection,Christmas: Classic,3:32
Perry Como,Ave Maria,Greatest Christmas Songs,Holiday,4:45
Perry Como,Til The End Of Time,Perry Como's Greatest Hits,Easy Listening,3:08
Perry Como,Some Enchanted Evening,Perry Como's Greatest Hits,Soundtrack,3:27
Perry Como,Surrender,Perry Como's Greatest Hits,Easy Listening,3:11
Perry Como,Catch a Falling Star (with Mitchell Ayres and His Orchestra & The Ray Charles Singers),Perry Como's Greatest Hits,Easy Listening,2:29
Perry Como,Magic Moments (with Mitchell Ayres and His Orchestra & The Ray Charles Singers),Perry Como's Greatest Hits,Easy Listening,2:41
Perry Como,Papa Loves Mambo,Perry Como's Greatest Hits,Easy Listening,2:42
Perry Como,It's Impossible,Perry Como's Greatest Hits,Easy Listening,3:17
Perry Como,And I Love You So,Perry Como's Greatest Hits,Pop,3:21
Perry Como & The Fontane Sisters,It's Beginning to Look a Lot Like Christmas (with Mitchell Ayres and His Orchestra),The Classic Christmas Album,Christmas: Classic,2:35
The Persuasions,I Could Never Love Another (After Loving You),"Man, Oh Man - The Power of Persuasion",Pop,3:32
Pete Seeger,John Henry,"American Favorite Ballads, Vol. 1",Singer/Songwriter,4:31
Pete Seeger,Skip to My Lou,"American Favorite Ballads, Vol. 1",Singer/Songwriter,3:12
Pete Seeger,Yankee Doodle,"American Favorite Ballads, Vol. 1",Singer/Songwriter,1:41
Pete Seeger,"Oh, Susanna","American Favorite Ballads, Vol. 1",Singer/Songwriter,1:18
Pete Seeger,I've Been Working On the Railroad,"American Favorite Ballads, Vol. 1",Singer/Songwriter,1:27
Pete Seeger,You Are My Sunshine,"American Favorite Ballads, Vol. 4",Singer/Songwriter,1:46
Pete Seeger,Clementine,"American Favorite Ballads, Vols. 1-5",Singer/Songwriter,3:08
Pete Seeger,She'll Be Coming Around the Mountain,"American Folk, Game & Activity Songs for Children",Children's Music,1:56
Peter & Gordon,A World Without Love,The Ultimate Peter and Gordon,Pop,2:41
Peter Cetera,"Glory of Love (Theme from ""the Karate Kid, Pt. II"")",Solitude / Solitaire,Rock,4:18
Peter Cetera & Amy Grant,The Next Time I Fall (With Amy Grant),Solitude / Solitaire,Rock,3:46
Peter Frampton,"Baby, I Love Your Way (Live)",Peter Frampton: Greatest Hits,Rock,4:49
Peter Frampton,I'm In You,Peter Frampton: Greatest Hits,Rock,4:09
Peter Frampton,Do You Feel Like We Do (Live) [Single Edit],"20 #1's Classic Rock, Vol. 3",Pop,7:18
Peter Gabriel,Sledgehammer,Shaking the Tree: Sixteen Golden Greats (Remastered),Rock,4:56
Peter Guth & Royal Philharmonic Orchestra,"Tales from the Vienna Woods, Op. 325 (Excerpt) [Featured in ""A Corny Concerto""]",Reader's Digest Music: Classical Tunes in Classic Cartoons,Classical,2:53
"Peter, Paul & Mary","O Come, O Come Emmanuel (with The New York Choral Society)",A Holiday Celebration with The New York Choral Society,Holiday,3:04
"Peter, Paul & Mary",If I Had a Hammer (Single Version),"The Very Best of Peter, Paul and Mary",Singer/Songwriter,2:01
"Peter, Paul & Mary",Where Have All the Flowers Gone,"The Very Best of Peter, Paul and Mary",Singer/Songwriter,3:57
"Peter, Paul & Mary","Puff, the Magic Dragon","The Very Best of Peter, Paul and Mary",Singer/Songwriter,3:29
"Peter, Paul & Mary",This Land Is Your Land,"The Very Best of Peter, Paul and Mary",Singer/Songwriter,2:28
"Peter, Paul & Mary",Blowin' In the Wind,"The Very Best of Peter, Paul and Mary",Singer/Songwriter,2:57
"Peter, Paul & Mary","Don't Think Twice, It's All Right","The Very Best of Peter, Paul and Mary",Singer/Songwriter,3:14
"Peter, Paul & Mary",Leaving On a Jet Plane,"The Very Best of Peter, Paul and Mary",Singer/Songwriter,3:28
Petri Alanko & Anssi Mattila,"Flute Sonata in E-Flat Major, BWV 1031: II. Siciliano",50 of the Best: J.S. Bach,Classical,2:04
Petula Clark,Downtown,Ultimate Petula Clark,Pop,3:08
Pharrell Williams,"Happy (From ""Despicable Me 2"")",G I R L,Pop,3:53
Phil Collins,In the Air Tonight,Face Value (Deluxe Edition),Rock,5:36
Phil Collins,Don't Let Him Steal Your Heart Away,Love Songs,Pop,4:47
Phil Collins,Against All Odds (Take a Look at Me Now),The Singles (Remastered),Rock,3:26
Phil Collins,One More Night,The Singles (Remastered),Rock,4:51
Phil Collins,Take Me Home,The Singles (Remastered),Rock,5:51
Phil Collins,You'll Be In My Heart,Tarzan (Original Motion Picture Soundtrack),Soundtrack,4:17
Phil Keaggy,Zee Blues,Jammed!,Christian,4:38
Phil Keaggy,"Jesu, Joy of Man's Desiring",Majesty & Wonder - An Instrumental Christmas,CCM,3:09
Phil Keaggy,Morning Light,Play Thru Me (remastered),Christian,3:32
Phil Keaggy,Let Everything Else Go,Town To Town (remastered),Christian,4:56
Phil Keaggy,The True Believers,True Believer,Christian,4:37
Phil Keaggy,What a Day,What a Day (40th Anniversary),Christian,4:49
Phil Phillips,Sea of Love (Rerecorded),Love Songs We Used to Share: Super 18 Hits (Rerecorded Version),Rock,2:23
The Pied Pipers,Dream - Single (2014 Remastered Version),Dream - Single,Standards,2:51
Pigmeat Markham,Here Comes the Judge,Here Come the Judge,Comedy,2:40
Pink Floyd,Money,The Dark Side of the Moon,Rock,6:20
Pink Floyd,"Another Brick In the Wall, Pt. 2",The Wall,Rock,3:59
Pink Floyd,Hey You,The Wall,Rock,4:40
Pink Floyd,Comfortably Numb,The Wall,Rock,6:22
Pink Floyd,Wish You Were Here,Wish You Were Here,Rock,5:38
Pinky Tomlin,He's A Curbstone Cutie,Country Boy (Remastered),Vocal,1:58
The Pipes & Drums of the Royal Tank Regiment,Scotland the Brave,The Complete Scottish Bagpipe Collection,Europe,2:38
Pitbull & Kesha,Timber,Global Warming: Meltdown (Deluxe Version),Pop,3:24
Plain White T's,Hey There Delilah,Every Second Counts,Pop,3:53
Planetshakers,Nothing Is Impossible (feat. Israel Houghton),Nothing Is Impossible,Christian,4:04
The Plastic Ono Band,Give Peace a Chance (2003 Mix),Give Peace a Chance (2003 Mix) - Single,Rock,4:51
The Platters,Only You (And You Alone),The Magic Touch Anthology,Vocal,2:37
The Platters,Smoke Gets In Your Eyes,The Magic Touch Anthology,Vocal,2:38
The Platters,The Great Pretender,20th Century Masters - The Millennium Series: The Best of The Platters (Remastered),R&B/Soul,2:42
The Platters,Twilight Time,20th Century Masters - The Millennium Series: The Best of The Platters (Remastered),R&B/Soul,2:48
The Platters,My Prayer,20th Century Masters - The Millennium Series: The Best of The Platters (Remastered),R&B/Soul,2:48
The Platters,(You've Got) The Magic Touch,20th Century Masters - The Millennium Series: The Best of The Platters (Remastered),R&B/Soul,2:31
The Platters,Enchanted,20th Century Masters - The Millennium Series: The Best of The Platters (Remastered),R&B/Soul,2:52
The Platters,With This Ring,22 Greatest Hits,Soul,2:44
Player,Baby Come Back,Best of Player,Rock,4:14
The Pointer Sisters,Slow Hand,The Best of the Pointer Sisters,Pop,3:52
The Pointer Sisters,Jump (For My Love),The Best of the Pointer Sisters,Pop,4:23
Poison,Every Rose Has It's Thorn,Poison's Greatest Hits 1986-1996,Hard Rock,4:18
The Police,Every Breath You Take,The Very Best of Sting & The Police,Rock,4:11
The Police,Every Little Thing She Does Is Magic,The Very Best of Sting & The Police,Rock,4:20
The Police,"De Do Do Do, De Da Da Da",The Very Best of Sting & The Police,Rock,4:07
The Police,Don't Stand So Close to Me,The Very Best of Sting & The Police,Rock,4:00
Polka,Red Head Polka,Polka - Like a Rose Polka - Polka Music,New Age,2:54
Polka Express,Klarinettenmuckl,"Heimatklänge, Vol. 1",German Folk,2:23
Polka Music Songs,Like A Rose Polka,Polka Music Songs,New Age,3:29
Poncho Sanchez,Bésame Mamá,Conga Blue (feat. Mongo Santamaria),Latin Jazz,6:33
Porter Wagoner,When I Lay My Burdens Down,Best of Grand Old Gospel 2008,Country,3:57
Porter Wagoner,When I Reach That City On the Hill,Best of Grand Old Gospel 2008,Country,2:41
Porter Wagoner,Misery Loves Company,The Essential Porter Wagoner,Country,2:35
Porter Wagoner,Sorrow On the Rocks,The Essential Porter Wagoner,Country,2:00
Porter Wagoner,"Green, Green Grass of Home",The Essential Porter Wagoner,Country,2:22
"Prague Chamber Orchestra, Zdeněk Košler, Bedrich Tylsar, Zdenek Tylsar, František Xaver Thuri & Václav Stoupa","Concerto for Two Horns and Strings in F Major, RV 538: III. Allegro non molto","Haydn, Vivaldi, Telemann: Concertos for 2 French Horns and Orchestra",Classical,3:11
Preservation Hall Jazz Band,Bourbon Street Parade,Songs of New Orleans,Jazz,8:08
Pretenders,Brass In Pocket,The Singles,Rock,3:06
Pretenders,Back On the Chain Gang,The Singles,Rock,3:52
Pretenders,Don't Get Me Wrong,The Singles,Rock,3:49
Prince,When Doves Cry,Purple Rain,Pop,5:53
Prince,1999,1999 (2019 Remaster),R&B/Soul,6:14
Prince,Little Red Corvette,1999 (2019 Remaster),R&B/Soul,5:04
Prince & The Revolution,Purple Rain,Purple Rain,Pop,8:41
Priscilla Lopez & A Chorus Line Ensemble,What I Did for Love,A Chorus Line - 40th Anniversary Celebration (Original Broadway Cast Recording),Soundtrack,3:46
Pure Prairie League,Amie,Pure Prairie League: Greatest Hits,Rock,4:21
Queen,Bohemian Rhapsody,"Greatest Hits I, II & III: The Platinum Collection",Rock,5:55
Queen,You're My Best Friend,"Greatest Hits I, II & III: The Platinum Collection",Rock,2:53
Queen,Crazy Little Thing Called Love,"Greatest Hits I, II & III: The Platinum Collection",Rock,2:45
Queen,We Will Rock You,"Greatest Hits I, II & III: The Platinum Collection",Rock,2:02
Queen,We Are the Champions,"Greatest Hits I, II & III: The Platinum Collection",Rock,3:00
Queen,Radio Ga Ga,"Greatest Hits I, II & III: The Platinum Collection",Rock,5:43
Queen,I'm In Love With My Car,A Night at the Opera (Deluxe Edition),Rock,3:05
Queen,Another One Bites the Dust,"The Platinum Collection (Greatest Hits I, II & III)",Rock,3:35
Queen & David Bowie,Under Pressure,Best of Bowie,Pop,3:58
Quincy Jones,Tuxedo Junction,"The ABC, Mercury Jazz Big Band Sessions",Jazz,2:46
Quincy Jones,Birdland,Back On the Block,Jazz,5:34
Quincy Jones,Soul Bossa Nova,Big Band Bossa Nova,Jazz,2:47
Quincy Jones,Sanford and Son Theme (The Streetbeater),20th Century Masters - The Millennium Collection: The Best of Quincy Jones,Jazz,3:08
Quincy Jones,Just Once,20th Century Masters - The Millennium Collection: The Best of Quincy Jones,Jazz,4:34
Quincy Jones & James Ingram,One Hundred Ways,20th Century Masters - The Millennium Collection: The Best of Quincy Jones,Jazz,4:21
Quvenzhané Wallis,Tomorrow,Annie (Original Motion Picture Soundtrack),Soundtrack,2:33
R.E.M.,It's the End of the World As We Know It (And I Feel Fine),Eponymous,Rock,4:06
R.E.M.,Man on the Moon,In Time: The Best of R.E.M. 1988-2003,Alternative,5:14
R.E.M.,Losing My Religion,In Time: The Best of R.E.M. 1988-2003,Alternative,4:29
R.J. Smith,Memories,Memories - Single,Folk,2:35
Rae Allen & Damn Yankees Ensemble (Film),"Shoeless Joe from Hannibal, Mo.",Damn Yankees (Original Motion Picture Soundtrack Recording),Soundtrack,3:20
Rag Time,The Entertainer (from The Sting),Music for Silent Movies,Vocal,4:38
Ragtime Jazz Band,Frog Legs Rag,Ragtime Hits - the Best of James Scott,Jazz,2:38
The Raiders,Indian Reservation (The Lament of the Cherokee Reservation Indian),Indian Reservation,Pop,2:52
Ralph Stanley,Little Maggie,The Very Best of Ralph Stanley,Country,2:46
Ralph Stanley,Man of Constant Sorrow,The Very Best of Ralph Stanley,Country,2:52
Ralph Stanley,Clinch Mountain Backstep,The Very Best of Ralph Stanley,Country,2:21
Ralph Stanley,Rank Stranger,The Very Best of Ralph Stanley,Country,2:42
Ralph Stanley,Pretty Polly,The Very Best of Ralph Stanley,Country,3:36
Ralph Stanley,Oh Death,The Very Best of Ralph Stanley,Country,3:00
Ralph Stanley & The Clinch Mountain Boys,Cripple Creek,Ralph Stanley & the Clinch Mountain Boys: 1971-1973,Bluegrass,3:00
Ralph Stanley & The Clinch Mountain Boys,Cluck Old Hen,Ralph Stanley & the Clinch Mountain Boys: 1971-1973,Bluegrass,2:47
The Rambos,He Looked Beyond My Fault,The Very Best Of,Christian,3:16
The Rance Allen Group,Just My Imagination (Just My Salvation),The Best of the Rance Allen Group,Jazz,3:19
The Rance Allen Group,Something About the Name Jesus feat. Kirk Franklin (Producer's Remix),Celebrate,Gospel,7:30
The Rance Allen Group,Miracle Worker (feat. Fred Hammond) [Live],The Live Experience,Christian,7:31
Randy Newman,Sail Away,Sail Away (Bonus Tracks Version) [2002 Remaster],Pop,2:53
Randy Newman,You Can Leave Your Hat On,Sail Away (Bonus Tracks Version) [2002 Remaster],Pop,3:18
Randy Newman,You've Got a Friend In Me,Toy Story (An Original Walt Disney Records Soundtrack),Musicals,2:04
Randy Travis,Are You Washed In the Blood?,"Glory Train, Songs of Faith, Worship & Praise",Christian,3:09
Randy Travis,Blessed Assurance,Hymns: 17 Timeless Songs of Faith,Contemporary Jazz,3:34
Randy Travis,How Great Thou Art,Hymns: 17 Timeless Songs of Faith,Contemporary Jazz,4:34
Randy Travis,In the Garden,Hymns: 17 Timeless Songs of Faith,Contemporary Jazz,3:21
Randy Travis,Softly and Tenderly,Hymns: 17 Timeless Songs of Faith,Contemporary Jazz,3:20
Randy Travis,Nothing but the Blood,Hymns: 17 Timeless Songs of Faith,Contemporary Jazz,2:33
Randy Travis,Shall We Gather At the River?,Hymns: 17 Timeless Songs of Faith,Contemporary Jazz,3:15
Randy Travis,"O, How I Love Jesus",Hymns: 17 Timeless Songs of Faith,Contemporary Jazz,2:46
Randy Travis,I'll Fly Away,Hymns: 17 Timeless Songs of Faith,Contemporary Jazz,2:59
Randy Travis,Peace In the Valley,Hymns: 17 Timeless Songs of Faith,Contemporary Jazz,3:58
Randy Travis,The Unclouded Day,Hymns: 17 Timeless Songs of Faith,Contemporary Jazz,2:57
Randy Travis,Room At the Cross for You,Hymns: 17 Timeless Songs of Faith,Contemporary Jazz,1:28
Randy Travis,Precious Memories,Hymns: 17 Timeless Songs of Faith,Contemporary Jazz,4:13
Randy Travis,He's Got the Whole World In His Hands,Hymns: 17 Timeless Songs of Faith,Contemporary Jazz,2:19
Randy Travis,Since Jesus Came Into My Heart,Hymns: 17 Timeless Songs of Faith,Contemporary Jazz,3:23
Randy Travis,Are You Washed In the Blood?,Hymns: 17 Timeless Songs of Faith,Contemporary Jazz,3:09
Randy Travis,"Precious Lord, Take My Hand",Hymns: 17 Timeless Songs of Faith,Contemporary Jazz,3:21
Randy Travis,Just a Closer Walk With Thee,Hymns: 17 Timeless Songs of Faith,Contemporary Jazz,4:37
Randy Travis,Diggin' Up Bones,I Told You So: The Ultimate Hits of Randy Travis,Country,2:59
Randy Travis,"Forever and Ever, Amen",I Told You So: The Ultimate Hits of Randy Travis,Country,3:33
Randy Travis,Deeper Than the Holler,I Told You So: The Ultimate Hits of Randy Travis,Country,3:39
Randy Travis,He's Got the Whole World In His Hands,Three Wooden Crosses: The Inspirational Hits of Randy Travis,Gospel,2:19
Randy Travis,"He's My Rock, My Sword, My Shield",Worship & Faith,Contemporary Country,2:30
Randy Travis,Just a Closer Walk with Thee,Worship & Faith,Contemporary Country,4:37
Randy Travis,Shall We Gather at the River?,Worship & Faith,Contemporary Country,3:15
Randy Travis,Sweet By and By,Worship & Faith,Contemporary Country,2:27
Randy Travis,Blessed Assurance,Worship & Faith,Contemporary Country,3:34
Randy Travis,Will the Circle Be Unbroken?,Worship & Faith,Contemporary Country,3:08
Rascal Flatts,Bless the Broken Road,Feels Like Today,Country,3:47
Rascal Flatts,Fast Cars and Freedom,"Greatest Hits, Vol. 1 (Remastered)",Country,4:22
Rascal Flatts,Life Is a Highway,"Greatest Hits, Vol. 1 (Remastered)",Country,4:36
Rascal Flatts,What Hurts the Most,Me and My Gang (Bonus Track Version),Pop,3:34
Rascal Flatts,I Won't Let Go,Nothing Like This,Country,3:48
The Rascals,People Got to Be Free (Single Version),Essentials: The Rascals,Rock,2:59
The Rascals,A Beautiful Morning,Time Peace: The Rascals' Greatest Hits,Rock,2:32
Raspberries,Go All the Way,Raspberries,Rock,3:22
Ray Barreto,El Negro y Ray,"El Poder de la Salsa, Vol. 1",Música tropical,5:54
Ray Barretto,A Deeper Shade Of Soul,Acid,Música tropical,2:48
Ray Barretto,Arrepiéntete,Greatest Hits,Música tropical,5:16
Ray Charles,"What'd I Say, Pts. I & 2",The Best of Ray Charles: The Atlantic Years,R&B/Soul,5:07
Ray Charles,Night Time Is the Right Time,The Best of Ray Charles: The Atlantic Years,R&B/Soul,3:20
Ray Charles,Come Rain or Come Shine,The Genius of Ray Charles,R&B/Soul,3:41
Ray Charles,Georgia On My Mind,"Greatest Hits of 1960, Vol. 15",Pop,3:38
Ray Charles,Hit The Road Jack,It's All In The Name - The Boys,Vocal,1:59
Ray Charles,I Can't Stop Loving You,"Modern Sounds In Country and Western Music, Vols 1 & 2",R&B/Soul,4:16
Ray Charles,You Don’t Know Me,"Modern Sounds In Country and Western Music, Vols. 1 & 2",R&B/Soul,3:18
Ray Charles,Hornful Soul,Pure Genius: The Complete Atlantic Recordings (1952-1959) [Remastered],R&B/Soul,5:28
Ray Charles,I Got a Woman,Ray Charles,R&B/Soul,2:51
Ray Charles & Diana Krall,You Don't Know Me,Genius Loves Company,Jazz,3:55
Ray Conniff,O Tannenbaum,Here We Come A-Caroling,Christmas: Classic,2:09
Ray Conniff,"Somewhere, My Love (Lara's Theme from ""Doctor Zhivago"")","Somewhere My Love (Love Theme from ""Dr. Zhivago"") And Other Great Hits",Vocal,2:29
Ray Fulcher,Anything Like You Dance,Somebody Like Me - EP,Country,3:19
Ray Price,Make the World Go Away,Burning Memories,Country,2:33
Ray Price,Release Me,The Essential Ray Price,Country,2:41
Ray Price,Crazy Arms,The Essential Ray Price 1951-1962,Country,2:32
Ray Price,Heartaches By the Number,The Essential Ray Price 1951-1962,Country,2:57
Ray Stevens,Everything Is Beautiful,Box Set,Country,3:37
Reba McEntire,Turn On the Radio,All the Women I Am,Country,3:35
Reba McEntire,Jesus Loves Me,My Chains Are Gone,Country,2:05
Reba McEntire,How Blue,Reba #1's,Country,2:42
Reba McEntire,Fancy,"Reba McEntire: Greatest Hits, Vol. 2",Pop,4:58
Reba McEntire,Just a Little Love,Reba McEntire's Greatest Hits,Country,4:06
Reba McEntire,Little Rock,50 Greatest Hits,Country,3:07
Reba McEntire,The Night the Lights Went Out In Georgia,50 Greatest Hits,Country,4:16
Rebecca St. James,I Thank You,The Ultimate Collection: Rebecca St. James,CCM,3:46
Renato Carosone,Tu Vuò Fà L'americano,Made in Italy: Renato Carosone,Europe,3:29
Renee Baughman & Don Percassi,Sing!,A Chorus Line - 40th Anniversary Celebration (Original Broadway Cast Recording),Soundtrack,1:53
"Renée Fleming, BBC Concert Orchestra & Rob Fisher","Till There Was You (From ""The Music Man"")",Broadway,Classical,3:27
"Renée Fleming, Sir Charles Mackerras & London Philharmonic Orchestra","Gianni Schicchi: ""O mio babbino caro""",Renée Fleming: By Request,Classical,2:50
REO Speedwagon,Can't Fight This Feeling,The Hits,Rock,4:54
Rev. James Cleveland,Where Is Your Faith In God,A-Men Golden Gospel Greats,Christian,5:38
Rev. James Cleveland,God Has Smiled On Me,God Has Smiled On Me,Christian,4:37
Rev. James Cleveland,Something's Got a Hold On Me,Golden Gospel Classics,Christian,4:19
Rev. James Cleveland,Get Right Church,Golden Gospel Classics,Christian,4:00
Rev. James Cleveland,Lord Help Me To Hold Out (feat. Harold Smith & The Majestics),The King of Gospel Music,Christian,5:22
Rev. James Cleveland,Lord Do It,Platinum Gospel - Rev. James Cleveland,Christian,5:26
Rev. James Cleveland,I Don't Feel Noways Tired,Sings With the World's Greates Choirs 20th Anniversary Album,Christian,6:41
Rev. James Cleveland,"We Serve a God, A Mighty Good God",Sings With the World's Greatest Choirs,Christian,3:13
Rev. James Cleveland,Down By the Riverside,The Soul of James Cleveland,Christian,2:50
Rev. James Cleveland & The Angelic Choir,Peace Be Still,Peace Be Still (Live),Christian,6:07
Rev. James Cleveland & The Cleveland Singers,Good Enough for Me,Gospel Music Anthology: James Cleveland & The Cleveland Singers (Remastered),Christian,2:21
Rev. Milton Brunson & The Thompson Community Singers,I'm Available To You,Available To You,Gospel,6:20
Rev. Milton Brunson & The Thompson Community Singers,Safe In His Arms,The Ultimate Collection,Christian,4:55
Rev. Paul Jones,I Won't Complain,I Won't Complain,Christian,4:53
Rev. Timothy Wright,Who's On the Lord's Side,The Godfather of Gospel,Christian,7:34
Rev. Timothy Wright,Trouble Don't Last Always,The Godfather of Gospel,Christian,6:25
Rev. Timothy Wright & The New York Fellowship Mass Choir II,For the Rest of My Life (I'll Serve Him) [Live],Live In New York,Christian,4:58
Revival,I Went Down to the River to Pray (feat. Janet Knapp),Never Going Back,Inspirational,3:00
"Richard ""Dimples"" Fields",If It Ain't One Thing...It's Another,If It Ain't One Thing...It's Another - Single,Funk,6:58
Richard Burton,Camelot,Camelot (Original 1960 Broadway Cast Recording),Soundtrack,2:30
Richard Canavan,"Bagatelle in A Minor, WoO 59 ""Für Elise""",Classical Piano Chillout,Classical,3:11
Richard Harris,MacArthur Park (Edit),MacArthur Park (Edit) - Single,Vocal,5:34
Richard Hayman & The Richard Hayman Orchestra,Always (I'll Be Loving You),Melodies Of Love,Classical,3:24
Richard Smallwood,Total Praise (with Vision),Richard Smallwood With Vision - The Praise & Worship Songs of Richard Smallwood,Christian,4:59
Rick Astley,Cry for Help,Free,Pop,4:52
Rick Astley,She Wants To Dance With Me,Hold Me in Your Arms,Pop,3:16
Rick Astley,Never Gonna Give You Up,Whenever You Need Somebody,Pop,3:34
Rick Astley,Together Forever,Whenever You Need Somebody,Pop,3:26
Rick James,Super Freak,20th Century Masters - The Millennium Collection: The Best of Rick James,R&B/Soul,3:25
Rick Nelson,Poor Little Fool,Greatest Hits,Pop,2:32
Rick Nelson,Lonesome Town,Greatest Hits,Pop,2:13
Rick Nelson,Travelin' Man,Greatest Hits,Pop,2:22
Rick Nelson,Hello Mary Lou,Greatest Hits,Pop,2:18
rick pickren,Old New Hampshire,The State Songs Volume Three,Singer/Songwriter,2:23
Rick Springfield,Jessie's Girl,The Best of Rick Springfield,Hard Rock,3:13
Ricky Martin,Livin' la Vida Loca,Ricky Martin,Pop,4:03
Ricky Nelson,I Will Follow You,For Your Sweet Love,Pop,2:26
Ricky Skaggs & The Whites,Near the Cross,Salt of the Earth,Country,3:57
The Righteous Brothers,Rock and Roll Heaven,Righteous Brothers: The Definitive Collection,R&B/Soul,3:32
The Righteous Brothers,You've Lost That Lovin' Feelin',The Very Best of the Righteous Brothers - Unchained Melody,Pop,3:45
The Righteous Brothers,Unchained Melody,The Very Best of the Righteous Brothers - Unchained Melody,Pop,3:36
The Righteous Brothers,You're My Soul and Inspiration,The Very Best of the Righteous Brothers - Unchained Melody,Pop,3:21
Rihanna,We Found Love (feat. Calvin Harris),Talk That Talk (Deluxe),Pop,3:35
Rihanna,Diamonds,Unapologetic,Pop,3:45
Rihanna,Stay (feat. Mikky Ekko),Unapologetic,Pop,4:01
The Rip Chords,Hey Little Cobra (Single Version),The Best of the Rip Chords,Pop,1:59
Ritchie Valens,La Bamba,The Best of Ritchie Valens,Rock,2:09
Ritchie Valens,We Belong Together,The Best of Ritchie Valens,Rock,1:57
Robbie Dupree,Steal Away (Remastered),Robbie Dupree,Soft Rock,3:34
Robert Alda,My Time of Day (Remastered 2000),Guys & Dolls (Remastered) [Bonus Tracks],Pop,1:57
Robert Goulet,If Ever I Would Leave You,Camelot (Original 1960 Broadway Cast Recording),Soundtrack,3:11
"Robert Hill, Helmut Müller-Brühl & Kölner Kammerorchester","Harpsichord Concerto in D Minor, BWV 1052: I. Allegro",50 of the Best: J.S. Bach,Classical,7:50
"Robert Hill, Nadja Schubert, Eva Morsbach, Helmut Müller-Brühl & Kölner Kammerorchester","Harpsichord Concerto No. 6 in F Major, BWV 1057: I. Allegro",50 of the Best: J.S. Bach,Classical,6:36
Robert Palmer,Simply Irresistible,Heavy Nova,Rock,4:15
Robert Palmer,Addicted to Love,Riptide,Rock,6:04
Robert Palmer,"Bad Case of Loving You (Doctor, Doctor)",20th Century Masters - The Millennium Collection: The Best of Robert Palmer,Rock,3:13
Robert Preston & Original Broadway Cast of 'The Music Man',Seventy Six Trombones,The Music Man (Original Broadway Cast),Musicals,3:01
Robert Shaw & Atlanta Symphony Orchestra,"Elijah, Op. 70, MWV A 25: Lift Thine Eyes to the Mountains",Choral Masterpieces,Classical,1:53
Robert Shaw & Atlanta Symphony Orchestra,"Elijah, Op. 70, MWV A 25: He Watching Over Israel",Choral Masterpieces,Classical,3:52
Roberta Flack,Killing Me Softly With His Song,Killing Me Softly,Pop,4:47
Roberta Flack,The First Time Ever I Saw Your Face,The Very Best of Roberta Flack,R&B/Soul,5:19
Roberto Carlos,Ese Tipo Soy Yo (Esse Cara Sou Eu),Ese Tipo Soy Yo - EP,Latin,4:33
Roberto Carlos,Un Gato en la Oscuridad (Un Gato en Blu),"Linea Azul, Vol. I - La Distancia",Pop Latino,4:04
Roberto Carlos,Mi Cacharrito (Road Hog),"Línea Azul: El Día Que Me Quieras, Vol. 2",Latin,2:29
Roberto Carlos,Amigo,Sólo Éxitos,Pop Latino,3:27
Roberto Carlos,La Distancia,Sólo Éxitos,Pop Latino,4:24
Roberto Carlos,Un Millón de Amigos,Sólo Éxitos,Pop Latino,4:20
Roberto Ledesma,Con Mi Corazon Te Espero,Cuatro Grandes del Bolero,Baladas y Boleros,2:58
Roberto Ledesma,Noche de Ronda,Cuatro Grandes del Bolero,Baladas y Boleros,4:13
Roberto Ledesma,Se Me Olvido Tu Nombre,Las Voces Románticas de Cuba,Baladas y Boleros,2:45
Roberto Torres,Mamá Inés,Clásicos de la Música Cubana de Eliseo Grenet,Cuban,3:46
Robin Alciatore,Schubert: Serenade,A Passion For Piano - Volume 1,Classical,6:21
Robin Lamont & Company,Day by Day,Godspell - A Musical Based Upon the Gospel According to St. Matthew (Original 1971 Cherry Lane Theater Cast),Soundtrack,3:14
The Robins,Smokey Joe's Cafe,Smokey Joe's Cafe (Remastered) - Single,Pop,2:46
Rod Stewart,Time After Time,"As Time Goes By - The Great American Songbook, Vol. II",Pop,2:59
Rod Stewart,As Time Goes By (feat. Queen Latifah),"As Time Goes By - The Great American Songbook, Vol. II",Pop,3:49
Rod Stewart,Someone to Watch Over Me,The Best Of... The Great American Songbook,Pop,3:32
Rod Stewart,They Can't Take That Away From Me,The Complete Great American Songbook,Pop,3:26
Rod Stewart,The Way You Look Tonight,The Complete Great American Songbook,Pop,3:49
Rod Stewart,It Had To Be You,The Complete Great American Songbook,Pop,3:25
Rod Stewart,The Very Thought Of You,The Complete Great American Songbook,Pop,3:20
Rod Stewart,I'll Be Seeing You,The Complete Great American Songbook,Pop,3:51
Rod Stewart,Don't Get Around Much Anymore,The Complete Great American Songbook,Pop,2:48
Rod Stewart,I Only Have Eyes For You,The Complete Great American Songbook,Pop,3:06
Rod Stewart,What A Wonderful World (feat. Stevie Wonder),The Complete Great American Songbook,Pop,4:28
Rod Stewart,I've Got My Love To Keep Me Warm,The Complete Great American Songbook,Pop,3:09
Rod Stewart,Let's Fall In Love (feat. George Benson),The Complete Great American Songbook,Pop,3:12
Rod Stewart,Tonight's the Night (Gonna Be Alright) [2008 Remaster],The Definitive Rod Stewart,Pop,3:57
Rod Stewart,Young Turks (2008 Remaster),The Definitive Rod Stewart,Pop,5:02
Rod Stewart,Forever Young (2008 Remaster),The Definitive Rod Stewart,Pop,4:06
Rod Stewart,Downtown Train (2008 Remaster),The Definitive Rod Stewart,Pop,4:40
Rod Stewart,Maggie May,Every Picture Tells a Story,Rock,5:55
Rod Stewart,(Find A) Reason To Believe,Every Picture Tells a Story,Rock,4:06
Rod Stewart,Broken Arrow,If We Fall In Love Tonight,Pop,4:21
Rod Stewart,Isn't It Romantic,Stardust...The Great American Songbook III,Pop,3:51
Rod Stewart,Have I Told You Lately,Vagabond Heart,Rock,4:02
Rodney Miller's New England Dance Band,Rosin the Bow / Waltz for Jane (medley),Choose Your Partners: Contra Dance and Square Dance Music of New Hampshire,Singer/Songwriter,4:11
Roger Miller,Dang Me (Single Version),All Time Greatest Hits,Country,1:50
Roger Miller,England Swings (Single Version),All Time Greatest Hits,Country,1:54
Roger Miller,King of the Road,20th Century Masters - The Millennium Collection: The Best of Roger Miller,Country,2:25
Roger Whittaker,The Holly and the Ivy,The Christmas Song,Christmas,3:13
Roger Whittaker & Roland Shaw and His Orchestra,The Last Farewell,Greatest Hits,Vocal,3:58
Roger Williams,Till,The Greatest Popular Pianist / The Artist's Choice,Jazz,3:01
Roger Williams,Autumn Leaves,Roger Williams' Greatest Hits,New Age,3:02
The Rolling Stones,Sympathy for the Devil,Beggars Banquet,Rock,6:18
The Rolling Stones,Out Of Time (Edit Version),Flowers,Rock,3:43
The Rolling Stones,(I Can't Get No) Satisfaction (Mono),Hot Rocks 1964-1971,Rock,3:45
The Rolling Stones,Get Off of My Cloud (Mono),Hot Rocks 1964-1971,Rock,2:56
The Rolling Stones,Paint It Black,Hot Rocks 1964-1971,Rock,3:25
The Rolling Stones,Under My Thumb,Hot Rocks 1964-1971,Rock,3:44
The Rolling Stones,Jumpin' Jack Flash,Hot Rocks 1964-1971,Rock,3:44
The Rolling Stones,Honky Tonk Women,Hot Rocks 1964-1971,Rock,3:02
The Rolling Stones,You Can't Always Get What You Want,Hot Rocks 1964-1971,Rock,7:29
The Rolling Stones,Wild Horses,Hot Rocks 1964-1971,Rock,5:43
The Rolling Stones,Gimme Shelter,Let It Bleed (50th Anniversary Edition),Rock,4:31
The Rolling Stones,Angie,Made In the Shade (Remastered),Rock,4:31
The Rolling Stones,Poison Ivy (Version 1),More Hot Rocks (Big Hits & Fazed Cookies),Rock,2:37
The Rolling Stones,The Spider and the Fly,Out of Our Heads,Rock,3:40
The Rolling Stones,Miss You,Some Girls (Remastered 2011),Rock,4:49
The Rolling Stones,Beast Of Burden,Some Girls (Remastered 2011),Rock,4:25
The Rolling Stones,Brown Sugar,Sticky Fingers (2015 Remaster),Rock,3:49
The Rolling Stones,Start Me Up,Tattoo You,Rock,3:33
Romantic Guitar Master,Mexican Fiesta Dance Music,Best of Relaxing Latin Spa Guitar & Piano - Soft Acoustic Instrumental Background Music,Easy Listening,4:37
The Ronettes,Be My Baby,Be My Baby: The Very Best of The Ronettes,Christmas: Classic,2:41
The Ronettes,Sleigh Ride,A Christmas Gift For You From Phil Spector,Christmas: Classic,3:06
Ronnie Milsap,Smoky Mountain Rain,The Best of Ronnie Milsap,Country,3:43
Ronnie Milsap,I Wouldn't Have Missed It For the World,The Best of Ronnie Milsap,Country,3:38
Ronny & The Daytonas,G.T.O.,G.T.O. - Best of the Mala Recordings,Pop,2:29
The Rooftop Singers,Walk Right In,The Best of the Rooftop Singers,Singer/Songwriter,2:37
"Roselli, Jimmy",Catena,Love N Naples,Pop,3:37
"Roselli, Jimmy",Innamorata,Love N Naples,Pop,3:15
"Roselli, Jimmy",Scapricciatiello,Love N Naples,Pop,4:00
"Roselli, Jimmy",Russe E’ Maggio,Love N Naples,Pop,3:12
Rosemary Clooney,Half As Much,Big Hits of the Fifties,Pop,2:47
Rosemary Clooney,Come On-a My House (Single Version),The Essential Rosemary Clooney,Vocal,1:57
Rosemary Clooney,Hey There (Single Version),The Essential Rosemary Clooney,Vocal,2:58
Rosemary Clooney,Tenderly (Single Version),The Essential Rosemary Clooney,Vocal,3:28
Rosemary Clooney,Sisters (with Betty Clooney & Paul Weston and His Orchestra),"Irving Berlin's ""White Christmas""",Pop,2:45
Rosemary Clooney,It's De-Lovely,Sings the Music of Cole Porter,Vocal,3:09
Rosemary Clooney,"Oh, You Beautiful Doll",Tenderly - EP,Jazz,2:48
Rosemary Clooney & Bing Crosby,Isle of Capri,Fancy Meeting You Here (Remastered),Jazz,2:41
Rosie & The Originals,Angel Baby (Remastered),Angel Baby (Remastered) - Single,Pop,2:50
Roy Acuff,Wabash Cannon Ball,Roy Acuff's Greatest Hits,Country,2:35
Roy Orbison,Dream Baby (How Long Must I Dream),The Essential Roy Orbison,Oldies,2:34
Roy Orbison,"Oh, Pretty Woman",The Essential Roy Orbison,Country,2:57
Roy Orbison,I Drove All Night,The Essential Roy Orbison,Rock,3:47
Roy Orbison,Only the Lonely,Lonely and Blue,Rock,2:28
Roy Orbison,You Got It,Mystery Girl (Bonus Track Version),Rock,3:30
Roy Orbison,In Dreams,The Ultimate Collection,Rock,2:50
Roy Rogers,Happy Trails,Les troubadours du western (Les 50 plus grands succès country),Country,2:59
Royal Concertgebouw Orchestra & Antal Doráti,Má Vlast (My Country): II. Vltava (The Moldau),50 Classical Music Favorites,Classical,2:58
Royal Concertgebouw Orchestra & Leonard Bernstein,Symphony No. 9 in D: IV. Adagio (Sehr langsam),Mahler: The Symphonies,Classical,29:43:00
"Royal Philharmonic Orchestra, Steven Mercurio & Sting","If I Ever Lose My Faith In You (Live at the O2 World, Berlin, September 21, 2010)",Live In Berlin,Pop,4:46
"Royal Philharmonic Orchestra, Steven Mercurio & Sting","Shape of My Heart (Live at the O2 World, Berlin, September 21, 2010)",Live In Berlin,Pop,4:50
Ruben Blades,El Cantante,Greatest Hits,Música tropical,6:19
Ruben Blades & Willie Colón,Ligia Elena,Greatest Hits,Música tropical,5:58
Ruby & The Romantics,Our Day Will Come (Single Version),Our Day Will Come: The Very Best of Ruby and the Romantics,Pop,2:31
Rudi Schuricke,Einmal Wirst Du Wieder Bei Mir Sein,The German Song / German Charts of 40's / Recordings 1940-1949,Worldwide,3:09
Rudolf Buchbinder,"Piano Sonata No. 14 in C-Sharp Minor, Op. 27 No. 2, ""Moonlight"" : I. Adagio sostenuto",40 Most Beautiful Piano Classics,Classical,4:50
Rudolf Buchbinder,"Piano Sonata No. 8 in C Minor, Op. 13, ""Pathetique"": II. Adagio cantabile",40 Most Beautiful Piano Classics,Classical,5:46
Rudolf Buchbinder,"Bagatelle in A Minor, WoO. 59, ""Für Elise""",40 Most Beautiful Piano Classics,Classical,2:41
Rudolph Buchbinder,"4 Impromptus, Op. 90 D. 899: No. 3 in G-Flat Major",40 Most Beautiful Piano Classics,Classical,6:26
"Russ Brown, Jimmie Komack, Nathaniel Frey & Albert Linville",Heart,Damn Yankees (Original Motion Picture Soundtrack Recording),Soundtrack,2:51
Ruth Brown,I Don't Know,The Best of Ruth Brown,Rock,2:54
Ruth Brown,Teardrops from My Eyes,The Essentials: Ruth Brown,Rock,2:51
Sabah,Minqullak Fakeena (Who Tells You Our Story),Lebanese Songs from the 50's - History of Arabic Song,Worldwide,6:06
Sabah,Rabie Loubnan,Songs of Lebanon,Arabic,5:53
Sabah,Hajjarra'l Melyani,Souvenirs,Arabic Pop,5:57
Sabah & Wadie El Safi,Ya Warde Men Fawk El Ain,"Mawssam El Ezz, Vol. 2 (Baalbeck International Festival 1960)",Arabic,5:01
Sabah & صباح,Amorty El 7Elwaa,The Complete Sabah,Worldwide,4:28
Sabah & صباح,Al Day3A,The Complete Sabah,Worldwide,7:40
Sabah & صباح,Jeeb El Mejwez,The Complete Sabah,Worldwide,4:37
Sade,Smooth Operator (Single Version),The Best of Sade,R&B/Soul,4:19
Sade,The Sweetest Taboo,The Best of Sade,R&B/Soul,4:37
Sade,Is It a Crime?,The Best of Sade,R&B/Soul,6:22
Sade,By Your Side,Lovers Rock,R&B/Soul,4:35
"Saint Michael's Singers, Coventry Cathedral","All Glory, Laud, and Honour",Christ Triumphant,Christian,3:47
Saint Motel,Benny Goodman,Voyeur,Alternative,3:38
Sam & Dave,Soul Man,The Best of Sam & Dave,R&B/Soul,2:37
Sam & Dave,"Hold On, I'm Comin'","Hold On, I'm Comin'",R&B/Soul,2:36
Sam Cooke,Tennessee Waltz,Ain't That Good News,R&B/Soul,3:12
Sam Cooke,You Send Me,The Best of Sam Cooke,R&B/Soul,2:45
Sam Cooke,Everybody Loves to Cha Cha Cha,The Best of Sam Cooke,R&B/Soul,2:43
Sam Cooke,Chain Gang,The Best of Sam Cooke,R&B/Soul,2:36
Sam Cooke,Cupid,The Best of Sam Cooke,R&B/Soul,2:38
Sam Cooke,Twistin' the Night Away,The Best of Sam Cooke,R&B/Soul,2:43
Sam Cooke,Bring It On Home to Me,The Best of Sam Cooke,R&B/Soul,2:44
Sam Cooke,A Change Is Gonna Come,A Change Is Gonna Come - EP,R&B/Soul,3:11
Sam Cooke,Shake,Keep Movin' On,R&B/Soul,2:52
Sam Cooke,(What a) Wonderful World,The Man Who Invented Soul,R&B/Soul,2:05
Sam Cooke,Another Saturday Night,The Man Who Invented Soul,R&B/Soul,2:44
Sam Cooke & The Soul Stirrers,The Last Mile Of The Way,The Complete Specialty Recordings,Gospel,2:58
Sam Cooke & The Soul Stirrers,Peace In the Valley,Sam Cooke with The Soul Stirrers,Christian,2:42
Sam Cooke & The Soul Stirrers,Nearer to Thee,Sam Cooke with The Soul Stirrers,Christian,3:02
Sam Smith,Stay With Me,In the Lonely Hour,Pop,2:53
Sam the Sham & The Pharaohs,Wooly Bully,20th Century Masters - The Millennium Collection: The Best of Sam the Sham & The Pharaohs,Rock,2:20
Samantha Barks,On My Own,Les Misérables (Highlights from the Motion Picture Soundtrack),Soundtrack,3:11
"Sammy Davis, Jr.",Something's Gotta Give,The Decca Years,Vocal,2:06
"Sammy Davis, Jr.",What Kind of Fool Am I,I've Gotta Be Me: The Best of Sammy Davis Jr. On Reprise,Vocal,3:24
"Sammy Davis, Jr.",I've Gotta Be Me,I've Gotta Be Me: The Best of Sammy Davis Jr. On Reprise,Vocal,2:57
"Sammy Davis, Jr.",The Candy Man,Mr. Bojangles,Vocal,3:11
Sammy Kaye,Chickery Chick (Remastered),Chickery Chick (Remastered) - Single,Vocal,2:18
Sandi Patty,In the Name of the Lord,The Definitive Collection,Christian,5:03
Sandi Patty,How Majestic Is Your Name,The Finest Moments,CCM,2:47
Sandi Patty,Exalt the Name,The Finest Moments,CCM,3:20
Sandi Patty,In the Name of the Lord,The Finest Moments,CCM,5:03
Sandi Patty,The Day He Wore My Crown,The Finest Moments,CCM,5:15
Sandi Patty,Pour On the Power,The Finest Moments,CCM,3:16
Sandi Patty,They Could Not,The Finest Moments,CCM,5:35
Sandi Patty,The Home of the Lord,The Finest Moments,CCM,3:18
Sandi Patty,How Great Thou Art,The Finest Moments,CCM,5:26
Sandi Patty,Upon This Rock,The Finest Moments,CCM,5:10
Sandi Patty,O Magnify the Lord,The Finest Moments,CCM,2:03
Sandi Patty,Via Dolorosa,The Finest Moments,CCM,4:36
Sandi Patty,We Shall Behold Him,The Finest Moments,CCM,5:53
Sandi Patty,The Stage Is Bare / I Need Thee Every Hour,The Finest Moments,CCM,5:54
Sandi Patty,It Is Well with My Soul,Hymns Just for You,Christian,4:24
Sandi Patty,Was It a Morning Like This,Morning Like This,CCM,3:22
Sandi Patty,Masterpiece,A Mother's Prayer,Gospel,4:03
Sandi Patty,Via Dolorosa,Songs from the Heart,CCM,4:36
Sandi Patty,When She Loved Me,Sweet Dreams,Lullabies,3:33
Sandi Patty,Love Will Be Our Home,"The Ultimate Collection, Vol. 1",Christian,4:45
Sandi Patty & Larnelle Harris,More Than Wonderful,The Definitive Collection,Christian,5:39
Sandi Patty & Larnelle Harris,More Than Wonderful,The Finest Moments,CCM,6:07
Sandi Patty & Wayne Watson,"Another Time, Another Place",Another Time ... Another Place,CCM,5:28
Sandy Nelson,...And Then There Were Drums,Compelling Percussion,Rock,2:52
Santana,Smooth (feat. Rob Thomas),Ultimate Santana,Rock,4:56
Santana,Maria Maria (feat. The Product G&B) [Radio Mix],Ultimate Santana,Rock,4:22
Santana,Oye Como Va,Ultimate Santana,Rock,4:18
Santana,Black Magic Woman,Ultimate Santana,Rock,3:16
Sarah Brightman,All I Ask of You,The Phantom of the Opera (Original 1986 London Cast),Musicals,4:15
Sarah Brightman,Wishing You Were Somehow Here Again,The Phantom of the Opera (Original 1986 London Cast),Musicals,3:31
Sarah Brightman & Andrea Bocelli,Time to Say Goodbye (Con Te Partiro),Time To Say Goodbye,Pop,4:07
Sarah Vaughan,My Funny Valentine,The Complete Sarah Vaughan On Mercury Vol.1 - Great Jazz Years; 1954-1956,Jazz,2:58
Sarah Vaughan,A Foggy Day,Sarah Vaughan Sings George Gershwin (Expanded Edition),Jazz,3:48
Sarah Vaughan,Broken Hearted Melody,Sarah Vaughan's Finest Hour,Jazz,2:25
Sarah Vaughan,Stardust,Sarah Vaughan's Finest Hour,Jazz,3:19
Sarah Vaughan,Whatever Lola Wants (Lola Gets),Sarah Vaughan's Golden Hits,Jazz,2:37
Sarah Vaughan,Misty,Ultimate Sarah Vaughan,Jazz,3:01
Sarah Vaughan,Just One of Those Things,Ultimate Sarah Vaughan,Jazz,3:23
Savage Garden,I Knew I Loved You,Affirmation,Pop,4:10
Savage Garden,Crash and Burn,Affirmation,Pop,4:41
Savage Garden,Tears of Pearls,Savage Garden,Pop,3:47
Sawaya Quartet and Chorus,Aziza,Love Songs of Lebanon,Worldwide,3:41
Sawaya Quartet and Chorus,"Ya Gamil, Ya Gamil",Love Songs of Lebanon,Worldwide,6:39
Scottish Bagpipe & Drum Corps,Blue Bonnets / Bonnie Dundee / Campbells Are Coming,Must-Have Scotland - Bagpipes & Drums,Worldwide,3:42
Scottish Bagpipe & Drum Corps,Garry Owen / O'Donald Abu,Must-Have Scotland - Bagpipes & Drums,Worldwide,3:39
Screenshots,Theme from Gunsmoke / Rauchende Colts,"TV Faves: 20 TV Favourites, Vol. 1",Soundtrack,2:47
Seals & Crofts,Summer Breeze,Seals & Crofts' Greatest Hits,Pop,3:25
Sean Hayes,Little Maggie,Alabama Chicken,Singer/Songwriter,3:36
The Searchers,"Love Potion, No. 9","Love Potion, No. 9",Pop,2:05
The Searchers,Needles and Pins,Needles & Pins,Pop,2:11
"Sebastian Benda, Ariane Pfister, Christian Benda, Capella Istropolitana & Nils Thilo Krämer","Musikalisches Opfer, BWV 1079: Ricercar à 6",50 of the Best: J.S. Bach,Classical,7:11
The Seekers,I'll Never Find Another You,The Very Best of The Seekers,Rock,2:44
The Seekers,A World of Our Own,The Very Best of The Seekers,Rock,2:44
The Seekers,Georgy Girl,The Very Best of The Seekers,Rock,2:19
The Sensational Nightingales,At the Meeting,Greatest Hits,Christian,3:48
Sergei Rachmaninoff,"Morceaux de fantaisie, Op. 3: No. 2, Prélude in C-Sharp Minor",Rachmaninov Plays Rachmaninov (The Ampico Piano Recordings),Classical,3:44
"Sergei Rachmaninoff, John Cardon Debney & Royal Scottish National Orchestra",Rhapsody On a Theme of Paganini,Great Movie Love Themes,Soundtrack,3:10
Shaboozey,A Bar Song (Tipsy),"Where I've Been, Isn't Where I'm Going",Country,2:51
Shaina Noll,How Could Anyone,Songs for the Inner Child,New Age,5:29
The Shangri-Las,Leader of the Pack,20th Century Masters - The Millennium Collection: The Best of The Shangri-Las,Pop,2:51
Shania Twain,Man! I Feel Like a Woman!,Greatest Hits,Country,3:54
Shania Twain,That Don't Impress Me Much (Dance Mix),Greatest Hits,Country,4:27
Shania Twain,From This Moment On (Pop On-Tour Version),Greatest Hits,Country,3:55
Shania Twain,You're Still the One,Greatest Hits,Country,3:15
Shania Twain,Any Man of Mine,Greatest Hits,Country,4:07
"Sharon, Lois & Bram",Skinnamarink,The Elephant Show Record,Children's Music,0:58
Sheb Wooley,Purple People Eater (Remastered),Purple People Eater (Remastered) - Single,Country,2:15
Shiraz,Khitayyi (My Steps),Lebanese Songs from the 50's - History of Arabic Song,Worldwide,2:57
Shiraz,Abdou Haabib Ghandourah (A Slave Loving a Very Beautiful Woman),Lebanese Songs from the 50's - History of Arabic Song,Worldwide,2:40
The Shirelles,Will You Love Me Tomorrow,"The Scepter Records Story, Vol. 1",R&B/Soul,2:41
The Shirelles,Will You Still Love Me Tomorrow,20 Greatest Hits,Pop,2:41
The Shirelles,Soldier Boy,20 Greatest Hits,Pop,2:42
Shirley Bassey,Never Never Never,Bassey: The EMI/UA Years 1959-1979,Vocal Pop,3:43
Shirley Bassey,Goldfinger,Greatest Hits,R&B/Soul,2:51
Shirley Caesar,I Feel Good,The Best of Shirley Caesar With the Caravans,Christian,3:09
Shirley Caesar,Jordan River,Golden Gospel Classics,Christian,4:07
Shirley Caesar,People Get Ready,Golden Gospel Classics,Christian,3:04
Shirley Caesar,Teach Me Master,Golden Gospel Classics,Christian,3:08
Shirley Caesar,God Will Make a Way,Good God,Christian,4:48
Shirley Caesar,He's Working It Out for You,He's Working It Out for You,Gospel,5:31
Shirley Caesar,Amazing Grace,Hymns,Traditional Gospel,4:13
Shirley Caesar,Blessed Assurance,Hymns,Traditional Gospel,3:51
Shirley Caesar,"Jesus, I Love Calling Your Name",Shirley Caesar: Her Very Best,Gospel,3:44
Shirley Caesar,No Charge,Shirley Caesar: Her Very Best,Gospel,3:28
Shirley Caesar,Hold My Mule (feat. Albertina Walker & Milton Brunson) [Ult Version],The Ultimate Collection,Christian,8:42
Shirley Ellis,The Name Game,The Name Game,R&B/Soul,2:45
Shirley Jones & Claramae Turner,You'll Never Walk Alone,Carousel (Original Motion Picture Soundtrack) [Expanded Edition],Musicals,2:29
Shirley Jones & Gordon MacRae,If I Loved You,Carousel (Original Motion Picture Soundtrack) [Expanded Edition],Musicals,6:20
Shirley Temple,Animal Crackers In My Soup,At the Movies: Shirley Temple,Soundtrack,2:37
The Silhouettes,Get a Job (Digitally Remastered),Get a Job,Pop,2:49
Simon & Garfunkel,Scarborough Fair / Canticle,The Best of Simon & Garfunkel,Pop,3:10
Simon & Garfunkel,"Mrs. Robinson (From ""The Graduate"" Soundtrack)",The Best of Simon & Garfunkel,Pop,4:03
Simon & Garfunkel,Cecilia,The Best of Simon & Garfunkel,Pop,2:55
Simon & Garfunkel,Bridge Over Troubled Water,Bridge Over Troubled Water,Pop,4:56
Simon & Garfunkel,Homeward Bound,"Parsley, Sage, Rosemary and Thyme",Pop,2:33
Simon & Garfunkel,The 59th Street Bridge Song (Feelin' Groovy),"Parsley, Sage, Rosemary and Thyme",Pop,1:47
Simon & Garfunkel,The Boxer,Simon and Garfunkel's Greatest Hits,Pop,5:09
Simon & Garfunkel,The Sound of Silence,Sounds of Silence,Folk-Rock,3:10
Simon & Garfunkel,Kathy's Song,Sounds of Silence,Folk-Rock,3:21
Simon & Garfunkel,I Am a Rock,Sounds of Silence,Folk-Rock,2:49
"Simon Shaheen & Qantara, Wadih El Safi & Sabah Fakhri",Ya Maali 'sh-Shaam,The Two Tenors and Qantara,Worldwide,6:40
Simple Minds,Don't You (Forget About Me),The Breakfast Club,Rock,4:21
Sinéad O'Connor,Nothing Compares 2 U,I Do Not Want What I Haven't Got,Alternative,4:40
Sinfonie Orchester Prag & Václav Smetáček,The Merry Widow: Overture,Great Operetta Overtures,Classical,9:12
The Sing-A-Long Gang,She Wore a Yellow Ribbon,Sing Along,Vocal,0:42
Sir Andrew Davis & BBC Symphony Orchestra,The Lark Ascending,40 Most Beautiful Orchestral Classics,Classical,6:04
Sir Andrew Davis & BBC Symphony Orchestra,Fantasia on Greensleeves,40 Most Beautiful Orchestral Classics,Classical,4:27
Sir Colin Davis & London Symphony Orchestra,"Variations on an Original Theme, Op. 36 ""Enigma"": Variation IX. Nimrod (Adagio)","Elgar: Enigma Variations, Introduction & Allegro",Classical,4:25
"Sir David Willcocks & The Choir of King's College, Cambridge",Ding Dong! Merrily On High,"Essential Carols - The Very Best of King's College Choir, Cambridge",Classical,2:05
Sir Edward Elgar,Pomp and Circumstance,Pomp and Circumstance - Single,Instrumental,4:34
"Sir Georg Solti, Chicago Symphony Orchestra, Chicago Symphony Chorus & Margaret Hillis","Messiah: 42. Chorus: ""Hallelujah""",Handel: Messiah,Classical,3:39
Sister Sledge,We Are Family (1995 Remaster),We Are Family (1995 Remaster),R&B/Soul,3:37
Skeeter Davis,The End of the World,The Essential Skeeter Davis,Country,2:38
Slim Whitman,I Remember You,The Essential Slim Whitman,Country,2:26
Slim Whitman,Cattle Call,The Essential Slim Whitman,Country,2:32
Slim Whitman,Rose Marie,The Very Best of Slim Whitman,Country,2:20
Slim Whitman,Indian Love Call,The Very Best of Slim Whitman,Country,3:11
Slim Whitman,Blue Eyes Crying In the Rain,The Very Best of Slim Whitman,Country,2:40
Slovak Chamber Orchestra & Oliver von Dohnányi,"Water Music, Suite: VI. Alla Hornpipe",111 Classical Masterpieces,Classical,3:12
Sly & The Family Stone,Dance to the Music,Dance To The Music (Bonus Tracks Edition) [2007 Remaster],R&B/Soul,2:59
Sly & The Family Stone,Everyday People,The Essential Sly & The Family Stone,Pop,2:21
Sly & The Family Stone,If You Want Me to Stay,The Essential Sly & The Family Stone,R&B/Soul,3:01
Sly & The Family Stone,Thank You (Falettinme Be Mice Elf Agin) [Single Version],Greatest Hits,R&B/Soul,4:51
The Smashing Pumpkins,"Tonight, Tonight (Remastered 2012)",Mellon Collie And The Infinite Sadness (2012 Remastered),Alternative,4:15
The Smashing Pumpkins,1979 (Remastered 2012),Mellon Collie And The Infinite Sadness (2012 Remastered),Alternative,4:26
The Smashing Pumpkins,Cherub Rock,Siamese Dream,Hard Rock,4:57
The Smashing Pumpkins,Mayonaise,Siamese Dream,Hard Rock,5:49
Smiley Lewis,I Hear You Knockin' (Digitally Remastered),I Hear You Knockin' (Digitally Remastered) - Single,Pop,2:46
Smokey Robinson,Cruisin',The 35th Anniversary Collection,R&B/Soul,4:32
Smokey Robinson,Being with You,The 35th Anniversary Collection,R&B/Soul,4:02
Smokey Robinson & The Miracles,The Tears of a Clown (Stereo Version),My World: The Definitive Collection,R&B/Soul,3:00
Smokey Robinson & The Miracles,Going to a Go-Go (Stereo Version),My World: The Definitive Collection,R&B/Soul,2:45
Smokey Robinson & The Miracles,You've Really Got a Hold On Me,Ooo Baby Baby: The Anthlogy,Pop,3:11
Smokey Robinson & The Miracles,I Second That Emotion,The Ultimate Collection: Smokey Robinson & the Miracles,R&B/Soul,2:42
Smokey Robinson & The Miracles,Ooo Baby Baby,The Ultimate Collection: Smokey Robinson & the Miracles,R&B/Soul,2:44
Smokey Robinson & The Miracles,More Love,20th Century Masters - The Millennium Collection: The Best of Smokey Robinson & The Miracles,R&B/Soul,2:50
Smokey Robinson & The Miracles,The Tracks of My Tears,The 35th Anniversary Collection,R&B/Soul,3:03
Smokey Robinson & The Miracles,I Care About Detroit,The 35th Anniversary Collection,R&B/Soul,3:07
The Soggy Bottom Boys,In the Jailhouse Now (feat. Tim Blake Nelson),"O Brother, Where Art Thou? (Music from the Motion Picture)",Country,3:37
The Soggy Bottom Boys,I Am a Man of Constant Sorrow (feat. Dan Tyminski) [Radio Edit],"O Brother, Where Art Thou? (Music From the Motion Picture) [Deluxe Edition]",Country,3:10
Solomon Burke,Cry to Me,"Beg, Scream & Shout!: The Best of '60s Soul, Vol. 2",R&B/Soul,2:31
Sonny & Cher,Baby Don't Go,The Beat Goes On - The Best of Sonny & Cher,Pop,3:12
Sonny & Cher,I Got You Babe,The Beat Goes On - The Best of Sonny & Cher,Pop,3:14
Sonny & Cher,The Beat Goes On,The Beat Goes On - The Best of Sonny & Cher,Pop,3:30
Sonny James,Young Love,Capitol Collectors Series: Sonny James,Country,2:32
Sonny Rollins,"St. Thomas (feat. Tommy Flanagan, Doug Watkins & Max Roach)",Saxophone Colossus (Rudy Van Gelder Remaster),Jazz,6:49
Sonny Rollins,"You Don't Know What Love Is (feat. Tommy Flanagan, Doug Watkins & Max Roach)",Saxophone Colossus (Rudy Van Gelder Remaster),Jazz,6:31
The Sons of the Pioneers,Cool Water,Country Music Hall of Fame Series,Country,2:46
The Sons of the Pioneers,Riders In the Sky,RCA Country Legends: Sons of the Pioneers,Country,3:19
The Sons of the Pioneers,Tumbling Tumbleweeds,RCA Country Legends: Sons of the Pioneers,Country,2:43
The Soul Fantastics,La Última Canción,Clásicas de Los Combos Nacionales de Panama,Latin,3:55
The Soul Stirrers,Touch The Hem Of His Garment (feat. Sam Cooke),The Complete Specialty Recordings,R&B/Soul,2:02
Sound Effects Library,"Train, Bell - Train Bell: Single Ring, Bells, Comic Noisemakers, Trains",Bells: Sound Effects,Soundtrack,0:07
South Pacific Ensemble,There Is Nothin' Like a Dame,South Pacific (Original 1949 Broadway Cast Recording) [Bonus Tracks Edition],Soundtrack,3:36
"The Southern California Community Choir, Rev. James Cleveland & Aretha Franklin","Old Landmark (Live at New Temple Missionary Baptist Church, Los Angeles, January 14, 1972) [with James Cleveland & The Southern California Community Choir]",Amazing Grace: The Complete Recordings (Live),R&B/Soul,2:57
The Spaniels,"Goodnite, It's Time to Go (Goodnight Sweetheart, Goodnight)",The Very Best of the Spaniels,R&B/Soul,2:40
Speers,Blessed Assurance,Blessed Assurance,Southern Gospel,2:16
Speers,Love Lifted Me,Blessed Assurance,Southern Gospel,2:26
The Spencer Davis Group,Gimme Some Lovin',The Best of the Spencer Davis Group,Rock,2:56
The Spinners,Rubberband Man,The Best of Spinners,R&B/Soul,7:24
The Spinners,I'll Be Around,The Very Best of the Spinners,R&B/Soul,3:09
The Spinners,Mighty Love,The Very Best of the Spinners,R&B/Soul,3:17
The Spinners,Sadie,The Very Best of the Spinners,R&B/Soul,5:26
The Spinners,Working My Way Back to You,The Very Best of the Spinners,R&B/Soul,4:03
Spiral Starecase,More Today Than Yesterday,Pop Classics of the 60's,Rock,2:49
Squire Parsons,I Call It Home,"Heavenly Country/Wind, Rain & Fire",Christian,3:28
Squire Parsons,Sweet Beulah Land,Southern Gospel Greats of the 80's,Christian,3:57
SSgt. Barry Sadler,The Ballad of the Green Berets,Ballads of the Green Berets,Pop,2:26
St. John's Children's Choir,"Holy, Holy, Holy","Bible Songs for Kids, Vol. 3",Christian,2:10
St. Olaf Choir,African Noel,Songs from My Heart : Choral Music of André Thomas,Classical,1:29
St. Olaf Choir,Go Where I Send Thee,Songs from My Heart : Choral Music of André Thomas,Classical,3:40
St. Olaf Choir,Keep Your Lamps!,Songs from My Heart : Choral Music of André Thomas,Classical,3:06
St. Olaf Choir & Anton Armstrong,My Soul's Been Anchored in the Lord (Arr. M. Hogan),My Soul's Been Anchored in the Lord,Classical,3:56
St. Olaf Choir & Anton Armstrong,Ezekiel Saw de Wheel (Arr. W.L. Dawson for Choir),The Spirituals of William L. Dawson,Classical,2:57
"St. Olaf Choir, Anton Armstrong & Daniel Schwandt","Here I Am, Lord (Arr. O. Young)","Great Hymns of Faith, Vol. 1",Classical,5:27
"St. Olaf Choir, Anton Armstrong & John Ferguson",It Is Well with My Soul (When Peace Like a River),"Great Hymns of Faith, Vol. 2",Classical,4:18
"St. Olaf Choir, Anton Armstrong, John Ferguson, Martin Hodel, Philip Norris, Paul Niemisto & Larry Zimmerman","Holy, Holy, Holy! Lord God Almighty (Arr. J. Ferguson)","Great Hymns of Faith, Vol. 2",Classical,3:24
"St. Olaf Choir, St. Olaf Cantorei, St. Olaf Chapel Choir, Manitou Singers, Viking Chorus & Anton Armstrong",Beautiful Savior (Arr. F.M. Christiansen for Choir) [Live],"A Child, a Son, the Prince of Peace: 2010 St. Olaf Christmas Festival (Live)",Classical,1:41
Stacey Kent,The Ice Hotel,Breakfast on the Morning Tram (Bonus Edition),Jazz,5:29
Stacey Kent,Shall We Dance,Collection III,Jazz,3:42
Stacey Kent,Embraceable You,Tenderly,Jazz,3:43
Stacey Kent,Tenderly (feat. Jim Tomlinson),Tenderly,Jazz,3:48
Stacey Kent,That's All,Tenderly,Jazz,4:02
Stan Getz,Autumn Leaves,Jazz Café Presents: Stan Getz,Jazz,7:26
Stan Getz & Charlie Byrd,Samba de uma Nota Só,Bossa Nova: Verve Jazz Masters 53: Stan Getz,Jazz,6:13
Stan Getz & João Gilberto,The Girl from Ipanema (feat. Astrud Gilberto),Astrud Gilberto's Finest Hour,Vocal Jazz,5:22
Stan Getz & João Gilberto,Só Danço Samba (feat. Antônio Carlos Jobim),Getz/Gilberto,Jazz,3:35
Stan Getz & João Gilberto,Desafinado (feat. Antônio Carlos Jobim),20th Century Masters: The Millennium Collection - The Best of Antonio Carlos Jobim,Jazz,4:12
"Stan Getz, Astrud Gilberto, Antônio Carlos Jobim & João Gilberto",Corcovado (Quiet Nights of Quiet Stars),Getz/Gilberto,Jazz,4:20
Stanley Black,El Choclo (Tango),The All-Time Top Tangos,Raíces,1:54
The Stanley Brothers & The Clinch Mountain Boys,Blue Moon of Kentucky,The Complete Mercury Recordings,Country,2:13
The Stanley Brothers & The Clinch Mountain Boys,Orange Blossom Special,The Complete Mercury Recordings,Country,2:27
Stanley Holloway & Chorus,Get Me to the Church On Time,My Fair Lady (Original 1964 Motion Picture Soundtrack),Musicals,5:57
"Stanley Holloway, Gordon Dilworth & Rod McLennan",With a Little Bit of Luck,My Fair Lady (Original 1956 Broadway Cast) [Bonus Tracks Version],Musicals,4:07
The Staple Singers,I'll Take You There,The Best of the Staple Singers,R&B/Soul,4:45
The Staple Singers,Sit Down Servant,Jesus Rocked the Jukebox: Small Group Black Gospel (1951-1965),Soul,2:44
The Staple Singers,Help Me Jesus,Jesus Rocked the Jukebox: Small Group Black Gospel (1951-1965),R&B/Soul,2:42
The Staple Singers,Let's Do it Again,Let's Do It Again (Original Soundtrack),Soundtrack,4:54
Starship,We Built This City,Knee Deep in the Hoopla,Rock,4:56
The Statler Brothers,Do You Remember These?,The Best of the Statler Bros.,Country,2:54
The Statler Brothers,Flowers On the Wall,The Best of the Statler Bros.,Country,2:28
The Statler Brothers,I'll Go to My Grave Loving You,The Best of the Statler Bros.,Country,2:52
The Statler Brothers,Just a Little Talk With Jesus (Live),"The Gospel Music of the Statler Brothers, Vol. 1 (Live)",Gospel,2:41
The Statler Brothers,Farther Along (Live),"The Gospel Music of the Statler Brothers, Vol. 1 (Live)",Gospel,3:14
The Statler Brothers,Are You Washed In the Blood (Live),"The Gospel Music of the Statler Brothers, Vol. 1 (Live)",Gospel,3:02
The Statler Brothers,Jesus Hold My Hand (Live),"The Gospel Music of the Statler Brothers, Vol. 1 (Live)",Gospel,3:46
The Statler Brothers,Everyday Will Be Sunday (By and By) [Live],"The Gospel Music of the Statler Brothers, Vol. 2 (Live)",Christian,2:11
The Statler Brothers,Daddy Sang Bass (Live),"The Gospel Music of the Statler Brothers, Vol. 2 (Live)",Christian,2:32
The Statler Brothers,How Great Thou Art (Live),"The Gospel Music of the Statler Brothers, Vol. 2 (Live)",Christian,2:26
The Statler Brothers,Love Lifted Me,Today's Gospel Favorites,Country,2:58
Steely Dan,Peg,Aja,Rock,3:57
Steely Dan,Reelin' In the Years,Can't Buy a Thrill,Rock,4:35
Steely Dan,Babylon Sisters,A Decade of Steely Dan (Remastered),Rock,5:50
Steely Dan,Deacon Blues,A Decade of Steely Dan (Remastered),Rock,7:35
Steely Dan,Hey Nineteen,A Decade of Steely Dan (Remastered),Rock,5:08
Steely Dan,Do It Again,A Decade of Steely Dan (Remastered),Rock,5:57
Steely Dan,Kid Charlemagne,A Decade of Steely Dan (Remastered),Rock,4:39
Steep Canyon Rangers,Farmers and Pharaohs,Out in the Open,Bluegrass,4:03
Steep Canyon Rangers,Let Me Out of This Town,Out in the Open,Bluegrass,3:43
Steep Canyon Rangers,Can't Get Home,Out in the Open,Bluegrass,3:30
Steppenwolf,Born to Be Wild,All Time Greatest Hits,Rock,3:31
Steppenwolf,Magic Carpet Ride,All Time Greatest Hits,Rock,4:28
Steve Anderson,"Piano Sonata No. 14 in C-Sharp Minor, Op. 27: No. 2 ""Moonlight Sonata"": I. Adagio sostenuto",Classics for the Heart,Classical,5:31
Steve Clayton,Alice Blue Gown,"Reader's Digest Music: Down Memory Lane, Vol. 2: 1910 - 1920",Pop,2:27
Steve Earle,Copperhead Road,Copperhead Road,Country,4:30
Steve Miller Band,Abracadabra,Abracadabra,Rock,5:08
Steve Miller Band,Fly Like an Eagle,Fly Like an Eagle,Rock,4:43
Steve Miller Band,Swingtown,Greatest Hits 1974-78,Rock,3:30
Steve Miller Band,Rock'n Me,Greatest Hits 1974-78,Rock,3:07
Steve Miller Band,The Joker,Greatest Hits 1974-78,Rock,3:38
Steve Miller Band,Jet Airliner,Greatest Hits 1974-78,Rock,3:36
Steve Winwood,Higher Love,Back In the High Life,Pop,5:52
Steve Winwood,Back In the High Life Again,Back In the High Life,Rock,5:36
Steve Winwood,While You See a Chance,Revolutions: The Very Best of Steve Winwood,Rock,4:10
Steven Curtis Chapman,One True God (feat. Chris Tomlin),Worship and Believe (Deluxe Edition),Christian,4:25
Stevie Nicks,Talk to Me,Crystal Visions... The Very Best of Stevie Nicks (Bonus Version),Rock,4:10
Stevie Nicks,"Landslide (Live with the Melbourne Symphony, 2006)",Crystal Visions... The Very Best of Stevie Nicks (Bonus Version),Rock,4:14
Stevie Nicks,Stand Back,Crystal Visions... The Very Best of Stevie Nicks (Bonus Version),Rock,4:48
Stevie Nicks & Don Henley,Leather and Lace,Crystal Visions... The Very Best of Stevie Nicks (Bonus Version),Rock,3:55
Stevie Nicks with Tom Petty & The Heartbreakers,Stop Draggin' My Heart Around (with Tom Petty & The Heartbreakers),Crystal Visions... The Very Best of Stevie Nicks (Bonus Version),Rock,4:03
Stevie Ray Vaughan & Double Trouble,Pride and Joy,The Essential Stevie Ray Vaughan and Double Trouble,Rock,3:39
Stevie Ray Vaughan & Double Trouble,Texas Flood,The Essential Stevie Ray Vaughan and Double Trouble,Rock,5:21
Stevie Ray Vaughan & Double Trouble,Riviera Paradise,The Essential Stevie Ray Vaughan and Double Trouble,Rock,8:50
Stevie Ray Vaughan & Double Trouble,Tightrope,In Step,Rock,4:41
Stevie Wonder,For Once in My Life,For Once in My Life,R&B/Soul,2:50
Stevie Wonder,Master Blaster (Jammin'),Hotter Than July,R&B/Soul,5:08
Stevie Wonder,What Christmas Means to Me,A Motown Christmas,Christmas: R&B,2:28
Stevie Wonder,Swing Low Sweet Chariot,Motown Gospel In Loving Memory,R&B/Soul,2:58
Stevie Wonder,My Cherie Amour,My Cherie Amour,Pop,2:54
Stevie Wonder,Fingertips (Pt. 2),Number 1's,R&B/Soul,3:10
Stevie Wonder,Uptight (Everything's Alright),Number 1's,R&B/Soul,2:53
Stevie Wonder,I Was Made To Love Her,Number 1's,R&B/Soul,2:36
Stevie Wonder,"Signed, Sealed, Delivered (I'm Yours)",Number 1's,R&B/Soul,2:38
Stevie Wonder,Superstition,Number 1's,R&B/Soul,4:05
Stevie Wonder,You Are the Sunshine of My Life,Number 1's,R&B/Soul,2:57
Stevie Wonder,I Just Called To Say I Love You,Number 1's,R&B/Soul,4:21
Stevie Wonder,Love's In Need of Love Today,Songs in the Key of Life,R&B/Soul,7:06
Stevie Wonder,Isn't She Lovely,Songs in the Key of Life,R&B/Soul,6:34
Stevie Wonder,If It's Magic,Songs in the Key of Life,R&B/Soul,3:12
Sting,Fields of Gold,Fields of Gold: The Best of Sting 1984-1994,Pop,3:39
Sting,If I Ever Lose My Faith In You,The Very Best of Sting & The Police,Rock,4:29
Stone Poneys,Different Drum,Different Drum,Pop,2:40
Stray Cats,Stray Cat Strut,Stray Cats: Greatest Hits,Rock,3:16
Stubby Kaye & Johnny Silver,Guys and Dolls (Remastered 2000),Guys & Dolls (Remastered) [Bonus Tracks],Pop,2:54
The Stylistics,You Make Me Feel Brand New,The Best of the Stylistics,R&B/Soul,4:48
The Stylistics,"Betcha by Golly, Wow",The Best of the Stylistics,R&B/Soul,3:19
The Stylistics,You Are Everything,The Best of the Stylistics,R&B/Soul,2:56
Styx,The Best of Times,Greatest Hits,Rock,4:18
Styx,Too Much Time On My Hands,Greatest Hits,Rock,4:32
Styx,Babe,Greatest Hits,Rock,4:25
Styx,Renegade,Greatest Hits,Rock,4:14
Styx,Come Sail Away (Edit),Greatest Hits,Rock,6:05
Suad Hashem,Jaar Alhawaa (Love’s Neighbor),Lebanese Songs from the 50's - History of Arabic Song,Worldwide,2:47
Suad Hashem,Man Khalaak Tanshoud (Who Made You Sing),Lebanese Songs from the 50's - History of Arabic Song,Worldwide,2:53
Suad Hashem,"Yaa Tiirah Tiirii (Oh Bird, Fly)",Lebanese Songs from the 50's - History of Arabic Song,Worldwide,2:55
Suad Hashem,Tair Albachr (Seabird),Lebanese Songs from the 50's - History of Arabic Song,Worldwide,6:05
Sublime,What I Got,Sublime,Pop,2:51
The Sugarhill Gang,"Rapper's Delight (7"" Single Version)",The Essentials: The Sugarhill Gang,Hip-Hop/Rap,5:05
Sugarland,County Line,Enjoy the Ride,Country,2:50
Sugarland,Happy Ending,Enjoy the Ride,Country,5:17
Sugarland,These Are the Days,Enjoy the Ride,Country,3:50
Sugarland,Fly Away,Twice the Speed of Life,Country,3:36
Supertramp,Goodbye Stranger,The Very Best of Supertramp,Rock,5:48
Supertramp,Breakfast In America,The Very Best of Supertramp,Rock,2:39
Supertramp,Dreamer,The Very Best of Supertramp,Rock,3:30
The Supremes,Where Did Our Love Go,Anthology,R&B/Soul,2:36
The Supremes,Baby Love,Anthology,R&B/Soul,2:44
The Supremes,Stop! in the Name of Love,Anthology,R&B/Soul,2:55
The Supremes,Come See About Me,Diana Ross & The Supremes: The No. 1's,R&B/Soul,2:44
The Supremes,Back In My Arms Again,Diana Ross & The Supremes: The No. 1's,R&B/Soul,3:01
The Supremes,You Can't Hurry Love,Diana Ross & The Supremes: The No. 1's,R&B/Soul,2:59
The Surfaris,Wipe Out (Hit Version),Wipe Out,Rock,2:18
Survivor,Eye of the Tiger,Rocky IV (Original Motion Picture Soundtrack),Soundtrack,4:06
Susanne Grutzmann,"24 Preludes, Op. 28: No. 15 in D-Flat Major, ""Raindrop""",40 Most Beautiful Piano Classics,Classical,5:31
Susanne Grutzmann,"24 Preludes, Op. 28: No. 4 in E Minor",40 Most Beautiful Piano Classics,Classical,2:13
Sweet Honey In the Rock,Jesus Is All,Sacred Ground,Christian,4:07
The Swingle Singers,Vivace: Concerto for 2 Violins in D Minor BWV 1043,"Jazz Sebastian Bach, Volume 2",Classical,3:17
The Swingle Singers,Herz Und Mund Und Tat Und Leben BWV 147,"Jazz Sebastian Bach, Volume 2",Classical,3:19
The Swingle Singers,Gavotte: Partita No. 3 in e BWV 1006,"Jazz Sebastian Bach, Volume 2",Classical,2:29
The Swingle Singers,Prelude and Fugue No. 3 in C-Sharp BWV 848,"Jazz Sebastian Bach, Volume 2",Classical,3:18
The T-Bones,No Matter What Shape (Your Stomach's In) [Rerecorded],Deep Into the Sixties - 20 Rare Grooves (Rerecorded Version),Rock,2:23
The Tabernacle Choir at Temple Square,"Come, Thou Fount of Every Blessing","Come, Thou Fount of Every Blessing",Christian,6:18
The Tabernacle Choir at Temple Square,My Country! 'Tis of Thee,God Bless America,Classical,2:17
The Tabernacle Choir at Temple Square,The Star Spangled Banner,God Bless America,Vocal,2:33
The Tabernacle Choir at Temple Square,How Great Thou Art,Hymns of Faith (Legacy Series),Christian,5:33
The Tabernacle Choir at Temple Square,Crown Him With Many Crowns,Hymns of Faith II (Legacy Series),Vocal,2:47
The Tabernacle Choir at Temple Square,Faith of Our Fathers,Hymns of Faith II (Legacy Series),Vocal,4:01
"The Tabernacle Choir at Temple Square, Eugene Ormandy & The Philadelphia Orchestra","Judas Maccabaeus: Hallelujah, Amen",20 Great Bach & Handel Choruses,Classical,2:19
"The Tabernacle Choir at Temple Square, Jerold D. Ottley, Alexander Schreiner & Robert Cundick","Thanks Be to God from ""Elijah""",The Great Thanksgiving: Hymns and Songs of Thanks and Brotherhood,Holiday,3:39
"The Tabernacle Choir at Temple Square, Mack Wilberg & Orchestra at Temple Square","Messiah, HWV 56: No. 4, And the Glory of the Lord","Handel: Messiah, HWV 56",Classical,2:45
"The Tabernacle Choir at Temple Square, Mack Wilberg & Orchestra at Temple Square","Messiah, HWV 56: No. 12, For Unto Us a Child Is Born","Handel: Messiah, HWV 56",Classical,4:14
"The Tabernacle Choir at Temple Square, Mack Wilberg & Orchestra at Temple Square","Messiah, HWV 56: No. 18, Glory to God","Handel: Messiah, HWV 56",Classical,1:46
"The Tabernacle Choir at Temple Square, Mack Wilberg & Orchestra at Temple Square","Messiah, HWV 56: No. 34, Lift Up Your Heads, O Ye Gates","Handel: Messiah, HWV 56",Classical,2:58
"The Tabernacle Choir at Temple Square, Mack Wilberg & Orchestra at Temple Square","Messiah, HWV 56: No. 54, Worthy Is the Lamb That Was Slain","Handel: Messiah, HWV 56",Classical,7:21
"The Tabernacle Choir at Temple Square, Orchestra at Temple Square & Mack Wilberg",Be Thou My Vision,Heavensong: Music of Contemplation and Light,Classical Crossover,4:18
Taj Mahal,Corinna,The Best of Taj Mahal,Blues,3:02
Taj Mahal,Fishin' Blues,The Best of Taj Mahal,Blues,3:08
Talking Heads,Once In a Lifetime,The Best of Talking Heads (Remastered),Alternative,4:19
Talking Heads,This Must Be the Place (Naive Melody),The Best of Talking Heads (Remastered),Alternative,4:56
Talking Heads,And She Was,The Best of Talking Heads (Remastered),Alternative,3:38
Tamela Mann,Take Me to the King (feat. Kirk Franklin),Best Days,Soul,4:48
Tammy Wynette,Your Good Girl's Gonna Go Bad (Single Version),"Super Hits, Vol. 2",Country,2:02
Tammy Wynette,I Don't Wanna Play House,16 Biggest Hits: Tammy Wynette,Country,2:36
Tammy Wynette,D-I-V-O-R-C-E,16 Biggest Hits: Tammy Wynette,Country,2:57
Tammy Wynette,Stand By Your Man,16 Biggest Hits: Tammy Wynette,Country,2:41
Tammy Wynette & George Jones,We Go Together,"Greatest Hits, Vol. 2",Country,2:28
Tammy Wynette & George Jones,My Elusive Dreams,Love Songs: George Jones & Tammy Wynette,Country,3:34
The Tams,What Kind of Fool (Do You Think I Am) [Re-Recorded],Broken Hearted - A Collection of the World's Best Heartbreakers (Re-Recorded Versions),R&B/Soul,1:54
The Tams,"Be Young, Be Foolish, Be Happy (Re-Recorded)",Soul Masters: The Tams (Re-Recorded Versions),R&B/Soul,2:40
The Tams,What Kind of Fool (Do You Think I Am) [Re-Recorded],The Tams - Greatest Hits (Re-Recorded Version),R&B/Soul,2:37
Tanya Tucker,Delta Dawn (Single Version),Tanya Tucker: 16 Biggest Hits,Rock,2:57
Tapiola Choir & Kari Ala-Pöllänen,Siyahamba,"Choral Concert: Tapiola Choir - Merikanto, O. - Sibelius, J. - Pacius, F. - Tormis, V. - Mellnas, A. - Sallinen, A. - Jalkanen, P. - Hannikainen, P.",Classical,1:49
Taylor Swift,Our Song,Taylor Swift (Bonus Track Version),Country,3:21
The Teddy Bears,To Know Him Is to Love Him (Remastered),To Know Him Is to Love Him (Remastered) - Single,Pop,2:22
Teddy Huffam & The Gems,Gone,The Iconic Artists of Southern Gospel Music,Southern Gospel,3:45
Teddy Pendergrass,When Somebody Loves You Back,The Essential Teddy Pendergrass,R&B/Soul,4:57
Teddy Pendergrass,"You're My Latest, My Greatest Inspiration",The Essential Teddy Pendergrass,R&B/Soul,5:21
Teddy Pendergrass,Joy,Joy,Pop,6:16
The Temptations,Silent Night,Give Love At Christmas,Holiday,6:06
The Temptations,It's Growing,Gold,R&B/Soul,2:56
The Temptations,Ain't Too Proud To Beg,Gold,R&B/Soul,2:32
The Temptations,I Can't Get Next To You,Gold,R&B/Soul,2:52
The Temptations,Just My Imagination (Running Away With Me),Gold,R&B/Soul,3:47
The Temptations,Treat Her Like a Lady (Single Version),Gold,R&B/Soul,4:17
The Temptations,Papa Was a Rollin' Stone (Single Version),"The Millennium Collection: Best of Motown 1970s, Vol. 1",R&B/Soul,6:58
The Temptations,My Girl,"20th Century Masters - The Millennium Collection: The Best of The Temptations, Vol. 1 (The '60s)",R&B/Soul,2:45
The Temptations,The Way You Do the Things You Do,"20th Century Masters - The Millennium Collection: The Best of The Temptations, Vol. 1 (The '60s)",R&B/Soul,2:42
The Temptations,Beauty Is Only Skin Deep (Single Version / Mono),"20th Century Masters - The Millennium Collection: The Best of The Temptations, Vol. 1 (The '60s)",R&B/Soul,2:25
The Temptations,Get Ready,"20th Century Masters - The Millennium Collection: The Best of The Temptations, Vol. 1 (The '60s)",R&B/Soul,2:40
The Temptations,Heavenly,1990,R&B/Soul,3:59
The Ten Tenors,What a Wonderful World,Nostalgica,Pop,4:15
The Ten Tenors,O Holy Night,Our Christmas Wish,Holiday,4:16
Tennessee Ernie Ford,The Ballad of Davy Crockett,Capitol Collectors Series: Tennessee Ernie Ford,Pop,2:53
Tennessee Ernie Ford,Rock Of Ages,Hymns,Country,2:48
Tennessee Ernie Ford,Sweet Hour Of Prayer,Hymns,Country,2:55
Tennessee Ernie Ford,Sixteen Tons (Digitally Remastered),Sixteen Tons (Digitally Remastered) - Single,Vocal,2:35
Tennessee Ernie Ford,"Medley: How Great Thou Art / Farther Along // The Tennessee Ernie Ford Show - September, 1962",Wayfaring Pilgrim - Vol. 1,Christian,3:37
Tennessee Ernie Ford,"The Old Rugged Cross // The Ford Show - April 4, 1958",Wayfaring Pilgrim - Vol. 1,Christian,3:07
The Tennessee Guitars,Perfidia,Spanish Gold,Country,2:26
Teresa Brewer,Bo Weevil,The Best of Teresa Brewer,Vocal,2:23
Teresa Brewer,Till I Waltz Again with You,The Best of Teresa Brewer,Vocal,3:02
Teresa Brewer,A Tear Fell,The Best of Teresa Brewer,Vocal,2:35
Teresa Brewer,(Put Another Nickel In) Music! Music! Music!,A Sweet Old-Fashioned Girl,Pop,2:41
Teresa Teng,月亮代表我的心,天國的情人 - 鄧麗君逝世十周年紀念聲影存集  (10th Anniversary),Mandopop,3:31
Teresa Teng,夜來香,天國的情人 - 鄧麗君逝世十周年紀念聲影存集  (10th Anniversary),Mandopop,3:16
Teresa Teng,小城故事,天國的情人 - 鄧麗君逝世十周年紀念聲影存集  (10th Anniversary),Mandopop,2:39
Teresa Teng,甜蜜蜜,天國的情人 - 鄧麗君逝世十周年紀念聲影存集  (10th Anniversary),Mandopop,3:30
Teresa Teng,你怎麼說,天國的情人 - 鄧麗君逝世十周年紀念聲影存集  (10th Anniversary),Mandopop,3:24
Thelma Houston,Don't Leave Me This Way (Single Version),"The Millennium Collection: Best of Motown 1970s, Vol. 1",R&B/Soul,3:39
Thelonious Monk,'Round Midnight,The Best of Thelonious Monk (Remastered),Jazz,6:41
Thelonious Monk,Caravan,The Best of Thelonious Monk (Remastered),Jazz,5:56
Thelonious Monk,"This Is My Story, This Is My Song","Straight, No Chaser",Jazz,1:42
Thelonious Monk & Gerry Mulligan,"Straight, No Chaser (feat. Wilbur Ware & Shadow Wilson) [Take 3]",The Best of Thelonious Monk (Remastered),Jazz,6:58
Thelonious Monk Septet & Coleman Hawkins,"Ruby, My Dear",The Best of Thelonious Monk (Remastered),Jazz,5:24
Third Day,Your Love Oh Lord,"Chronology, Vol. 1 (1996-2000)",Christian,3:53
Third Day,Cry Out to Jesus,Wherever You Are,Christian,4:42
Thomas Whitfield,We Need a Word from the Lord,The New Gospel Legends: The Best of Thomas Whitfield,Christian,3:57
Thomas Whitfield,"Oh, How I Love Jesus",The New Gospel Legends: The Best of Thomas Whitfield,Christian,5:18
The Three Degrees,When Will I See You Again,The Best of The Three Degrees - When Will I See You Again,R&B/Soul,2:58
Three Dog Night,Try a Little Tenderness,The Complete Hit Singles,Rock,4:23
Three Dog Night,Celebrate,The Complete Hit Singles,Rock,3:01
Three Dog Night,Mama Told Me (Not to Come),The Complete Hit Singles,Rock,3:19
Three Dog Night,Shambala,The Complete Hit Singles,Rock,3:26
Three Dog Night,Joy to the World (Single Version),20th Century Masters - The Millennium Collection: The Best of the Seventies,Rock,3:18
Thurston Harris,Little Bitty Pretty One (Rerecorded),Little Bitty Pretty One,Pop,2:23
"Tim Bowman, Jr.",Good Good Father,Listen,Gospel,5:42
Tim McGraw,Humble and Kind,Damn Country Music (Deluxe Edition),Country,4:20
Tim McGraw,My Little Girl,Flicka (Motion Picture Soundtrack),Soundtrack,3:44
Tim McGraw,"I Like It, I Love It",Greatest Hits,Country,3:27
Tim McGraw,Just to See You Smile,Greatest Hits,Country,3:35
Tim McGraw,Down On the Farm,Greatest Hits,Country,2:56
Tim O'Brien,Pretty Fair Maid In the Garden,Fiddler's Green,Country,3:52
Tim O'Brien,Look Down that Lonesome Road,Transatlantic Sessions - Series 3: Volume Two,Celtic,3:28
Tina Turner,Proud Mary (1993 Version),All the Best: The Hits,R&B/Soul,5:27
Tina Turner,Better Be Good to Me,All the Best: The Hits,R&B/Soul,5:11
Tina Turner,What's Love Got to Do with It,Love Songs,Pop,3:47
Tito Puente,Ran Kan Kan,The Best of the Concord Years,Jazz,5:15
Tito Puente,Take Five,The Best of the Concord Years,Jazz,6:02
Tito Puente,El Cayuco,King of Kings: The Very Best of Tito Puente,Worldwide,2:35
Tito Puente,Mi Chiquita Quiere Bembé (Cha Cha Bembé),King of Kings: The Very Best of Tito Puente,Worldwide,3:51
Tito Puente,Llego Mijan (Son Montuno),King of Kings: The Very Best of Tito Puente,Worldwide,3:13
Tito Puente,Oye Cómo Va,Willie Colón y Tito Puente,Latin,4:34
Tito Puente & Santos Colón,Babarabatiri,Anthology,Música tropical,3:42
Tito Puente and His Orchestra,Cuban Fantasy,Cuban Carnival,Música tropical,1:55
Tito Puente and His Orchestra,Saca Tu Mujer,"Dance Mania, Vol. 1 (Remastered)",Música tropical,3:05
Tito Puente and His Orchestra,Oye Mi Guaguancó,King of Kings: The Very Best of Tito Puente,Worldwide,3:35
Tito Puente and His Orchestra,Hong Kong Mambo (Master Take #2),King of Kings: The Very Best of Tito Puente,Worldwide,3:48
Tito Puente and His Orchestra,Agua Limpia Todo,Lo Mejor de Lo Mejor: Tito Puente,Música tropical,2:54
Tito Rodríguez,Inolvidable,Greatest Hits,Música tropical,3:12
Tito Rodríguez,Tú No Comprendes,Rafael Hernandez: El Jíbarito Inmortal,Música tropical,2:21
Tito Rodriguez And His Orchestra,Dónde Estabas Tú,Greatest Hits,Música tropical,3:06
Tito Rodriguez And His Orchestra,Bésame la Bembita,Mambo Madness,Música tropical,3:16
Tito Rojas,Lo Que Te Queda,A Mi Estilo..,Latin,5:01
Toby Keith,Red Solo Cup,Clancy's Tavern (Deluxe Edition),Country,3:43
Toby Keith,American Soldier,Shock'n Y'all,Country,4:23
Toby Keith,Should've Been a Cowboy,Should've Been a Cowboy (25th Anniversary Edition),Country,3:30
Toby Keith,"Courtesy of the Red, White and Blue (The Angry American)",Unleashed,Country,3:16
Toby Keith,As Good As I Once Was,35 Biggest Hits,Country,3:48
Toby Philpott,"Piano Sonato No. 11 in A Major, K. 331: (III. Rondo Alla Turca) ""Turkish March""",Classical Piano: Top 10 Greatest Songs,Classical,3:31
Todd Rundgren,I Saw the Light,The Very Best of Todd Rundgren,Rock,3:03
The Tokens,The Lion Sleeps Tonight (Wimoweh),The Lion Sleeps Tonight,Pop,2:41
"Tölzer Knabenchor, Christian Günther, Carsten Müller, Philipp Cieslewicz, Christian M. Immler & Gerhard Schmidt-Gaden","Regina Coeli, K. 276 (321b) in C Major for 4 voices, Choir, Orchestra and Organ","Mozart: Requiem, Choral Works",Classical,6:25
Tom Jones,It's Not Unusual,20th Century Masters - The Millennium Collection: The Best of Tom Jones,Pop,1:59
Tom Jones,What's New Pussycat?,20th Century Masters - The Millennium Collection: The Best of Tom Jones,Pop,2:04
Tom Jones,Green Green Grass of Home,20th Century Masters - The Millennium Collection: The Best of Tom Jones,Pop,3:03
Tom Jones,Delilah,20th Century Masters - The Millennium Collection: The Best of Tom Jones,Pop,3:21
Tom Jones,She's a Lady,20th Century Masters - The Millennium Collection: The Best of Tom Jones,Pop,2:52
Tom Paxton,I Can't Help But Wonder Where I'm Bound,The Best of Tom Paxton: I Can't Help But Wonder Where I'm Bound: The Elektra Years,Singer/Songwriter,3:40
Tom Paxton,The Last Thing On My Mind,Ramblin' Boy,Singer/Songwriter,3:05
Tom Petty,Yer So Bad,Full Moon Fever,Rock,3:06
Tom Petty,I Won't Back Down,Greatest Hits,Rock,2:57
Tom Petty,Runnin' Down a Dream,Greatest Hits,Rock,4:23
Tom Petty,Free Fallin',Greatest Hits,Rock,4:16
Tom Petty & The Heartbreakers,American Girl,Greatest Hits,Rock,3:33
Tom Petty & The Heartbreakers,Breakdown,Greatest Hits,Rock,2:42
Tom Petty & The Heartbreakers,Listen to Her Heart,Greatest Hits,Rock,3:03
Tom Petty & The Heartbreakers,I Need to Know,Greatest Hits,Rock,2:24
Tom Petty & The Heartbreakers,Refugee,Greatest Hits,Rock,3:22
Tom Petty & The Heartbreakers,Don't Do Me Like That,Greatest Hits,Rock,2:42
Tom Petty & The Heartbreakers,Even the Losers,Greatest Hits,Rock,3:39
Tom Petty & The Heartbreakers,Here Comes My Girl,Greatest Hits,Rock,4:26
Tom Petty & The Heartbreakers,The Waiting,Greatest Hits,Rock,3:59
Tom Petty & The Heartbreakers,You Got Lucky,Greatest Hits,Rock,3:35
Tom Petty & The Heartbreakers,Don't Come Around Here No More,Greatest Hits,Rock,5:04
Tom Petty & The Heartbreakers,Learning to Fly,Greatest Hits,Rock,4:03
Tom Petty & The Heartbreakers,Into the Great Wide Open,Greatest Hits,Rock,3:42
Tom Petty & The Heartbreakers,Mary Jane's Last Dance,Greatest Hits,Rock,4:32
Tom Petty & The Heartbreakers,Something In the Air,Greatest Hits,Rock,3:22
Tom Petty & The Heartbreakers,Walls (Circus),She's the One (Songs and Music from the Motion Picture),Rock,4:25
Tommy Dorsey and His Orchestra,Boogie Woogie,The Best of Tommy Dorsey (Remastered),Jazz,3:14
Tommy Dorsey and His Orchestra,Opus One,The Best of Tommy Dorsey (Remastered),Jazz,2:59
Tommy Dorsey and His Orchestra,I'll Be Seeing You,The Essential Frank Sinatra With the Tommy Dorsey Orchestra,Jazz,3:03
Tommy Dorsey and His Orchestra,"On the Sunny Side of the Street (From ""Is Everybody Happy?"")",The Sentimental Gentleman of Swing,Jazz,3:14
Tommy Dorsey and His Orchestra & Frank Sinatra,Say It,The Essential Frank Sinatra With the Tommy Dorsey Orchestra,Jazz,3:24
Tommy Dorsey and His Orchestra & Frank Sinatra,Polka Dots and Moonbeams,The Essential Frank Sinatra With the Tommy Dorsey Orchestra,Jazz,3:20
Tommy Dorsey and His Orchestra & Frank Sinatra,Fools Rush In (Where Angels Fear to Tread),The Essential Frank Sinatra With the Tommy Dorsey Orchestra,Jazz,3:11
Tommy Dorsey and His Orchestra & Frank Sinatra,Trade Winds,The Essential Frank Sinatra With the Tommy Dorsey Orchestra,Jazz,2:58
Tommy Dorsey and His Orchestra & Jack Leonard,All the Things You Are,Greatest Hits,Jazz,3:20
Tommy James & The Shondells,I Think We're Alone Now (Single Version),Anthology,Rock,2:13
Toni Braxton,Why Should I Care,Secrets,R&B/Soul,4:26
Toni Braxton,Breathe Again,Toni Braxton,R&B/Soul,4:29
Toni Braxton,You Mean the World to Me,Toni Braxton,R&B/Soul,4:56
Toni Braxton,Un-Break My Heart,Ultimate Toni Braxton,R&B/Soul,4:28
Tony Bennett,The Boulevard of Broken Dreams,The Classics (Deluxe Edition),Vocal Pop,2:55
Tony Bennett,Because of You,The Classics (Deluxe Edition),Vocal Pop,2:57
Tony Bennett,"Cold, Cold Heart",The Classics (Deluxe Edition),Vocal Pop,2:38
Tony Bennett,Blue Velvet,The Classics (Deluxe Edition),Vocal Pop,3:01
Tony Bennett,Rags to Riches,The Classics (Deluxe Edition),Vocal Pop,2:49
Tony Bennett,Stranger in Paradise,The Classics (Deluxe Edition),Soundtrack,3:05
Tony Bennett,Just in Time,The Classics (Deluxe Edition),Soundtrack,2:33
Tony Bennett,The Way You Look Tonight,The Classics (Deluxe Edition),Vocal Pop,3:05
Tony Bennett,Put on a Happy Face,The Classics (Deluxe Edition),Soundtrack,2:38
Tony Bennett,I Left My Heart in San Francisco (Single Version),The Classics (Deluxe Edition),Vocal Pop,2:53
Tony Bennett,I Wanna Be Around,The Classics (Deluxe Edition),Jazz,2:12
Tony Bennett,The Good Life,The Classics (Deluxe Edition),Jazz,2:16
Tony Bennett,Who Can I Turn To (When Nobody Needs Me),The Classics (Deluxe Edition),Soundtrack,2:56
Tony Bennett,If I Ruled the World (Remastered),The Classics (Deluxe Edition),Jazz,3:01
Tony Bennett,My Favorite Things (Remastered),The Classics (Deluxe Edition),Christmas: Jazz,3:17
Tony Bennett,When Do the Bells Ring for Me (Remastered),The Classics (Deluxe Edition),Jazz,2:58
Tony Bennett,Evenin' (with Ray Charles),The Classics (Deluxe Edition),Jazz,4:13
Tony Bennett,Smile (with Barbra Streisand),The Classics (Deluxe Edition),Jazz,4:40
Tony Bennett,The Shadow of Your Smile (with Juanes),The Classics (Deluxe Edition),Jazz,4:33
Tony Bennett,The Best Is Yet to Come (with Diana Krall),The Classics (Deluxe Edition),Vocal Pop,3:40
Tony Bennett,For Once in My Life (with Stevie Wonder),The Classics (Deluxe Edition),Jazz,3:23
Tony Bennett,Steppin' Out with My Baby,The Classics (Deluxe Edition),Vocal Pop,2:03
Tony Bennett,(I Left My Heart) In San Francisco,I Left My Heart In San Francisco,Jazz,2:57
Tony Bennett,Fly Me to the Moon,If I Ruled the World: Songs for the Jet Set (I Don't Need Her),Jazz,4:10
Tony Bennett & Amy Winehouse,Body and Soul,The Classics (Deluxe Edition),Pop,3:21
Tony Bennett & Carrie Underwood,It Had to Be You,The Classics (Deluxe Edition),Vocal Pop,3:49
Tony Bennett & John Mayer,One for My Baby (And One More for the Road),The Classics (Deluxe Edition),Vocal Pop,2:56
Tony Bennett & k.d. lang,What a Wonderful World,The Classics (Deluxe Edition),Jazz,3:20
Tony Bennett & Lady Gaga,The Lady is a Tramp,The Classics (Deluxe Edition),Vocal Pop,3:17
Tony Bennett & Michael Bublé,Don't Get Around Much Anymore,The Classics (Deluxe Edition),Vocal Pop,2:39
Tony Bennett & Ralph Sharon Trio,How Do You Keep the Music Playing (with Ralph Sharon Trio),The Classics (Deluxe Edition),Jazz,4:18
Toots Thielemans,Moulin Rouge,Chez Toots,French Pop,2:52
Toto,Hold the Line,Toto,Rock,3:56
Toto,Rosanna,Toto IV,Rock,5:31
Toto,Africa,Toto IV,Rock,4:55
Townes Van Zandt,If I Needed You,The Best of Townes Van Zandt,Country,3:44
Tracy Chapman,Give Me One Reason,New Beginning,Singer/Songwriter,4:28
Tracy Chapman,Fast Car,Tracy Chapman,Singer/Songwriter,4:57
Traffic,Dear Mr. Fantasy,Feelin' Alright: The Very Best of Traffic,Rock,5:37
Train,Drops of Jupiter (Tell Me),Drops of Jupiter,Rock,4:20
Train,"Hey, Soul Sister (Karmatronic Radio Edit)","Hey, Soul Sister - Single",Pop,3:40
Train,Calling All Angels,My Private Nation,Rock,4:02
The Trammps,Hold Back the Night,Essential: Soul Love,R&B/Soul,3:45
The Trammps,Disco Inferno (Single Edit),Rhino Hi-Five: The Trammps - EP,R&B/Soul,3:12
Trans-Siberian Orchestra,A Mad Russian's Christmas (Instrumental),Christmas Eve and Other Stories,Holiday,4:42
Trans-Siberian Orchestra,Christmas / Sarajevo 12/24 (Instrumental),Christmas Eve and Other Stories,Holiday,3:25
Trans-Siberian Orchestra,Wizards in Winter (Instrumental),The Lost Christmas Eve,Holiday,3:06
The Traveling Wilburys,Handle With Care (Remastered 2016),"The Traveling Wilburys, Vol. 1 (Remastered 2016)",Rock,3:19
The Traveling Wilburys,End of the Line (Remastered 2016),"The Traveling Wilburys, Vol. 1 (Remastered 2016)",Rock,3:27
Travis Tritt,It's a Great Day to Be Alive,Down the Road I Go,Country,4:02
Trini Lopez,Cuando Caliente el Sol,If I Had a Hammer,Pop,2:27
Trini Lopez,Bésame Mucho,Latino Legend: Trini Lopez,Pop,2:43
Trio Belcanto,Siko Chorepse Syrtaki,Oi Megales Epitychies No. 1,Pop,3:29
Trio Belcanto,"Paei, Paei",Oi Megales Epitychies No. 1,Pop,2:38
Trio Belcanto,Chathikes (Den Echei Dromo Na Diavo),Oi Megales Epitychies No. 1,Pop,3:11
Trio Belcanto,Ta Deilina,Oi Megales Epitychies No. 1,Pop,2:41
Trio Belcanto,"Dimitri Mou, Dimitri Mou",Oi Megales Epitychies No. 1,Pop,3:17
Trio Los Panchos,María bonita,70 años con Los Panchos,Latin,2:41
Trio Los Panchos,Noche de ronda,70 años con Los Panchos,Latin,2:58
Trio Los Panchos,Princesa de la noche,70 años con Los Panchos,Latin,2:43
Trio Mexico,Pecado,Lo Mejor de los Panchos Epoca de Oro,Latin,2:59
Trout Fishing In America,What I Want Is a Proper Cup of Coffee,Big Trouble,Rock,4:09
The Turtles,Happy Together,Happy Together,Pop,2:56
The Tymes,Miss Grace (Re-Recorded Version) [Re-Recorded],All The Hits Of The Tymes Plus More (Re-Recorded Versions) - EP (Re-Recorded Version),R&B/Soul,3:23
The Tymes,You Little Trustmaker (Rerecorded),Back to the 70's: Super 18 Hits (Rerecorded Version),Pop,2:38
The Tymes,So Much in Love (Rerecorded),Love Songs We Used to Share: Super 18 Hits (Rerecorded Version),Rock,2:20
Tyrone Davis,Can I Change My Mind,Tyrone Davis: 20 Greatest Hits,R&B/Soul,2:51
Tyrone Davis,Turn Back the Hands of Time,Tyrone Davis: 20 Greatest Hits,R&B/Soul,3:00
U.S.A. for Africa,We Are the World,We Are the World - Single,Rock,7:07
U2,Beautiful Day,The Best of 1990-2000,Rock,4:05
U2,I Still Haven't Found What I'm Looking For,The Joshua Tree,Rock,4:37
U2,With or Without You,The Joshua Tree,Rock,4:56
UB40,Red Red Wine (12'' Version),Labour of Love,Reggae,5:21
United States Air Force Band & Lowell Graham,You're a Grand Old Flag,50 Patriotic Songs: Music for the 4th of July,Classical,1:17
United States Army Ceremonial Band,Reveille,A Patriotic Salute to the Military Family,Singer/Songwriter,0:26
United States Army Chorus & Jim Keene,Yankee Doodle,50 Patriotic Songs: Music for the 4th of July,Classical,1:35
United States Marine Band,"Overture : Morning, Noon and Night In Vienna (Recorded in 1973)",From Fife and Drum... Marine Band Recordings 1890-1988,Classical,8:20
United States Marine Band,Semper Fidelis,Sousa's Greatest Hits & Some That Should Have Been,Classical,2:43
United States Marine Band,The Star Spangled Banner (United States National Anthem),"United States Military and Patriotic Favorites: US Marines Classics, Vol. 1",Classical,1:21
United States Marine Band & Jack T. Kline,U.S. Field Artillery March,The Heritage of John Philip Sousa: Volume 8,Classical,2:34
United States Marine Band & John Philip Sousa,The Thunderer,Greatest Military Marches - the Very Best of John Philip Sousa,German Folk,2:40
United States Military Academy Band,When Johnny Comes Marching Home,Songs of the Civil War,Singer/Songwriter,2:11
United States Navy Band,Song of the Seabees,Music for Honors and Ceremonies,Singer/Songwriter,0:38
United States Navy Band,Anchors Aweigh (The U.S. Navy Song),50 American Patriotic Military Songs,Marching,1:09
The University of Arkansas Razorbacks Marching Band,A-R-K-A-N-S-A-S Cadence,Gameday Faves: Arkansas Razorbacks Classics,Pop,0:25
The University of Arkansas Razorbacks Marching Band,Arkansas Fight Song,Gameday Faves: Arkansas Razorbacks Classics,Pop,0:32
The University of Michigan Marching Band,Michigan the Victors,College Fight Songs - Michigan Wolverines,Singer/Songwriter,2:11
The University of Michigan Men's Glee Club,Laudes Atque Carmina,Echoes from the Cliffs,Vocal,1:06
The University of Michigan Men's Glee Club,Varsity and the Victors,Echoes from the Cliffs,Vocal,3:48
The University of Michigan Men's Glee Club,The Yellow and Blue,Echoes from the Cliffs,Vocal,1:15
The University Of Utah Singers,Dixie,Home On the Range,Vocal,2:19
Up With People,Up With People,Up With People,Singer/Songwriter,2:48
Urbie Green,On Green Dolphin Street,"East Coast Jazz, Vol. 6 (Remastered 2013)",Jazz,3:33
Urbie Green,Just One of Those Things,"East Coast Jazz, Vol. 6 (Remastered 2013)",Jazz,4:19
US Air Force Tactical Air Command Band,The Air Force Song,Ceremonial Music,Singer/Songwriter,1:09
US Army Band,National Emblem March,50 American Patriotic Military Songs,Marching,3:03
US Army Band,The Army Goes Rolling Along (The U.S. Army Song),50 American Patriotic Military Songs,Marching,1:07
US Army Band and Chorus,This Is My Country,A Hero For Today,Classical,2:44
US Coast Guard Band,Semper paratus (The U.S. Coast Guard Song),50 American Patriotic Military Songs,Marching,1:49
US Marine Band,The Marines' Hymn (The U.S. Marine Song),50 American Patriotic Military Songs,Marching,0:53
US Navy Band & Sea Chanters Chorus,Eternal Father (The U.S. Navy Hymn),50 American Patriotic Military Songs,Marching,2:15
Utah Valley Handbell Choir,Carol of the Bells,Bells of Christmas,Holiday,1:51
Utah Valley Handbell Choir,To God Be the Glory,Inspire-Ring Hymns,Christian,4:23
Van Halen,You Really Got Me,Van Halen,Hard Rock,2:36
Van Halen,Jump,1984,Hard Rock,4:02
Van McCoy,The Hustle - Original Mix,The Hustle and the Best of Van Mccoy,Pop,4:14
Van Morrison,Brown Eyed Girl,The Essential Van Morrison,Rock,3:05
Van Morrison,Have I Told You Lately,The Essential Van Morrison,Rock,4:19
Van Morrison,Moondance,Moondance,Rock,4:34
Van Morrison,Into the Mystic,Moondance (Expanded Edition),Rock,3:28
Vanessa Bell Armstrong,Peace Be Still,Greatest Hits,Christian,6:30
Vanessa Bell Armstrong,Nobody But Jesus,Greatest Hits,Christian,7:02
Vanessa Bell Armstrong,We Sing Glory,Praise & Worship,Christian,5:12
Vanessa Bell Armstrong,You Bring Out the Best In Me,Vanessa Bell Armstrong,Christian,4:27
Vanessa Williams,Colors of the Wind (End Title),Pocahontas (Original Motion Picture Soundtrack),Musicals,4:18
Vangelis,Chariots of Fire,Chariots of Fire (Music from the Stage Show),Soundtrack,3:29
Various Artists,One,A Chorus Line (The New Cast Recording),Soundtrack,5:56
Vaughn Monroe,Racing With the Moon (Vaughn's Theme Song),Best of Vaughn Monroe,Vocal,3:16
Vaughn Monroe,There I Go,Best of Vaughn Monroe,Vocal,2:53
Vaughn Monroe,There! I've Said It Again,Best of Vaughn Monroe,Vocal,3:10
Vaughn Monroe,Red Roses for a Blue Lady,"Classic Years of Vaughn Monroe, Vol. 1",Vocal,2:57
Vaughn Monroe,Ev'rday I Love You (Just a Little Bit More),"Classic Years of Vaughn Monroe, Vol. 1",Vocal,2:31
Vaughn Monroe,Ballerina,"Classic Years of Vaughn Monroe, Vol. 1",Vocal,3:27
The Velvet Underground,Pale Blue Eyes,The Velvet Underground,Rock,5:40
The Velvet Underground & Nico,Heroin,The Velvet Underground & Nico (45th Anniversary Edition),Rock,7:14
The Ventures,Hawaii 5-0,Greatest Surf Guitar Classics,Rock,2:43
The Ventures,"Walk, Don't Run",Walk - Don't Run: The Best of the Ventures,Rock,2:05
Vic Damone,Again,The Best of Vic Damone: The Mercury Years,Pop,2:56
Vic Damone,You're Breaking My Heart,The Best of Vic Damone: The Mercury Years,Pop,3:15
Vic Damone,Ebb Tide,The Best of Vic Damone: The Mercury Years,Pop,2:43
Vic Damone,The Shadow of Your Smile,Golden Legends -  Vic Damone,Pop,4:04
Vic Damone,On the Street Where You Live,16 Most Requested Songs,Pop,2:43
Vicente Fernández,Las Mañanitas,Lo Mejor de la Baraja Con el Rey,Música Mexicana,2:42
Vicentico Valdés,Mi Vaca Lechera,Guarachas & Guaguancós (1946),Música tropical,2:24
Victor Manuelle,He Tratado,A Pesar de Todo,Música tropical,5:03
Victor Manuelle,Volverás,Victor Manuelle,Música tropical,5:27
Victor Manuelle,Como una Estrella,Victor Manuelle,Música tropical,4:48
Vienna Philharmonic & James Levine,Skocná (Dance of the Comedians) from The Bartered Bride,Smetana: The Moldau,Classical,6:09
Vienna Symphonic Orchestra Project,Phantom of the Opera,"VSOP, Vol. 4",Pop,4:32
Vikki Carr,Cuando Calienta El Sol,The Best Of Vikki Carr: The Liberty Years,Easy Listening,3:15
Vikki Carr,Sunday Mornin' Comin' Down,Nashville by Carr,Pop,3:43
Vikki Carr,Yesterday When I Was Young,Nashville by Carr,Pop,3:26
"Viktoria Loukianetz, Kurt Azesberger, Gabriele Sima, Robert Holzer, Hungarian Radio Chorus, Béla Drahos & Nicolaus Esterházy Sinfonia","Mass No. 7 in B-Flat Major, Hob. XXII:7, ""Missa brevis Sancti Joannis de Deo"", ""Kleine Orgelsolomesse"" (Little Organ Mass): Kyrie",50 of the Best: Haydn,Classical,2:27
"Viktoria Loukianetz, Kurt Azesberger, Gabriele Sima, Robert Holzer, Hungarian Radio Chorus, Béla Drahos & Nicolaus Esterházy Sinfonia","Mass No. 7 in B-Flat Major, Hob. XXII:7, ""Missa brevis Sancti Joannis de Deo"", ""Kleine Orgelsolomesse"" (Little Organ Mass): Agnus Dei",50 of the Best: Haydn,Classical,3:39
"Viktoria Loukianetz, Kurt Azesberger, Gabriele Sima, Robert Holzer, Hungarian Radio Chorus, Béla Drahos & Nicolaus Esterházy Sinfonia","Mass No. 11 in D Minor, Hob. XXII:11, ""Nelsonmesse"", ""Imperial Mass"", ""Coronation Mass"": Kyrie",50 of the Best: Haydn,Classical,4:25
"Viktoria Loukianetz, Kurt Azesberger, Gabriele Sima, Robert Holzer, Hungarian Radio Chorus, Béla Drahos & Nicolaus Esterházy Sinfonia","Mass No. 11 in D Minor, Hob. XXII:11, ""Nelsonmesse"", ""Imperial Mass"", ""Coronation Mass"": Gloria: Gloria in excelsis Deo",50 of the Best: Haydn,Classical,3:32
"Viktoria Loukianetz, Kurt Azesberger, Gabriele Sima, Robert Holzer, Hungarian Radio Chorus, Béla Drahos & Nicolaus Esterházy Sinfonia","Mass No. 11 in D Minor, Hob. XXII:11, ""Nelsonmesse"", ""Imperial Mass"", ""Coronation Mass"": Gloria: Qui tollis peccata mundi",50 of the Best: Haydn,Classical,5:03
"Viktoria Loukianetz, Kurt Azesberger, Gabriele Sima, Robert Holzer, Hungarian Radio Chorus, Béla Drahos & Nicolaus Esterházy Sinfonia","Mass No. 11 in D Minor, Hob. XXII:11, ""Nelsonmesse"", ""Imperial Mass"", ""Coronation Mass"": Gloria: Quoniam tu solus sanctus",50 of the Best: Haydn,Classical,2:43
Village People,Y.M.C.A.,Best of Village People,Disco,4:48
The Village Singers,On My Father's Side,There's a Great Day Coming,Country,3:34
Vince Gill,Pretty Little Adriana,High Lonesome Sound,Country,3:48
Vince Gill,Don't Let Our Love Start Slippin' Away,I Still Believe in You,Country,3:45
Vince Gill,One More Last Chance,I Still Believe in You,Country,3:11
Vince Gill,I Still Believe in You,I Still Believe in You,Country,4:00
Vince Gill,When I Call Your Name,When I Call Your Name,Country,4:15
Vince Gill,Go Rest High on That Mountain,When Love Finds You,Country,5:16
Vince Guaraldi Trio,Greensleeves,A Charlie Brown Christmas (Original 1965 TV Soundtrack) [Expanded Edition],Holiday,5:29
Vivian Blaine & The Hot Box Girls,A Bushel and a Peck (Remastered 2000),Guys & Dolls (Remastered) [Bonus Tracks],Pop,1:35
Vladimir Horowitz,"6 Moments Musicaux, Op. 94, D. 780: No. 3 in F Minor (Allegro Moderato)",20th Century Masters - The Best of Vladimir Horowitz,Classical,2:02
Vladimir Horowitz,"Sonata in E, K. 380: Andante commodo",20th Century Masters - The Best of Vladimir Horowitz,Classical,4:14
Vladimir Horowitz,"Piano Sonata No. 13 in B-Flat, K. 333: I. Allegro",20th Century Masters - The Best of Vladimir Horowitz,Classical,10:41
Vladimir Horowitz,"Rondo in D Major, K. 485",20th Century Masters - The Best of Vladimir Horowitz,Classical,6:24
Vladimir Horowitz,"Schwanengesang, S. 560 - Piano Transcriptions After Schubert: No. 4 Ständchen (Serenade)",20th Century Masters - The Best of Vladimir Horowitz,Classical,5:43
Vladimir Horowitz,"3 Marches Militaires, D. 733 (Op.51): No. 1 in D-Flat",20th Century Masters - The Best of Vladimir Horowitz,Classical,6:11
Vladimir Horowitz,"4 Impromptus, Op. 90, D. 899: No. 4 in A-Flat: Allegretto",20th Century Masters - The Best of Vladimir Horowitz,Classical,7:49
Vladimir Horowitz,"Kinderszenen, Op. 15: I. Von fremden ländern und menschen",20th Century Masters - The Best of Vladimir Horowitz,Classical,1:34
Vladimir Horowitz,"Kinderszenen, Op. 15: 7. Träumerei",20th Century Masters - The Best of Vladimir Horowitz,Classical,2:39
Vladimir Horowitz,"Polonaise No. 6 in A-Flat, Op. 53 -""Heroic""",20th Century Masters - The Best of Vladimir Horowitz,Classical,7:19
Vladimir Horowitz,"3 Pieces for Piano, Op. 2: I. Etude in C-Sharp Minor",20th Century Masters - The Best of Vladimir Horowitz,Classical,2:43
Vladimir Horowitz,"12 Etudes for Piano, Op.8: No. 12 in D-Sharp Minor",20th Century Masters - The Best of Vladimir Horowitz,Classical,2:28
Vladimir Horowitz,"Prélude in G-Sharp Minor, Op. 32, No.12",20th Century Masters - The Best of Vladimir Horowitz,Classical,2:55
The Vogues,You Are My Special Angel,You Are My Special Angel - Single,Pop,3:06
Wadi el-Safi & Hanan,Waddy Ya Baher Waddy,Hanan and Wadi el-Safi: Masters of Mid Century Lebanese Music,Worldwide,3:27
Wadie Essafi,Ala rimchi ouyounha,Top Wadie Essafi (The Voice of Lebanon),Arabic,5:14
Wadih El Safi,Talloo Hababna Talloo,Arabic Golden Oldies: Wadih El Safih - Al Rawaih,Worldwide,3:08
Wadih El Safi,Mawal Rah Halfak Bil Gisin,Arabic Golden Oldies: Wadih El Safih - Al Rawaih,Worldwide,6:50
Wadih El Safi,Aal Hada Aal Hada,Arabic Golden Oldies: Wadih El Safih - Al Rawaih,Worldwide,2:58
Wadih El Safi,Marakooh Al Hasadin,Arabic Golden Oldies: Wadih El Safih - Al Rawaih,Worldwide,6:54
Wadih El Safi,Ya Ibnee,"Arabic Golden Oldies: Wadih El Safih - Dahabiyat, Vol. 1",Worldwide,5:44
Wadih El Safi,Al Layloo Ya Layla,"Arabic Golden Oldies: Wadih El Safih - Dahabiyat, Vol. 2",Worldwide,6:15
Wadih El Safi,Eindak Behoriya,"Arabic Golden Oldies: Wadih El Safih - Dahabiyat, Vol. 2",Worldwide,8:40
Wadih El Safi,Abou el zoulouf,Best of,Arabic Pop,2:44
Wadih El Safi,Jayine Ya Arz El Jabal,The Best Of Al-Safi,Pop,7:39
Wadih El Safi,Mijana W Aataba,The Best Of Al-Safi,Pop,3:20
Wadih El Safi,Ouyounik Akhadouni,The Best Of Al-Safi,Pop,3:40
Wadih El Safi,Gatalouni Ouyouna El Soud,The Best Of Al-Safi,Pop,2:57
Wadih El Safi,Ammir Ya Mammir,Best of Wadih El Safi,Arabic,3:00
Wadih El Safi,Lubnan Ya Qitit Sama,Best of Wadih El Safi,Arabic,6:13
Wadih El Safi,Al Yadi El Yadi,Lebanese Legends,Worldwide,3:15
The Wailers,"Get Up, Stand Up",Legend – The Best Of Bob Marley & The Wailers,Reggae,3:18
The Wailers,I Shot The Sheriff,Legend – The Best Of Bob Marley & The Wailers,Reggae,4:42
WALK THE MOON,Shut Up and Dance,TALKING IS HARD,Alternative,3:19
Walt Solek & His Orchestra,Ta-Ra-Ra-Boom-De-Ay,16 Most Requested Songs: Polkas,Easy Listening,3:01
Walter Hawkins,What Is This?,Classic Gold: The Hawkins Family,Christian,6:08
Walter Hawkins,Be Grateful,Gospel Legacy,Christian,7:33
Walter Hawkins,Goin' Up Yonder,Gospel Legacy,Christian,9:24
Walter Hawkins,When the Battle Is Over,The Very Best of Walter Hawkins & the Hawkins Family,Christian,4:25
Walter Hawkins & The Hawkins Family,Jesus Christ Is the Way,The Very Best of Walter Hawkins & the Hawkins Family,Christian,5:06
Walter Hawkins & The Hawkins Family,Follow Me,The Very Best of Walter Hawkins & the Hawkins Family,Christian,3:02
War,Low Rider,Why Can't We Be Friends?,Rock,3:11
Warren Haynes,Soulshine (Live),Live At Bonnaroo,Rock,6:42
Waylon Jennings,"Luckenbach, Texas (Back to the Basics of Love) [feat. Willie Nelson]",Ultimate Waylon Jennings,Country,3:20
Waylon Jennings & Willie Nelson,Good Hearted Woman,Ultimate Waylon Jennings,Traditional Country,2:59
Waylon Jennings & Willie Nelson,Mammas Don't Let Your Babies Grow up to Be Cowboys,Waylon & Willie,Traditional Country,2:38
Wayne Cilento,I Can Do That,A Chorus Line - 40th Anniversary Celebration (Original Broadway Cast Recording),Soundtrack,1:34
Wayne Fontana & The Mindbenders,A Groovy Kind of Love,20th Century Masters - The Millennium Collection: Wayne Fontana & The Mindbenders,Rock,2:00
The Weavers,"Hard, Ain't It Hard",The Best of the Decca Years,Pop,3:07
Webb Pierce,In the Jailhouse Now,20 Award Winning Country Superstars,Country,2:23
Webb Pierce,Slowly,20th Century Masters - The Millennium Collection: The Best of Webb Pierce,Country,2:33
Wee Sing,Jesus Loves the Little Children,Wee Sing Bible Songs,Children's Music,0:40
Wee Sing,Jesus Loves Me,Wee Sing Bible Songs,Children's Music,0:36
Wee Sing,Father Abraham,Wee Sing Bible Songs,Children's Music,1:37
Weezer,Buddy Holly,Weezer,Pop,2:40
Weezer,Say It Ain't So,Weezer,Rock,4:19
Wes Montgomery,Four On Six,Incredible Jazz Guitar (Remastered),Jazz,6:15
Wes Montgomery,Fly Me To the Moon,Wes Montgomery: Greatest Hits,Jazz,2:53
Wes Montgomery,Eleanor Rigby,Wes Montgomery: Greatest Hits,Jazz,3:08
"Westminster Choir, Joan Lippincott, Ronald Arnatt & Joseph Flummerfelt","All Praise to Thee, My God, This Night",Westminster Choir: Favorite Hymns and Anthems,Classical,2:21
Wham!,Wake Me Up Before You Go-Go,Make It Big,Pop,3:51
The Whispers,Lady,Greatest Hits,R&B/Soul,5:08
Whitesnake,Here I Go Again,Saints & Sinners,Hard Rock,5:09
Whitney Houston,Joy to the World (with Georgia Mass Choir),One Wish: The Holiday Album,Christmas: R&B,4:42
Whitney Houston,I Go to the Rock (feat. The Georgia Mass Choir),The Preacher's Wife (Original Soundtrack Album),Soundtrack,4:05
Whitney Houston,I Wanna Dance with Somebody (Who Loves Me),Whitney,R&B/Soul,4:53
Whitney Houston,Saving All My Love for You,Whitney Houston,Pop,3:57
Whitney Houston,How Will I Know,Whitney Houston,Pop,4:30
Whitney Houston,Greatest Love of All,Whitney: The Greatest Hits,Pop,4:52
Whitney Houston,All at Once,Whitney: The Greatest Hits,Pop,4:32
Whitney Houston,Didn't We Almost Have It All,Whitney: The Greatest Hits,Pop,4:39
Whitney Houston,I Have Nothing,Whitney: The Greatest Hits,R&B/Soul,4:51
Whitney Houston,I Will Always Love You,Whitney: The Greatest Hits,Pop,4:29
Whitney Houston & The Florida Orchestra,The Star Spangled Banner,The Star Spangled Banner / America the Beautiful - Single,Pop,2:15
Whitney Houston & Mariah Carey,When You Believe (from The Prince of Egypt),My Love Is Your Love,Pop,4:33
The Who,Pinball Wizard,Tommy,Rock,3:01
The Who,Baba O'Riley,Who's Next (Bonus Track Version),Hard Rock,5:00
The Who,I Can See For Miles (Incl. Charles Atlas Commercial),20th Century Masters: The Millennium Collection: Best Of The Who,Soundtrack,4:22
The Who,Behind Blue Eyes,20th Century Masters: The Millennium Collection: Best Of The Who,Rock,3:43
Wiener Solisten & Maurice André,Trumpet Concerto in D Major: I Adagio,40 Most Beautiful Orchestral Classics,Classical,3:54
Wild Cherry,Play That Funky Music,Wild Cherry,Rock,5:00
Wilf Carter,Shoo Shoo Shoo She Lah Lah,Montana Slim,Country,2:09
Wilf Carter,You Are My Sunshine,"The Rose Grew Round the Briar: Early American Rural Love Songs, Vol. 2",Blues,3:26
Will to Power,"Baby, I Love Your Way / Freebird",Will to Power,R&B/Soul,4:07
William Daniels & 1776 Ensemble,"1776: Sit Down, John",1776 (Original Broadway Cast Recording),Soundtrack,1:57
"William Daniels, Rex Everhart, David Vosburgh, Henry Le Clair & Ken Howard","1776: But, Mr. Adams",1776 (Original Broadway Cast Recording),Soundtrack,5:09
William McDowell,I Give Myself Away,As We Worship Live,Christian,5:27
William Warfield,Ol' Man River,Show Boat (1951 Original Motion Picture Soundtrack),Soundtrack,3:41
"William Warfield, Aaron Copland & Columbia Symphony Orchestra",Old American Songs: Simple Gifts,Copland Conducts Copland (Expanded Edition),Classical,1:45
"William Warfield, Aaron Copland & Columbia Symphony Orchestra",Old American Songs (Set One): At the River,Copland Conducts Copland (Expanded Edition),Classical,3:14
The Williams Brothers,I'm Just a Nobody,Blessed,Christian,5:08
The Williams Brothers,Never Seen Your Face (Live),The Concert,Christian,5:19
The Williams Brothers,Living Testimony (Live),The Concert,Christian,4:10
The Williams Brothers,Sweep Around,Hand In Hand,Christian,4:33
The Williams Brothers,Still Strong,The Journey Continues.....,Christian,4:42
The Williams Brothers,Just to Say Thank You,"Songs of Worship, Praise & Deliverance",Christian,4:55
The Williams Brothers,Still Here (Live),Still Here (Live),Christian,5:22
Willie Banks And The Messengers,God's Goodness,The Best of Willie Banks,Christian,5:50
Willie Banks And The Messengers,God Is Still In Charge,The Best of Willie Banks,Christian,6:01
Willie Banks And The Messengers,Waiting On Jesus,The Best of Willie Banks,Christian,5:43
Willie Banks and the Messengers,The Wrong I've Done,Masterpiece,Christian,2:26
Willie Banks and the Messengers,You've Been Good to Me,Masterpiece,Christian,4:44
Willie Colón,Chonqui,El Malo,Música tropical,4:11
Willie Colón & Héctor Lavoe,Borinquen,El Malo,Música tropical,3:20
Willie Colón & Héctor Lavoe,El Malo,Greatest Hits,Latin,4:00
Willie Colón & Héctor Lavoe,El Día de Mi Suerte,Greatest Hits,Música tropical,5:29
Willie Colón & Héctor Lavoe,Eso Se Baila Así,The Hustler,Música tropical,5:18
Willie Colón & Héctor Lavoe,Abuelita,A Man and His Music: La Voz,Música tropical,4:22
Willie Colón & Héctor Lavoe,Ché Ché Colé,Salsa Explosion: The Sound Of Fania Records,Música tropical,3:29
Willie Colón & Héctor Lavoe,Todo Tiene Su Final,Salsa Explosion: The Sound Of Fania Records,Música tropical,5:00
Willie Colón & Ruben Blades,Pedro Navaja,Greatest Hits,Música tropical,7:23
Willie Colón & Ruben Blades,Buscando Guayaba,Greatest Hits,Música tropical,5:46
Willie Neal Johnson & The Gospel Keynotes,I Made a Vow,Going Back With the Lord,Christian,5:51
Willie Nelson,Loving Her Was Easier (Than Anything I'll Ever Do Again),The Essential Willie Nelson,Country,5:51
Willie Nelson,My Heroes Have Always Been Cowboys,Greatest Hits (& Some That Will Be),Country,3:04
Willie Nelson,Whiskey River,Shotgun Willie,Country,4:05
Willie Nelson,Blue Skies,Stardust,Country,3:38
Willie Nelson,Streets Of Laredo,Texas In My Soul,Country,3:32
Willie Nelson,Blue Eyes Crying in the Rain,16 Biggest Hits,Country,2:19
Willie Nelson,On the Road Again (Live),16 Biggest Hits,Country,2:32
Willie Nelson,Always On My Mind,16 Biggest Hits,Country,3:33
Willis Pittman & The Burden Lifters,Ask God In Faith,Little Johnny,Christian,4:14
Wilson Pickett,In the Midnight Hour,The Very Best of Wilson Pickett,Pop,2:37
Wilson Pickett,Land of 1000 Dances,The Very Best of Wilson Pickett,Pop,2:27
Wilson Pickett,Funky Broadway,The Very Best of Wilson Pickett,Pop,2:37
Wilson Pickett,Mustang Sally,The Wicked Pickett,R&B/Soul,3:08
Wintley Phipps,It Is Well With My Soul,Just As I Am and Other Favorite Hymns of Billy Graham,Christian,4:50
Wintley Phipps,No One Ever Cared for Me Like Jesus,Just As I Am and Other Favorite Hymns of Billy Graham,Christian,4:45
Wintley Phipps,I'd Rather Have Jesus,Just As I Am and Other Favorite Hymns of Billy Graham,Christian,6:20
Wintley Phipps,Just As I Am,Just As I Am and Other Favorite Hymns of Billy Graham,Christian,5:53
Wintley Phipps,Amazing Grace,Just As I Am and Other Favorite Hymns of Billy Graham,Christian,4:54
Wintley Phipps,Blessed Assurance,To God Be the Glory,Christian,4:32
WLP Choir,"Come, Holy Ghost",Catholic Treasures III: Classic Hymns and Songs,Christian,2:17
WLP Choir,Immaculate Mary:,Catholic Treasures IV: Classics of Praise and Honor,Christian,1:51
WLP Choir,"Holy God, We Praise Thy Name:",Catholic Treasures IV: Classics of Praise and Honor,Christian,3:24
WLP Choir,"Joyful, Joyful, We Adore Thee:",Catholic Treasures IV: Classics of Praise and Honor,Christian,2:47
Wolfgang Rübsam,"English Suite No. 6 in D Minor, BWV 811: I. Prelude",50 of the Best: J.S. Bach,Classical,9:04
Wolfgang Rübsam,"French Suite No. 6 in E Major, BWV 817: I. Allemande",50 of the Best: J.S. Bach,Classical,3:40
Wolfgang Rübsam,"Pastorale in F Major, BWV 590",50 of the Best: J.S. Bach,Classical,13:00
The Wonder Kids,London Bridge,100 Toddler Learning Songs,Children's Music,1:40
Yanni,After the Sunrise,Reflections of Passion,New Age,4:39
Yanni,The Rain Must Fall,Reflections of Passion,New Age,4:40
Yanni,Swept Away,Reflections of Passion,New Age,5:12
Yanni,Reflections of Passion,Reflections of Passion,New Age,4:37
Yanni,Nostalgia,Ultimate Yanni,New Age,5:38
Yanni,Felitsa,Ultimate Yanni,New Age,4:52
Yes,America (Single Version),Close to the Edge (Deluxe Edition),Rock,4:10
Yes,"I've Seen All Good People: A. Your Move, B. All Good People",The Ultimate Yes: 35th Anniversary Collection,Rock,6:56
Yes,Yours Is No Disgrace,The Yes Album,Rock,9:40
Yes,Perpetual Change,The Yes Album,Rock,8:52
Yes,Owner of a Lonely Heart,90125,Rock,4:30
Yo-Yo Ma,"Unaccompanied Cello Suite No. 1 in G Major, BWV 1007: Prélude",Inspired By Bach: The Cello Suites,Classical,2:21
Yo-Yo Ma,"Unaccompanied Cello Suite No. 1 in G Major, BWV 1007: Gigue",Inspired By Bach: The Cello Suites,Classical,1:43
Yo-Yo Ma,"Unaccompanied Cello Suite No. 6 in D Major, BWV 1012: Prélude",Inspired By Bach: The Cello Suites,Classical,4:39
"Yo-Yo Ma, Amsterdam Baroque Orchestra & Ton Koopman","Cantata, BWV 147: Jesus bleibet meine Freude",Essential Yo-Yo Ma,Classical,2:43
"Yo-Yo Ma, Seiji Ozawa, Itzhak Perlman & Boston Symphony Orchestra","Humoresque No. 7 in G-flat Major, Op. 101",The Dvorák Album,Classical,3:31
Yolanda Adams,I'm Gonna Be Ready,Believe,R&B/Soul,5:38
Yolanda Adams,Have Yourself a Merry Little Christmas,Christmas With Yolanda Adams,R&B/Soul,3:36
Yolanda Adams,The Battle Is the Lord's,The Essential Yolanda Adams,Christian,6:28
Yolanda Adams,Open My Heart,Mountain High... Valley Low,Contemporary Gospel,5:40
Yolanda Adams,Give Love On Christmas Day,What A Wonderful Time,Christian,3:50
The Young and Beautiful,The Young and the Restless,Soap Opera Themes,Soundtrack,3:26
The Young Rascals,Good Lovin',Time Peace: The Rascals' Greatest Hits,Rock,2:31
The Young Rascals,Groovin',Time Peace: The Rascals' Greatest Hits,Rock,2:27
"Yul Brynner, Deborah Kerr & Marni Nixon",Shall We Dance?,The King and I (Original Motion Picture Soundtrack),Musicals,4:24
Yvonne Elliman,I Don't Know How to Love Him,Jesus Christ Superstar (Original Studio Cast) [2012 Remastered],Musicals,3:41
Zac Brown Band,Toes,The Foundation (Deluxe Version),Country,4:21
Zac Brown Band,Chicken Fried,The Foundation (Deluxe Version),Country,3:57
Zac Brown Band,My Old Man,Welcome Home,Country,3:47
Zac Brown Band,Knee Deep (feat. Jimmy Buffett),You Get What You Give (Deluxe Version),Country,3:23
Zach Williams,Chain Breaker,Chain Breaker,Christian,3:17
Zach Williams,Old Church Choir,Chain Breaker,Christian,2:56
Zach Williams & Dolly Parton,There Was Jesus,There Was Jesus - Single,Christian,3:43
Zaki Nassif,Frashi W Zahra,Shta'na Aa Lebnan,Worldwide,4:09
Zaki Nassif,Ya Aashikata El Wardi,Shta'na Aa Lebnan,Worldwide,4:33
Zenph Studios & Art Tatum,Tea for Two (Redbook Stereo),Piano Starts Here - Live at The Shrine Zenph Re-performance,Jazz,3:14
Zion Harmonizers,This Little Light of Mine,Best of New Orleans Gospel,Christian,3:44
Zion Harmonizers,Soul of Mine,Bringing in the Sheaves,Gospel,6:04
Zion Harmonizers,I Want to Be At the Meeting,Bringing in the Sheaves,Gospel,5:04
Zion Harmonizers,Down By the Riverside,Bringing in the Sheaves,Gospel,3:31
Zion Harmonizers,If I Had a Hammer,Bringing in the Sheaves,Gospel,5:01
Zion Harmonizers,I'll Rise Again,Bringing in the Sheaves,Gospel,5:45
ZZ Top,Gimme All Your Lovin',Greatest Hits,Hard Rock,4:04
ZZ Top,Sharp Dressed Man,Greatest Hits,Hard Rock,4:18
ZZ Top,La Grange,Tres Hombres,Hard Rock,3:53
2CELLOS,Castle on the Hill,Dedicated (Extended Edition),Classical Crossover,4:30
2CELLOS,Despacito,Despacito - Single,Classical Crossover,2:26
2CELLOS,May It Be,Score,Classical Crossover,3:56
2CELLOS,"Now We Are Free (from ""The Gladiator"")",Score,Classical Crossover,6:03
2nd Chapter of Acts,Easter Song (feat. Phil Keaggy and a Band Called David),How the West Was One,CCM,3:34
3 Doors Down,When I'm Gone,Away from the Sun,Rock,4:20
4Him,Be Thou My Vision,Hymns: A Place Of Worship,Christian,4:21
The 5th Dimension,Aquarius/Let the Sunshine In,The Age of Aquarius (2000 Remaster),R&B/Soul,4:49
The 5th Dimension,Wedding Bell Blues,The Age of Aquarius (2000 Remaster),R&B/Soul,2:45
The 5th Dimension,Stoned Soul Picnic,The Fifth Dimension: Master Hits,R&B/Soul,3:27
The 5th Dimension,"Up, Up and Away (Remastered 1997)",The Ultimate 5th Dimension,Pop,2:37
The 5th Dimension,One Less Bell to Answer,The Ultimate 5th Dimension,Pop,3:28
4077th,Mash Theme (Single),Mash Theme (Single),Pop,0:54